-- phpMyAdmin SQL Dump
-- version 4.9.5
-- https://www.phpmyadmin.net/
--
-- Host: localhost:3307
-- Generation Time: Sep 21, 2024 at 06:36 PM
-- Server version: 5.7.24
-- PHP Version: 7.4.1

SET SQL_MODE = "NO_AUTO_VALUE_ON_ZERO";
SET AUTOCOMMIT = 0;
START TRANSACTION;
SET time_zone = "+00:00";


/*!40101 SET @OLD_CHARACTER_SET_CLIENT=@@CHARACTER_SET_CLIENT */;
/*!40101 SET @OLD_CHARACTER_SET_RESULTS=@@CHARACTER_SET_RESULTS */;
/*!40101 SET @OLD_COLLATION_CONNECTION=@@COLLATION_CONNECTION */;
/*!40101 SET NAMES utf8mb4 */;

--
-- Database: `dw_covid19_equipement`
--

-- --------------------------------------------------------

--
-- Table structure for table `dim_centre_hospitalier`
--

CREATE TABLE `dim_centre_hospitalier` (
  `id_centre_hospitalier` int(11) NOT NULL,
  `nom` varchar(255) DEFAULT NULL,
  `adresse` varchar(255) DEFAULT NULL,
  `capacite_d_accueil` int(11) DEFAULT NULL,
  `id_zone` int(11) DEFAULT NULL
) ENGINE=InnoDB DEFAULT CHARSET=utf8;

--
-- Dumping data for table `dim_centre_hospitalier`
--

INSERT INTO `dim_centre_hospitalier` (`id_centre_hospitalier`, `nom`, `adresse`, `capacite_d_accueil`, `id_zone`) VALUES
(1, 'Clinique Casahous (Dakar)', 'Médina', 121, 208),
(2, 'Centre Hospitalier Universitaire (CHU) de Fann (Dakar)', 'Saly', 218, 253),
(3, 'Clinique Pasteur (Dakar)', 'Rufisque Ouest', 141, 7),
(4, 'Hôpital Principal de Dakar', 'Grand Dakar', 238, 86),
(5, 'Centre Hospitalier Universitaire (CHU) de Fann (Dakar)', 'Saly', 201, 155),
(6, 'Clinique du Cap (Dakar)', 'Thiaroye', 64, 62),
(7, 'Centre Hospitalier Universitaire (CHU) de Fann (Dakar)', 'Pire Gourèye', 115, 246),
(8, 'Clinique Pasteur (Dakar)', 'Saly', 239, 29),
(9, 'Centre Hospitalier Universitaire (CHU) de Fann (Dakar)', 'Ndiassane', 77, 228),
(10, 'Clinique Madeleine (Dakar)', 'Plateau', 165, 218),
(11, 'Hôpital Principal de Dakar', 'Mékhé', 92, 237),
(12, 'Clinique du Cap (Dakar)', 'Ngaparou', 232, 128),
(13, 'Hôpital Régional de Ziguinchor (Ziguinchor)', 'Takhikao', 168, 195),
(14, 'Hôpital Régional de Saint-Louis (Saint-Louis)', 'Fass-Gueule Tapée-Colobane', 129, 138),
(15, 'Hôpital Régional de Saint-Louis (Saint-Louis)', 'Pire Gourèye', 211, 104),
(16, 'Clinique Casahous (Dakar)', 'Rufisque Est', 153, 154),
(17, 'Hôpital Régional de Tambacounda (Tambacounda)', 'Ngaparou', 162, 88),
(18, 'Clinique du Cap (Dakar)', 'Thiaroye', 157, 191),
(19, 'Centre Hospitalier Universitaire (CHU) de Fann (Dakar)', 'Sam Notaire', 64, 28),
(20, 'Clinique Raby (Dakar)', 'Takhikao', 100, 266),
(21, 'Hôpital Général de Grand Yoff (HOGGY) (Dakar)', 'Saly', 161, 70),
(22, 'Hôpital de Thiaroye (Dakar)', 'Golf Sud', 246, 103),
(23, 'Clinique du Cap (Dakar)', 'Fass-Gueule Tapée-Colobane', 178, 138),
(24, 'Hôpital Régional de Kaolack (Kaolack)', 'Mbour 4', 120, 167),
(25, 'Clinique du Cap (Dakar)', 'Rufisque Ouest', 88, 274),
(26, 'Hôpital Régional de Saint-Louis (Saint-Louis)', 'Rufisque Est', 93, 221),
(27, 'Clinique Raby (Dakar)', 'Médina', 207, 90),
(28, 'Clinique Madeleine (Dakar)', 'Mékhé', 97, 196),
(29, 'Hôpital Général de Grand Yoff (HOGGY) (Dakar)', 'Rufisque Nord', 124, 118),
(30, 'Clinique Raby (Dakar)', 'Saly', 190, 14),
(31, 'Hôpital Régional de Ziguinchor (Ziguinchor)', 'Ndiassane', 118, 283),
(32, 'Clinique du Cap (Dakar)', 'Golf Sud', 111, 48),
(33, 'Hôpital Régional de Saint-Louis (Saint-Louis)', 'Sam Notaire', 201, 28),
(34, 'Clinique Casahous (Dakar)', 'Ndiassane', 248, 145),
(35, 'Clinique du Pont de Gueule Tapee (Dakar)', 'Sam Notaire', 154, 164),
(36, 'Clinique du Pont de Gueule Tapee (Dakar)', 'Saly', 208, 14),
(37, 'Hôpital de Thiaroye (Dakar)', 'Ndiassane', 67, 39),
(38, 'Hôpital Général de Grand Yoff (HOGGY) (Dakar)', 'Rufisque Nord', 237, 24),
(39, 'Hôpital Général de Grand Yoff (HOGGY) (Dakar)', 'Mékhé', 189, 241),
(40, 'Hôpital Aristide Le Dantec (Dakar)', 'Mbour 4', 150, 263),
(41, 'Hôpital Régional de Tambacounda (Tambacounda)', 'Sam Notaire', 72, 28),
(42, 'Hôpital Régional de Tambacounda (Tambacounda)', 'Ngaparou', 146, 207),
(43, 'Hôpital Principal de Dakar', 'Rufisque Nord', 68, 47),
(44, 'Clinique Madeleine (Dakar)', 'Grand Thiès', 151, 13),
(45, 'Clinique Raby (Dakar)', 'Grand Dakar', 114, 136),
(46, 'Clinique Madeleine (Dakar)', 'Mékhé', 215, 196),
(47, 'Hôpital Régional de Kaolack (Kaolack)', 'Fass-Gueule Tapée-Colobane', 157, 147),
(48, 'Clinique Madeleine (Dakar)', 'Malicounda', 178, 280),
(49, 'Hôpital Régional de Saint-Louis (Saint-Louis)', 'Rufisque Nord', 207, 118),
(50, 'Hôpital Général de Grand Yoff (HOGGY) (Dakar)', 'Grand Thiès', 234, 158),
(51, 'Clinique du Cap (Dakar)', 'Rufisque Est', 87, 150),
(52, 'Hôpital Aristide Le Dantec (Dakar)', 'Thiaroye', 135, 183),
(53, 'Centre Hospitalier Universitaire (CHU) de Fann (Dakar)', 'Thiaroye', 131, 62),
(54, 'Hôpital Aristide Le Dantec (Dakar)', 'Grand Thiès', 69, 41),
(55, 'Hôpital Régional de Ziguinchor (Ziguinchor)', 'Takhikao', 111, 115),
(56, 'Hôpital Principal de Dakar', 'Plateau', 196, 46),
(57, 'Clinique Raby (Dakar)', 'Ndiarème Limamoulaye', 184, 197),
(58, 'Hôpital Régional de Ziguinchor (Ziguinchor)', 'Plateau', 176, 254),
(59, 'Hôpital Régional de Kaolack (Kaolack)', 'Ndiassane', 71, 126),
(60, 'Clinique du Pont de Gueule Tapee (Dakar)', 'Fass-Gueule Tapée-Colobane', 73, 147),
(61, 'Clinique du Pont de Gueule Tapee (Dakar)', 'Plateau', 150, 254),
(62, 'Clinique du Pont de Gueule Tapee (Dakar)', 'Malicounda', 145, 113),
(63, 'Clinique Raby (Dakar)', 'Rufisque Ouest', 97, 97),
(64, 'Clinique Raby (Dakar)', 'Rufisque Nord', 127, 47),
(65, 'Hôpital de Thiaroye (Dakar)', 'Ngaparou', 69, 88),
(66, 'Clinique Madeleine (Dakar)', 'Ndiarème Limamoulaye', 142, 106),
(67, 'Clinique Madeleine (Dakar)', 'Ndiassane', 101, 145),
(68, 'Hôpital Régional de Ziguinchor (Ziguinchor)', 'Grand Dakar', 213, 43),
(69, 'Centre Hospitalier Universitaire (CHU) de Fann (Dakar)', 'Thiaroye', 216, 200),
(70, 'Clinique Casahous (Dakar)', 'Yeumbeul', 219, 259),
(71, 'Hôpital Régional de Ziguinchor (Ziguinchor)', 'Ngaparou', 102, 207),
(72, 'Hôpital Principal de Dakar', 'Malicounda', 81, 189),
(73, 'Hôpital de Thiaroye (Dakar)', 'Sam Notaire', 172, 140),
(74, 'Centre Hospitalier Universitaire (CHU) de Fann (Dakar)', 'Rufisque Est', 165, 264),
(75, 'Hôpital Aristide Le Dantec (Dakar)', 'Sam Notaire', 76, 184),
(76, 'Hôpital Régional de Tambacounda (Tambacounda)', 'Guinaw Rails', 227, 1),
(77, 'Hôpital Régional de Tambacounda (Tambacounda)', 'Grand Dakar', 102, 157),
(78, 'Clinique Raby (Dakar)', 'Guinaw Rails', 152, 109),
(79, 'Hôpital Principal de Dakar', 'Thiaroye', 226, 62),
(80, 'Hôpital de Thiaroye (Dakar)', 'Saly', 97, 29),
(81, 'Centre Hospitalier Universitaire (CHU) de Fann (Dakar)', 'Rufisque Ouest', 103, 26),
(82, 'Hôpital Régional de Ziguinchor (Ziguinchor)', 'Mékhé', 230, 230),
(83, 'Clinique Madeleine (Dakar)', 'Keur Massar', 107, 67),
(84, 'Clinique Madeleine (Dakar)', 'Sam Notaire', 158, 296),
(85, 'Clinique Madeleine (Dakar)', 'Malicounda', 207, 113),
(86, 'Hôpital Régional de Kaolack (Kaolack)', 'Ndiassane', 159, 247),
(87, 'Hôpital Régional de Tambacounda (Tambacounda)', 'Ndiassane', 229, 145),
(88, 'Hôpital de Thiaroye (Dakar)', 'Mékhé', 219, 196),
(89, 'Centre Hospitalier Universitaire (CHU) de Fann (Dakar)', 'Mbour 4', 80, 263),
(90, 'Hôpital Régional de Saint-Louis (Saint-Louis)', 'Thiaroye', 105, 78),
(91, 'Hôpital Général de Grand Yoff (HOGGY) (Dakar)', 'Ndiassane', 217, 54),
(92, 'Clinique du Pont de Gueule Tapee (Dakar)', 'Fann-Point E-Amitié', 118, 295),
(93, 'Hôpital Régional de Tambacounda (Tambacounda)', 'Golf Sud', 154, 48),
(94, 'Hôpital Régional de Kaolack (Kaolack)', 'Médina', 241, 63),
(95, 'Hôpital de Thiaroye (Dakar)', 'Pire Gourèye', 204, 281),
(96, 'Hôpital Régional de Saint-Louis (Saint-Louis)', 'Golf Sud', 76, 131),
(97, 'Clinique Raby (Dakar)', 'Grand Dakar', 197, 166),
(98, 'Hôpital Régional de Tambacounda (Tambacounda)', 'Keur Massar', 86, 172),
(99, 'Clinique Raby (Dakar)', 'Golf Sud', 146, 68),
(100, 'Hôpital Régional de Saint-Louis (Saint-Louis)', 'Fass-Gueule Tapée-Colobane', 245, 294);

-- --------------------------------------------------------

--
-- Table structure for table `dim_materiel`
--

CREATE TABLE `dim_materiel` (
  `IdMateriel` int(11) NOT NULL,
  `dateAquisition` date DEFAULT NULL,
  `marque` varchar(100) DEFAULT NULL,
  `type` varchar(100) DEFAULT NULL,
  `garantie` date DEFAULT NULL,
  `etat_materiel` int(100) DEFAULT NULL,
  `id_centre_hospitalier` int(11) DEFAULT NULL
) ENGINE=InnoDB DEFAULT CHARSET=utf8;

--
-- Dumping data for table `dim_materiel`
--

INSERT INTO `dim_materiel` (`IdMateriel`, `dateAquisition`, `marque`, `type`, `garantie`, `etat_materiel`, `id_centre_hospitalier`) VALUES
(1, '1998-08-13', 'LG', 'Patient TV', '2014-11-20', 1, 43),
(2, '2004-01-08', 'SAMSUNG', 'Hospital bed', '2000-11-20', 1, 39),
(3, '2001-04-22', 'HP', 'Dialysis machine', '2004-08-13', 0, 6),
(4, '1996-11-24', 'HUAWEI', 'Infusion pump', '2013-12-19', 1, 45),
(5, '2003-05-27', 'ACER', 'Parenteral nutrition equipment', '2002-01-29', 0, 28),
(6, '2009-03-18', 'HP', 'Visitor chairs', '2007-10-30', 0, 81),
(7, '2006-07-24', 'HP', 'Patient TV', '2003-07-31', 0, 70),
(8, '1998-08-30', 'ACER', 'Centrifuge', '2014-02-22', 1, 23),
(9, '2006-02-07', 'LG', 'Personal protective equipment', '2020-03-07', 0, 42),
(10, '2007-09-17', 'LG', 'Wound care supplies', '2012-02-12', 1, 26),
(11, '1992-07-27', 'LG', 'IV infusion pump', '2001-12-30', 1, 31),
(12, '2018-01-29', 'SAMSUNG', 'Blood analyzer', '2006-04-06', 0, 34),
(13, '2014-07-23', 'HUAWEI', 'Surgical vacuum', '2018-08-10', 0, 88),
(14, '1993-07-25', 'SAMSUNG', 'Microscope', '2001-03-18', 0, 13),
(15, '2020-02-02', 'HUAWEI', 'Infectious waste containers', '2018-01-23', 1, 88),
(16, '1998-12-24', 'LG', 'Infusion pump', '2012-09-20', 1, 53),
(17, '2005-04-17', 'LG', 'Vital signs monitor', '2020-05-31', 1, 84),
(18, '2007-03-19', 'HUAWEI', 'Medical cart', '2007-05-17', 0, 93),
(19, '2014-05-06', 'LG', 'Parenteral nutrition equipment', '2014-07-07', 1, 9),
(20, '1992-04-24', 'LG', 'Infectious waste containers', '2014-09-07', 0, 73),
(21, '2010-03-31', 'HUAWEI', 'Blood analyzer', '2006-06-29', 1, 60),
(22, '2008-04-27', 'HP', 'Surveillance and security systems', '2003-08-20', 1, 42),
(23, '1993-10-18', 'LG', 'Personal protective equipment', '2007-09-14', 1, 50),
(24, '2004-03-28', 'ACER', 'CT scanner', '2016-06-09', 1, 63),
(25, '2003-01-08', 'HUAWEI', 'Infusion pump', '2001-05-10', 1, 1),
(26, '1999-03-12', 'ACER', 'X-ray machine', '2001-10-11', 1, 51),
(27, '2007-05-02', 'LG', 'Personal protective equipment', '2015-10-26', 0, 6),
(28, '2005-02-16', 'ACER', 'Parenteral nutrition equipment', '2000-11-03', 1, 10),
(29, '1993-04-22', 'LG', 'Ventilator', '2013-12-11', 0, 81),
(30, '1996-04-26', 'SAMSUNG', 'Centrifuge', '2011-01-12', 0, 13),
(31, '1993-06-28', 'LG', 'Vital signs monitor', '2017-11-29', 1, 97),
(32, '2017-07-07', 'SAMSUNG', 'Defibrillator', '2010-05-18', 0, 48),
(33, '2020-05-09', 'HP', 'X-ray machine', '2011-01-23', 1, 96),
(34, '2015-01-30', 'HP', 'Parenteral nutrition equipment', '2001-01-25', 0, 88),
(35, '2017-04-20', 'ACER', 'Hospital bed', '2013-07-18', 1, 39),
(36, '2002-09-07', 'HUAWEI', 'Surveillance and security systems', '2011-08-13', 1, 45),
(37, '2017-10-18', 'HP', 'Blood analyzer', '2018-08-23', 0, 64),
(38, '2003-07-09', 'HUAWEI', 'MRI scanner', '2014-11-25', 1, 52),
(39, '2000-12-28', 'LG', 'Wound care supplies', '2018-03-27', 1, 56),
(40, '2001-02-09', 'SAMSUNG', 'Ultrasound machine', '2012-05-09', 0, 24),
(41, '2002-06-13', 'HP', 'Surgical instruments', '2001-12-19', 1, 53),
(42, '2004-02-20', 'ACER', 'Surveillance and security systems', '2018-03-21', 1, 6),
(43, '2001-06-21', 'SAMSUNG', 'Microscope', '2019-05-12', 0, 71),
(44, '2001-10-20', 'HUAWEI', 'Patient TV', '2003-01-28', 0, 77),
(45, '1994-05-29', 'ACER', 'Operating table', '2013-11-15', 1, 24),
(46, '2018-10-21', 'ACER', 'Ventilator', '2015-11-09', 0, 52),
(47, '1990-08-22', 'ACER', 'Temperature management equipment', '2005-09-22', 1, 53),
(48, '1995-08-22', 'ACER', 'Ultrasound machine', '2016-06-09', 1, 93),
(49, '2012-10-24', 'HP', 'Medical cart', '2008-02-14', 0, 17),
(50, '2003-03-13', 'HUAWEI', 'Patient TV', '2014-04-01', 0, 32),
(51, '1991-03-14', 'SAMSUNG', 'Temperature management equipment', '2007-10-03', 0, 60),
(52, '2003-10-06', 'HUAWEI', 'Microscope', '2015-02-08', 1, 14),
(53, '2006-12-25', 'LG', 'Temperature management equipment', '2010-07-16', 1, 83),
(54, '2013-06-28', 'HP', 'Surgical light', '2009-09-08', 1, 26),
(55, '1991-01-03', 'HP', 'Hospital bed', '2017-12-31', 1, 44),
(56, '2016-03-16', 'LG', 'Personal protective equipment', '2009-10-05', 0, 69),
(57, '2007-10-08', 'SAMSUNG', 'Pain management device', '2008-04-19', 1, 53),
(58, '1995-04-26', 'HP', 'Microscope', '2016-12-25', 0, 12),
(59, '2016-03-17', 'LG', 'Microscope', '2018-09-29', 0, 81),
(60, '2010-02-12', 'HUAWEI', 'MRI scanner', '2015-08-17', 0, 82),
(61, '2018-06-17', 'ACER', 'Dialysis machine', '2016-03-01', 0, 9),
(62, '1995-01-10', 'HUAWEI', 'Operating table', '2015-11-01', 1, 26),
(63, '2016-10-25', 'HUAWEI', 'Parenteral nutrition equipment', '2008-05-14', 1, 95),
(64, '1991-11-22', 'LG', 'Vital signs monitor', '2001-08-03', 1, 94),
(65, '2008-05-13', 'HUAWEI', 'Surgical light', '2009-05-29', 1, 94),
(66, '2020-05-07', 'SAMSUNG', 'Medical cart', '2016-03-25', 0, 10),
(67, '2010-08-04', 'ACER', 'MRI scanner', '2004-03-14', 0, 97),
(68, '2007-02-24', 'ACER', 'Surgical light', '2005-01-12', 0, 61),
(69, '2011-11-08', 'LG', 'Defibrillator', '2001-07-02', 0, 62),
(70, '1997-02-10', 'SAMSUNG', 'Infusion pump', '2004-02-14', 0, 86),
(71, '2002-11-10', 'SAMSUNG', 'Centrifuge', '2002-03-05', 1, 20),
(72, '2005-06-25', 'SAMSUNG', 'Dialysis machine', '2017-04-20', 1, 20),
(73, '1992-07-19', 'LG', 'Defibrillator', '2010-07-19', 1, 61),
(74, '2010-07-15', 'ACER', 'Patient TV', '2001-10-30', 1, 21),
(75, '2002-08-21', 'ACER', 'Visitor chairs', '2017-04-15', 1, 53),
(76, '2010-06-23', 'SAMSUNG', 'Surgical instruments', '2016-05-14', 1, 92),
(77, '1999-08-02', 'ACER', 'MRI scanner', '2004-02-09', 1, 10),
(78, '1992-08-28', 'HUAWEI', 'Diagnostic testing equipment', '2016-03-13', 0, 60),
(79, '1992-10-23', 'HP', 'Hospital bed', '2008-05-05', 1, 94),
(80, '2018-07-23', 'LG', 'Hospital bed', '2016-11-04', 1, 19),
(81, '2003-09-07', 'SAMSUNG', 'Hospital bed', '2017-06-24', 1, 26),
(82, '2014-01-06', 'HUAWEI', 'Diagnostic testing equipment', '2018-03-21', 0, 95),
(83, '1991-11-20', 'HUAWEI', 'Defibrillator', '2016-04-15', 0, 94),
(84, '1991-03-19', 'SAMSUNG', 'Biomedical waste disposal systems', '2002-02-07', 1, 93),
(85, '2001-07-15', 'LG', 'Microscope', '2007-10-29', 1, 63),
(86, '1994-01-16', 'ACER', 'Infusion pump', '2009-10-17', 1, 90),
(87, '1999-05-01', 'LG', 'Ultrasound machine', '2001-03-07', 0, 52),
(88, '2009-08-28', 'ACER', 'Surveillance and security systems', '2020-06-05', 1, 74),
(89, '2011-08-03', 'HUAWEI', 'Defibrillator', '2007-09-08', 0, 16),
(90, '2002-03-28', 'ACER', 'MRI scanner', '2017-03-31', 1, 84),
(91, '1997-12-11', 'LG', 'Patient TV', '2011-06-22', 1, 96),
(92, '2014-12-19', 'HP', 'Infectious waste containers', '2018-08-31', 1, 88),
(93, '1993-10-25', 'HP', 'Infectious waste containers', '2009-06-13', 1, 46),
(94, '2017-05-20', 'ACER', 'Ultrasound machine', '2001-12-07', 1, 3),
(95, '2020-03-08', 'HP', 'Dialysis machine', '2014-12-22', 0, 66),
(96, '1993-03-23', 'SAMSUNG', 'Pain management device', '2018-10-10', 1, 81),
(97, '2018-03-29', 'ACER', 'Personal protective equipment', '2004-03-18', 1, 39),
(98, '2006-11-19', 'ACER', 'Surveillance and security systems', '2017-10-17', 0, 59),
(99, '2003-05-10', 'HUAWEI', 'Surgical light', '2014-11-08', 0, 55),
(100, '2011-11-03', 'LG', 'Pain management device', '2003-05-03', 1, 27),
(101, '1995-04-14', 'HUAWEI', 'Dialysis machine', '2018-09-18', 0, 95),
(102, '2012-07-29', 'LG', 'Medical cart', '2005-01-19', 0, 62),
(103, '1995-01-10', 'ACER', 'Medical cart', '2015-04-15', 0, 97),
(104, '1996-11-08', 'ACER', 'MRI scanner', '2007-10-02', 1, 49),
(105, '2007-01-25', 'ACER', 'Diagnostic testing equipment', '2005-10-08', 0, 21),
(106, '1991-05-30', 'HP', 'Visitor chairs', '2002-12-02', 1, 73),
(107, '1991-07-23', 'SAMSUNG', 'Wound care supplies', '2001-08-18', 0, 71),
(108, '2017-12-06', 'ACER', 'Microscope', '2016-07-02', 1, 97),
(109, '1998-04-07', 'LG', 'Surgical light', '2011-03-23', 0, 4),
(110, '2002-03-25', 'HP', 'Diagnostic testing equipment', '2009-09-13', 0, 54),
(111, '1993-06-08', 'LG', 'Surgical vacuum', '2004-06-26', 0, 86),
(112, '1996-04-02', 'HP', 'Diagnostic testing equipment', '2003-06-23', 0, 100),
(113, '1999-08-21', 'HUAWEI', 'Incubator', '2001-07-17', 1, 9),
(114, '2007-12-10', 'ACER', 'Ventilator', '2007-05-03', 0, 28),
(115, '1996-04-28', 'LG', 'Blood analyzer', '2016-02-10', 0, 5),
(116, '2014-08-02', 'SAMSUNG', 'Dialysis machine', '2006-07-26', 1, 84),
(117, '1991-11-19', 'LG', 'Centrifuge', '2006-07-22', 0, 90),
(118, '2003-07-02', 'LG', 'Medical cart', '2008-09-18', 1, 74),
(119, '2015-05-31', 'LG', 'IV infusion pump', '2001-09-01', 1, 54),
(120, '1993-02-10', 'ACER', 'Medical cart', '2002-07-26', 0, 79),
(121, '2016-12-17', 'ACER', 'Surgical instruments', '2007-08-16', 1, 52),
(122, '2011-03-31', 'HUAWEI', 'Surgical instruments', '2003-08-04', 0, 72),
(123, '1991-04-24', 'SAMSUNG', 'Centrifuge', '2013-10-04', 1, 92),
(124, '2010-10-17', 'LG', 'Blood analyzer', '2010-12-10', 0, 39),
(125, '1992-08-22', 'ACER', 'Biomedical waste disposal systems', '2008-08-17', 0, 19),
(126, '2001-05-22', 'HUAWEI', 'Patient TV', '2014-01-26', 1, 98),
(127, '2000-12-06', 'LG', 'Diagnostic testing equipment', '2009-06-10', 0, 24),
(128, '2005-01-31', 'LG', 'Wound care supplies', '2020-03-15', 1, 51),
(129, '1990-11-25', 'LG', 'Vital signs monitor', '2002-09-05', 1, 13),
(130, '2007-05-11', 'HUAWEI', 'Visitor chairs', '2002-03-02', 0, 19),
(131, '2001-06-10', 'LG', 'MRI scanner', '2006-12-12', 0, 8),
(132, '2006-03-18', 'HUAWEI', 'Biomedical waste disposal systems', '2014-09-17', 0, 52),
(133, '2006-11-16', 'HP', 'Defibrillator', '2009-08-18', 1, 56),
(134, '2012-12-17', 'LG', 'Blood analyzer', '2011-02-24', 1, 2),
(135, '2005-08-29', 'LG', 'Blood analyzer', '2009-05-27', 1, 8),
(136, '2001-10-18', 'ACER', 'CT scanner', '2002-07-18', 0, 83),
(137, '1993-06-20', 'LG', 'CT scanner', '2018-10-13', 0, 46),
(138, '2007-01-02', 'HUAWEI', 'Centrifuge', '2015-09-17', 1, 87),
(139, '2002-06-08', 'HUAWEI', 'Diagnostic testing equipment', '2019-06-10', 0, 10),
(140, '1996-04-25', 'SAMSUNG', 'Biomedical waste disposal systems', '2018-09-14', 0, 68),
(141, '2016-12-02', 'LG', 'Personal protective equipment', '2002-11-20', 1, 58),
(142, '2019-03-28', 'HP', 'Diagnostic testing equipment', '2015-09-21', 0, 65),
(143, '1999-02-06', 'SAMSUNG', 'Incubator', '2004-12-05', 1, 50),
(144, '2010-05-25', 'SAMSUNG', 'Hospital bed', '2000-10-16', 0, 79),
(145, '1995-12-06', 'SAMSUNG', 'MRI scanner', '2013-12-10', 1, 36),
(146, '2019-08-29', 'SAMSUNG', 'Defibrillator', '2003-04-29', 1, 46),
(147, '2016-03-19', 'SAMSUNG', 'Defibrillator', '2005-03-28', 0, 1),
(148, '2020-07-05', 'HP', 'Parenteral nutrition equipment', '2009-09-05', 1, 14),
(149, '2014-07-13', 'SAMSUNG', 'Pain management device', '2004-08-19', 0, 2),
(150, '2006-02-04', 'HUAWEI', 'MRI scanner', '2010-05-22', 1, 34),
(151, '2011-08-20', 'SAMSUNG', 'Parenteral nutrition equipment', '2007-08-17', 1, 51),
(152, '1994-07-20', 'HP', 'Surgical light', '2000-10-04', 0, 9),
(153, '2006-04-10', 'ACER', 'Wound care supplies', '2020-06-19', 0, 22),
(154, '1999-04-26', 'HUAWEI', 'Incubator', '2001-02-14', 1, 33),
(155, '2014-11-26', 'ACER', 'Biomedical waste disposal systems', '2015-12-21', 1, 45),
(156, '2011-11-15', 'SAMSUNG', 'Personal protective equipment', '2017-05-16', 0, 30),
(157, '2001-07-05', 'ACER', 'Blood analyzer', '2006-08-27', 0, 30),
(158, '2008-07-06', 'HP', 'CT scanner', '2013-08-14', 0, 81),
(159, '2004-07-18', 'ACER', 'Blood analyzer', '2012-09-16', 1, 56),
(160, '1991-11-28', 'ACER', 'Personal protective equipment', '2007-09-17', 0, 6),
(161, '1991-01-04', 'SAMSUNG', 'Personal protective equipment', '2011-08-03', 1, 47),
(162, '2017-11-03', 'HP', 'MRI scanner', '2002-12-21', 0, 55),
(163, '2010-11-12', 'LG', 'IV infusion pump', '2018-07-10', 1, 3),
(164, '1994-03-09', 'HP', 'Biomedical waste disposal systems', '2007-09-29', 1, 25),
(165, '2013-08-11', 'HP', 'Incubator', '2002-10-07', 0, 68),
(166, '1994-01-25', 'ACER', 'Operating table', '2004-02-03', 1, 79),
(167, '2005-05-13', 'ACER', 'Surgical light', '2003-12-25', 0, 80),
(168, '2006-07-03', 'LG', 'Blood analyzer', '2008-05-28', 0, 31),
(169, '2011-10-04', 'HP', 'Medical cart', '2006-07-29', 0, 67),
(170, '2015-06-19', 'HUAWEI', 'Incubator', '2015-04-28', 1, 10),
(171, '1994-07-21', 'HUAWEI', 'Vital signs monitor', '2008-08-17', 1, 60),
(172, '2005-06-11', 'ACER', 'Pain management device', '2012-10-08', 1, 28),
(173, '1999-03-31', 'LG', 'Blood analyzer', '2000-08-05', 1, 24),
(174, '2007-08-06', 'ACER', 'X-ray machine', '2008-07-30', 1, 33),
(175, '1996-07-07', 'SAMSUNG', 'Operating table', '2003-05-18', 1, 42),
(176, '2000-11-17', 'SAMSUNG', 'Surveillance and security systems', '2014-05-11', 1, 33),
(177, '2012-06-25', 'ACER', 'X-ray machine', '2020-04-17', 1, 92),
(178, '1996-10-11', 'HUAWEI', 'Hospital bed', '2019-12-02', 0, 41),
(179, '2018-03-06', 'HUAWEI', 'Hospital bed', '2001-10-13', 0, 28),
(180, '1994-11-27', 'HUAWEI', 'Patient TV', '2014-06-07', 1, 72),
(181, '1994-01-24', 'SAMSUNG', 'Ultrasound machine', '2007-02-12', 1, 19),
(182, '2005-05-08', 'HUAWEI', 'MRI scanner', '2004-06-03', 1, 76),
(183, '2000-01-17', 'SAMSUNG', 'Surgical light', '2011-02-16', 0, 6),
(184, '2014-08-29', 'ACER', 'Personal protective equipment', '2008-05-14', 0, 85),
(185, '2013-12-17', 'HUAWEI', 'Wound care supplies', '2000-11-23', 0, 77),
(186, '2004-08-03', 'HUAWEI', 'Medical cart', '2012-08-24', 0, 74),
(187, '2003-11-06', 'HP', 'Operating table', '2012-08-14', 0, 15),
(188, '1995-07-05', 'HP', 'Surgical instruments', '2010-05-29', 0, 100),
(189, '2014-10-20', 'SAMSUNG', 'Personal protective equipment', '2015-10-20', 1, 48),
(190, '2016-04-18', 'HUAWEI', 'Vital signs monitor', '2013-09-28', 0, 38),
(191, '1992-05-20', 'LG', 'Biomedical waste disposal systems', '2004-02-06', 1, 2),
(192, '2016-03-19', 'LG', 'Blood analyzer', '2011-12-22', 1, 84),
(193, '2006-10-22', 'LG', 'Surgical vacuum', '2013-08-04', 0, 32),
(194, '1998-07-06', 'SAMSUNG', 'Hospital bed', '2004-10-22', 1, 67),
(195, '2018-11-15', 'LG', 'X-ray machine', '2007-09-22', 0, 47),
(196, '1991-04-20', 'LG', 'Centrifuge', '2007-09-12', 1, 49),
(197, '1998-02-25', 'SAMSUNG', 'MRI scanner', '2012-03-08', 1, 33),
(198, '2002-10-18', 'SAMSUNG', 'Pain management device', '2008-12-13', 1, 77),
(199, '1992-02-29', 'SAMSUNG', 'Ventilator', '2014-02-21', 0, 87),
(200, '1993-09-25', 'SAMSUNG', 'Diagnostic testing equipment', '2013-10-18', 0, 33),
(201, '2011-05-05', 'SAMSUNG', 'Ultrasound machine', '2012-05-22', 0, 78),
(202, '2019-11-13', 'ACER', 'X-ray machine', '2019-12-24', 0, 74),
(203, '1996-06-01', 'ACER', 'MRI scanner', '2016-10-12', 1, 93),
(204, '1995-11-05', 'HP', 'MRI scanner', '2015-04-10', 1, 57),
(205, '2009-09-05', 'HUAWEI', 'Vital signs monitor', '2012-04-06', 1, 11),
(206, '2018-10-26', 'SAMSUNG', 'Parenteral nutrition equipment', '2004-12-17', 0, 13),
(207, '2019-05-26', 'HUAWEI', 'Pain management device', '2002-11-19', 1, 48),
(208, '1996-09-14', 'SAMSUNG', 'Hospital bed', '2016-01-08', 0, 57),
(209, '2008-08-27', 'HP', 'Patient TV', '2001-09-15', 1, 86),
(210, '1993-10-10', 'LG', 'Centrifuge', '2017-02-23', 1, 18),
(211, '1996-06-13', 'HUAWEI', 'Parenteral nutrition equipment', '2016-09-15', 1, 73),
(212, '2018-07-04', 'LG', 'Ventilator', '2016-10-07', 0, 8),
(213, '2014-05-18', 'HUAWEI', 'CT scanner', '2015-05-23', 1, 47),
(214, '1992-01-30', 'HP', 'Pain management device', '2008-06-19', 1, 83),
(215, '1993-04-22', 'HP', 'Temperature management equipment', '2009-02-26', 0, 53),
(216, '1999-01-25', 'LG', 'MRI scanner', '2007-07-12', 1, 31),
(217, '1998-05-13', 'ACER', 'Operating table', '2018-03-14', 1, 6),
(218, '2005-06-05', 'HUAWEI', 'Surveillance and security systems', '2008-01-08', 1, 59),
(219, '2013-03-16', 'LG', 'Personal protective equipment', '2003-02-06', 0, 12),
(220, '2012-03-13', 'ACER', 'Centrifuge', '2011-05-20', 0, 49),
(221, '1997-05-09', 'HUAWEI', 'Surgical light', '2012-09-03', 1, 56),
(222, '1996-06-15', 'HP', 'Medical cart', '2016-07-01', 0, 55),
(223, '2004-05-12', 'HUAWEI', 'Diagnostic testing equipment', '2019-08-08', 0, 3),
(224, '2017-03-08', 'LG', 'Diagnostic testing equipment', '2018-05-29', 1, 38),
(225, '1997-06-04', 'ACER', 'Vital signs monitor', '2018-08-08', 0, 14),
(226, '1999-03-27', 'HP', 'Dialysis machine', '2016-12-31', 1, 72),
(227, '1997-11-14', 'SAMSUNG', 'Infusion pump', '2016-12-30', 1, 48),
(228, '1992-11-25', 'LG', 'Ultrasound machine', '2014-03-29', 0, 82),
(229, '1998-01-16', 'HUAWEI', 'Vital signs monitor', '2016-07-24', 0, 81),
(230, '2003-04-16', 'ACER', 'Defibrillator', '2010-12-29', 1, 87),
(231, '2003-06-18', 'LG', 'Diagnostic testing equipment', '2007-04-04', 1, 97),
(232, '1998-12-18', 'HP', 'Surveillance and security systems', '2009-09-08', 0, 50),
(233, '2018-09-25', 'HUAWEI', 'Microscope', '2007-01-02', 1, 80),
(234, '2018-05-26', 'LG', 'Visitor chairs', '2019-09-27', 1, 16),
(235, '2000-04-23', 'LG', 'Incubator', '2019-02-24', 1, 52),
(236, '2000-05-17', 'SAMSUNG', 'Infusion pump', '2016-09-30', 0, 47),
(237, '2004-03-17', 'ACER', 'Surgical vacuum', '2007-10-10', 0, 54),
(238, '2016-02-23', 'HUAWEI', 'Biomedical waste disposal systems', '2017-06-23', 1, 35),
(239, '2000-06-25', 'HP', 'Surgical vacuum', '2010-12-24', 0, 50),
(240, '2015-01-19', 'ACER', 'Surgical light', '2020-05-25', 1, 76),
(241, '2012-02-05', 'ACER', 'Biomedical waste disposal systems', '2015-05-31', 1, 45),
(242, '2013-02-04', 'HP', 'Surgical instruments', '2010-03-20', 0, 44),
(243, '2004-08-26', 'ACER', 'Parenteral nutrition equipment', '2005-06-30', 1, 10),
(244, '1990-09-27', 'SAMSUNG', 'Incubator', '2005-02-09', 0, 54),
(245, '2019-12-28', 'LG', 'Surgical light', '2013-01-05', 0, 58),
(246, '1993-08-15', 'ACER', 'Visitor chairs', '2002-11-24', 0, 23),
(247, '1995-03-11', 'HUAWEI', 'Infectious waste containers', '2007-05-21', 0, 87),
(248, '2008-04-13', 'ACER', 'X-ray machine', '2013-06-18', 1, 24),
(249, '2016-08-26', 'SAMSUNG', 'Surgical instruments', '2011-02-24', 0, 31),
(250, '2003-09-09', 'HP', 'Infectious waste containers', '2012-03-15', 0, 43),
(251, '2014-11-03', 'HUAWEI', 'Temperature management equipment', '2016-06-15', 1, 37),
(252, '1992-08-24', 'SAMSUNG', 'Microscope', '2007-12-08', 0, 32),
(253, '2002-08-15', 'HP', 'Hospital bed', '2001-08-18', 1, 59),
(254, '2010-08-14', 'HP', 'Parenteral nutrition equipment', '2001-06-29', 1, 77),
(255, '2016-01-29', 'LG', 'Infusion pump', '2019-05-10', 1, 52),
(256, '2012-10-09', 'HP', 'MRI scanner', '2018-12-14', 1, 26),
(257, '2016-09-20', 'HUAWEI', 'Medical cart', '2002-07-13', 0, 92),
(258, '2008-12-27', 'HP', 'Infusion pump', '2010-02-22', 0, 33),
(259, '1991-08-10', 'HUAWEI', 'Wound care supplies', '2002-10-20', 1, 75),
(260, '1991-11-05', 'HUAWEI', 'Medical cart', '2002-03-12', 1, 11),
(261, '2000-03-04', 'SAMSUNG', 'Incubator', '2004-12-13', 1, 81),
(262, '2004-02-22', 'HUAWEI', 'Pain management device', '2005-02-25', 0, 60),
(263, '1992-03-07', 'HP', 'Patient TV', '2013-03-28', 0, 24),
(264, '2000-05-14', 'ACER', 'Centrifuge', '2013-02-26', 0, 29),
(265, '2000-10-01', 'HP', 'Vital signs monitor', '2003-05-27', 1, 89),
(266, '1995-08-20', 'HP', 'Surgical light', '2020-05-25', 1, 17),
(267, '2012-12-23', 'LG', 'Visitor chairs', '2007-07-09', 0, 23),
(268, '2008-10-23', 'HP', 'Defibrillator', '2006-11-22', 1, 91),
(269, '2000-11-04', 'ACER', 'Wound care supplies', '2011-11-02', 1, 39),
(270, '2012-02-23', 'LG', 'Infectious waste containers', '2016-09-10', 0, 2),
(271, '2002-08-03', 'SAMSUNG', 'Vital signs monitor', '2000-08-20', 0, 48),
(272, '2006-05-31', 'HUAWEI', 'Ultrasound machine', '2000-10-27', 1, 10),
(273, '2019-07-23', 'ACER', 'Ultrasound machine', '2017-01-23', 1, 60),
(274, '2005-01-03', 'HUAWEI', 'Ventilator', '2005-10-31', 1, 73),
(275, '1991-08-02', 'LG', 'Visitor chairs', '2003-04-19', 1, 66),
(276, '2005-11-20', 'LG', 'Biomedical waste disposal systems', '2001-01-03', 1, 83),
(277, '2015-01-12', 'HP', 'CT scanner', '2007-02-11', 0, 16),
(278, '2012-08-26', 'HP', 'Infectious waste containers', '2004-05-20', 1, 94),
(279, '1994-12-15', 'SAMSUNG', 'CT scanner', '2015-11-29', 0, 37),
(280, '2000-06-22', 'SAMSUNG', 'Surgical instruments', '2020-06-08', 1, 81),
(281, '2015-07-14', 'ACER', 'Diagnostic testing equipment', '2015-11-07', 1, 27),
(282, '2011-08-23', 'SAMSUNG', 'Surgical vacuum', '2002-10-30', 0, 14),
(283, '2006-01-17', 'LG', 'Ventilator', '2019-12-22', 0, 20),
(284, '2004-12-06', 'HUAWEI', 'X-ray machine', '2003-03-13', 1, 84),
(285, '2004-11-23', 'LG', 'Incubator', '2001-08-11', 0, 72),
(286, '1998-07-01', 'LG', 'Medical cart', '2001-11-15', 1, 57),
(287, '2018-10-27', 'LG', 'Surgical light', '2017-09-13', 0, 89),
(288, '1996-03-31', 'HUAWEI', 'Incubator', '2011-02-17', 1, 74),
(289, '1991-12-28', 'HP', 'Temperature management equipment', '2014-12-09', 0, 91),
(290, '2007-01-23', 'HUAWEI', 'Surgical vacuum', '2019-08-17', 0, 51),
(291, '2020-05-09', 'HP', 'Centrifuge', '2001-09-04', 1, 71),
(292, '2004-07-14', 'LG', 'Surgical light', '2008-01-17', 1, 80),
(293, '1991-03-25', 'ACER', 'CT scanner', '2012-09-20', 0, 79),
(294, '2006-06-22', 'HUAWEI', 'Wound care supplies', '2015-03-13', 0, 39),
(295, '1995-07-11', 'LG', 'X-ray machine', '2000-09-12', 1, 30),
(296, '2010-05-11', 'ACER', 'Surveillance and security systems', '2008-07-03', 1, 11),
(297, '1991-09-21', 'SAMSUNG', 'Ultrasound machine', '2018-09-17', 1, 44),
(298, '2012-01-30', 'HUAWEI', 'Temperature management equipment', '2017-05-22', 0, 96),
(299, '2009-09-24', 'SAMSUNG', 'Operating table', '2009-03-02', 1, 68),
(300, '2011-06-12', 'HP', 'Microscope', '2019-02-03', 0, 32),
(301, '2001-08-20', 'HUAWEI', 'CT scanner', '2017-09-04', 0, 6),
(302, '2013-05-12', 'SAMSUNG', 'Centrifuge', '2010-06-11', 1, 18),
(303, '2000-03-02', 'LG', 'Surveillance and security systems', '2016-08-06', 1, 89),
(304, '2013-12-31', 'HP', 'Defibrillator', '2005-01-20', 0, 40),
(305, '2017-03-26', 'HUAWEI', 'Defibrillator', '2005-01-23', 0, 56),
(306, '2005-05-25', 'SAMSUNG', 'Personal protective equipment', '2015-08-09', 0, 16),
(307, '2018-03-18', 'HP', 'CT scanner', '2008-01-10', 0, 6),
(308, '2009-07-22', 'SAMSUNG', 'Parenteral nutrition equipment', '2009-11-04', 0, 79),
(309, '2019-06-03', 'SAMSUNG', 'Vital signs monitor', '2008-06-04', 0, 45),
(310, '2018-09-29', 'LG', 'Wound care supplies', '2008-03-11', 1, 69),
(311, '2001-02-06', 'ACER', 'Vital signs monitor', '2007-01-18', 1, 80),
(312, '2013-11-17', 'ACER', 'Patient TV', '2007-04-16', 1, 99),
(313, '2014-11-19', 'SAMSUNG', 'Ultrasound machine', '2014-05-06', 1, 28),
(314, '2001-06-12', 'SAMSUNG', 'Temperature management equipment', '2008-10-06', 0, 66),
(315, '2019-10-04', 'HUAWEI', 'Patient TV', '2016-10-09', 1, 100),
(316, '1995-05-03', 'SAMSUNG', 'Patient TV', '2015-09-06', 1, 40),
(317, '2007-03-16', 'ACER', 'X-ray machine', '2004-09-05', 0, 68),
(318, '2015-06-21', 'ACER', 'Infusion pump', '2009-05-09', 0, 92),
(319, '2005-03-02', 'SAMSUNG', 'Operating table', '2004-02-29', 0, 59),
(320, '1996-01-01', 'HUAWEI', 'Visitor chairs', '2019-04-03', 0, 65),
(321, '2004-05-11', 'HP', 'Vital signs monitor', '2010-05-24', 1, 42),
(322, '2019-11-12', 'LG', 'Ultrasound machine', '2013-10-11', 0, 50),
(323, '2009-09-01', 'ACER', 'Microscope', '2002-09-22', 0, 50),
(324, '1996-05-18', 'HUAWEI', 'IV infusion pump', '2005-09-10', 0, 32),
(325, '2001-04-16', 'HP', 'Personal protective equipment', '2020-01-30', 1, 37),
(326, '1995-01-03', 'HUAWEI', 'IV infusion pump', '2015-02-09', 0, 80),
(327, '2007-08-02', 'LG', 'Diagnostic testing equipment', '2009-05-30', 1, 87),
(328, '2010-11-23', 'LG', 'Visitor chairs', '2005-11-16', 1, 25),
(329, '2011-08-19', 'ACER', 'Visitor chairs', '2010-05-31', 0, 32),
(330, '2006-01-21', 'HUAWEI', 'Incubator', '2014-11-01', 0, 7),
(331, '2000-11-06', 'HUAWEI', 'X-ray machine', '2018-09-06', 0, 46),
(332, '2013-04-18', 'HUAWEI', 'Surveillance and security systems', '2003-05-29', 1, 7),
(333, '2005-05-20', 'ACER', 'Patient TV', '2011-01-18', 1, 73),
(334, '1999-09-06', 'ACER', 'Infectious waste containers', '2013-12-17', 0, 73),
(335, '2017-01-25', 'SAMSUNG', 'Dialysis machine', '2003-02-03', 0, 52),
(336, '2000-05-22', 'HP', 'Wound care supplies', '2013-01-27', 0, 95),
(337, '2015-02-07', 'ACER', 'Surgical instruments', '2015-02-02', 1, 32),
(338, '2009-10-19', 'HUAWEI', 'Operating table', '2012-05-30', 1, 88),
(339, '2008-01-16', 'HUAWEI', 'Pain management device', '2010-04-16', 1, 11),
(340, '2008-09-12', 'ACER', 'Surgical instruments', '2011-03-22', 0, 29),
(341, '2019-10-26', 'SAMSUNG', 'Centrifuge', '2000-09-19', 0, 63),
(342, '1992-08-05', 'HUAWEI', 'Parenteral nutrition equipment', '2016-10-22', 0, 79),
(343, '2000-09-08', 'LG', 'Ventilator', '2016-12-20', 0, 59),
(344, '2009-03-21', 'ACER', 'Ultrasound machine', '2017-05-29', 1, 13),
(345, '2017-04-25', 'HP', 'CT scanner', '2020-05-30', 1, 50),
(346, '2014-12-01', 'SAMSUNG', 'Hospital bed', '2020-07-02', 1, 73),
(347, '1996-11-26', 'HP', 'Defibrillator', '2016-09-09', 0, 54),
(348, '2011-08-29', 'HP', 'Dialysis machine', '2006-05-04', 1, 91),
(349, '2000-10-14', 'ACER', 'Patient TV', '2012-08-16', 1, 45),
(350, '2012-03-24', 'ACER', 'Visitor chairs', '2001-01-12', 0, 23),
(351, '2011-08-09', 'SAMSUNG', 'Infusion pump', '2006-09-27', 0, 70),
(352, '2002-02-20', 'ACER', 'MRI scanner', '2014-12-04', 1, 1),
(353, '2019-07-22', 'LG', 'Hospital bed', '2004-08-18', 0, 29),
(354, '2015-08-16', 'LG', 'Diagnostic testing equipment', '2016-04-25', 1, 54),
(355, '1998-04-14', 'LG', 'Infectious waste containers', '2011-12-18', 1, 15),
(356, '1995-10-10', 'ACER', 'Blood analyzer', '2007-05-29', 1, 95),
(357, '1992-01-10', 'LG', 'Blood analyzer', '2018-11-05', 1, 97),
(358, '1992-12-30', 'HP', 'Biomedical waste disposal systems', '2013-10-10', 0, 68),
(359, '2017-10-12', 'SAMSUNG', 'Defibrillator', '2015-08-17', 1, 79),
(360, '1996-09-09', 'LG', 'Surgical instruments', '2015-05-24', 0, 95),
(361, '1999-01-26', 'ACER', 'Temperature management equipment', '2005-03-17', 0, 43),
(362, '2008-04-17', 'ACER', 'Microscope', '2019-02-06', 1, 79),
(363, '1998-06-30', 'HP', 'Hospital bed', '2019-02-25', 0, 37),
(364, '2014-01-24', 'LG', 'Surgical vacuum', '2005-08-18', 0, 21),
(365, '1997-07-10', 'LG', 'Parenteral nutrition equipment', '2003-06-13', 0, 47),
(366, '2014-04-23', 'SAMSUNG', 'Ventilator', '2018-06-13', 0, 15),
(367, '2011-04-30', 'HUAWEI', 'Defibrillator', '2009-05-27', 0, 96),
(368, '2017-10-03', 'ACER', 'X-ray machine', '2006-05-31', 0, 66),
(369, '2008-11-15', 'SAMSUNG', 'Incubator', '2008-10-30', 0, 12),
(370, '2003-02-02', 'HP', 'Defibrillator', '2009-11-27', 1, 61),
(371, '1996-12-10', 'LG', 'Surgical vacuum', '2011-08-27', 1, 74),
(372, '2009-11-20', 'ACER', 'Pain management device', '2005-09-17', 0, 52),
(373, '2004-04-19', 'HP', 'Surveillance and security systems', '2001-04-20', 0, 15),
(374, '1995-04-18', 'ACER', 'Defibrillator', '2018-07-29', 0, 50),
(375, '2007-04-16', 'SAMSUNG', 'Blood analyzer', '2002-10-14', 1, 31),
(376, '1994-06-05', 'HP', 'CT scanner', '2004-11-01', 1, 50),
(377, '2000-07-12', 'HUAWEI', 'Surveillance and security systems', '2020-01-05', 0, 18),
(378, '2000-12-10', 'ACER', 'IV infusion pump', '2008-10-10', 1, 97),
(379, '2012-07-27', 'ACER', 'Vital signs monitor', '2020-03-21', 1, 58),
(380, '2020-07-06', 'LG', 'Diagnostic testing equipment', '2001-11-03', 0, 81),
(381, '2013-12-06', 'ACER', 'Patient TV', '2016-02-06', 0, 63),
(382, '1994-03-02', 'SAMSUNG', 'Surgical light', '2003-12-03', 0, 65),
(383, '2012-09-17', 'LG', 'Temperature management equipment', '2007-10-30', 1, 91),
(384, '2019-01-19', 'ACER', 'Blood analyzer', '2004-07-01', 0, 20),
(385, '2003-05-21', 'LG', 'Surgical light', '2010-01-25', 0, 67),
(386, '2019-10-09', 'SAMSUNG', 'Centrifuge', '2009-09-14', 0, 30),
(387, '2005-11-26', 'ACER', 'Blood analyzer', '2007-05-30', 0, 6),
(388, '2002-11-17', 'HUAWEI', 'Infectious waste containers', '2014-04-29', 1, 76),
(389, '2008-02-19', 'HUAWEI', 'Infusion pump', '2011-12-11', 0, 81),
(390, '2002-01-10', 'HP', 'CT scanner', '2010-05-15', 0, 28),
(391, '1995-04-30', 'SAMSUNG', 'Patient TV', '2007-01-30', 0, 57),
(392, '2010-03-06', 'HUAWEI', 'Infusion pump', '2007-03-09', 0, 63),
(393, '2018-12-22', 'LG', 'X-ray machine', '2005-08-06', 1, 71),
(394, '2009-02-27', 'SAMSUNG', 'Biomedical waste disposal systems', '2016-11-22', 1, 95),
(395, '2007-02-18', 'SAMSUNG', 'Blood analyzer', '2005-01-07', 1, 89),
(396, '2016-08-23', 'HP', 'Visitor chairs', '2012-03-08', 0, 44),
(397, '1990-10-30', 'ACER', 'Defibrillator', '2018-01-27', 0, 31),
(398, '2016-07-29', 'LG', 'Diagnostic testing equipment', '2015-09-25', 0, 67),
(399, '1992-07-23', 'ACER', 'Visitor chairs', '2016-11-13', 0, 26),
(400, '2003-07-17', 'HUAWEI', 'Surgical vacuum', '2019-01-11', 0, 80),
(401, '1994-04-02', 'HP', 'Surveillance and security systems', '2019-09-17', 1, 92),
(402, '1995-12-18', 'HP', 'Operating table', '2020-07-12', 1, 97),
(403, '1992-07-08', 'HP', 'IV infusion pump', '2009-10-21', 1, 81),
(404, '1991-04-28', 'HP', 'Wound care supplies', '2018-10-09', 1, 2),
(405, '2018-03-31', 'SAMSUNG', 'IV infusion pump', '2003-01-23', 1, 52),
(406, '1997-08-15', 'ACER', 'Parenteral nutrition equipment', '2015-07-09', 0, 86),
(407, '2010-10-23', 'SAMSUNG', 'Infectious waste containers', '2004-01-17', 0, 11),
(408, '1993-05-04', 'LG', 'Surgical vacuum', '2017-05-22', 1, 90),
(409, '2008-03-17', 'LG', 'Hospital bed', '2020-02-27', 1, 90),
(410, '2000-04-14', 'HP', 'Pain management device', '2013-05-12', 0, 17),
(411, '2014-05-11', 'HUAWEI', 'Pain management device', '2017-01-25', 1, 25),
(412, '2015-08-15', 'LG', 'Dialysis machine', '2018-02-16', 0, 17),
(413, '1996-06-15', 'HP', 'Wound care supplies', '2001-11-11', 1, 32),
(414, '2019-12-26', 'ACER', 'Vital signs monitor', '2010-05-11', 1, 26),
(415, '1999-06-28', 'HP', 'Wound care supplies', '2003-05-05', 1, 57),
(416, '1992-07-30', 'HUAWEI', 'CT scanner', '2019-07-10', 0, 24),
(417, '2010-12-05', 'HP', 'IV infusion pump', '2000-08-23', 1, 95),
(418, '2018-09-28', 'HUAWEI', 'Surgical instruments', '2002-12-04', 0, 29),
(419, '1995-06-29', 'SAMSUNG', 'Surveillance and security systems', '2019-08-08', 0, 68),
(420, '2003-05-21', 'ACER', 'Ultrasound machine', '2017-08-11', 0, 84),
(421, '2009-11-17', 'HP', 'Personal protective equipment', '2007-04-03', 1, 87),
(422, '2002-07-02', 'ACER', 'Centrifuge', '2012-07-01', 1, 28),
(423, '1995-12-15', 'LG', 'IV infusion pump', '2015-03-14', 1, 32),
(424, '2010-05-05', 'SAMSUNG', 'Diagnostic testing equipment', '2018-01-21', 0, 84),
(425, '2002-07-09', 'LG', 'Defibrillator', '2013-01-02', 1, 81),
(426, '1994-08-01', 'HP', 'Infusion pump', '2016-01-12', 1, 60),
(427, '2005-04-18', 'ACER', 'Diagnostic testing equipment', '2011-03-07', 0, 67),
(428, '2005-03-25', 'LG', 'Blood analyzer', '2000-12-17', 1, 53),
(429, '2017-05-17', 'HP', 'Personal protective equipment', '2013-04-19', 1, 98),
(430, '2005-03-16', 'HUAWEI', 'Personal protective equipment', '2017-12-27', 0, 59),
(431, '2012-08-02', 'HP', 'Pain management device', '2012-01-01', 1, 16),
(432, '2000-08-10', 'ACER', 'Hospital bed', '2002-07-19', 1, 64),
(433, '1995-07-19', 'HP', 'Incubator', '2017-07-14', 0, 95),
(434, '1993-07-31', 'ACER', 'Surgical instruments', '2002-06-01', 1, 69),
(435, '2011-09-16', 'SAMSUNG', 'Visitor chairs', '2004-08-03', 0, 72),
(436, '1993-03-24', 'HUAWEI', 'Infusion pump', '2016-09-22', 0, 59),
(437, '2009-11-18', 'HP', 'Diagnostic testing equipment', '2017-10-06', 1, 39),
(438, '1995-03-23', 'HUAWEI', 'Dialysis machine', '2012-04-17', 0, 26),
(439, '2015-02-18', 'SAMSUNG', 'Infusion pump', '2007-06-19', 0, 86),
(440, '2012-10-19', 'SAMSUNG', 'X-ray machine', '2012-08-03', 0, 15),
(441, '2010-03-16', 'HP', 'Surgical vacuum', '2013-01-17', 1, 99),
(442, '2014-02-25', 'LG', 'Diagnostic testing equipment', '2020-02-12', 0, 31),
(443, '2001-06-04', 'SAMSUNG', 'Wound care supplies', '2011-09-07', 0, 53),
(444, '2018-06-21', 'SAMSUNG', 'Surgical light', '2004-05-26', 1, 28),
(445, '2007-07-21', 'HP', 'Infectious waste containers', '2014-02-03', 0, 37),
(446, '2019-04-21', 'LG', 'Diagnostic testing equipment', '2011-07-13', 0, 29),
(447, '2009-11-07', 'SAMSUNG', 'X-ray machine', '2008-12-06', 1, 42),
(448, '2019-09-10', 'SAMSUNG', 'Biomedical waste disposal systems', '2019-02-05', 1, 32),
(449, '1994-03-17', 'HP', 'Infectious waste containers', '2009-12-20', 0, 29),
(450, '1999-11-07', 'LG', 'Hospital bed', '2006-07-22', 1, 27),
(451, '2003-09-23', 'HUAWEI', 'Operating table', '2011-01-07', 0, 82),
(452, '2001-03-21', 'HP', 'Incubator', '2012-03-26', 1, 22),
(453, '2012-04-30', 'HUAWEI', 'MRI scanner', '2003-06-11', 1, 25),
(454, '2019-02-04', 'HP', 'Medical cart', '2007-01-29', 1, 61),
(455, '2017-11-21', 'LG', 'Patient TV', '2010-04-18', 0, 45),
(456, '1996-08-10', 'HP', 'Temperature management equipment', '2001-05-09', 1, 52),
(457, '2018-11-19', 'HP', 'Ultrasound machine', '2012-11-01', 0, 80),
(458, '2011-06-17', 'HP', 'Surveillance and security systems', '2019-05-01', 1, 48),
(459, '2004-03-19', 'LG', 'Dialysis machine', '2008-12-20', 1, 89),
(460, '2001-04-29', 'ACER', 'Infusion pump', '2020-07-08', 1, 96),
(461, '2018-09-11', 'ACER', 'Centrifuge', '2012-02-11', 0, 46),
(462, '2003-05-19', 'LG', 'Pain management device', '2014-10-31', 0, 13),
(463, '1998-10-07', 'SAMSUNG', 'Incubator', '2005-02-19', 1, 32),
(464, '1997-07-23', 'LG', 'Infectious waste containers', '2001-11-16', 1, 8),
(465, '2018-07-31', 'HP', 'Visitor chairs', '2005-10-08', 0, 11),
(466, '1994-05-10', 'SAMSUNG', 'CT scanner', '2003-09-11', 1, 40),
(467, '2012-03-31', 'HUAWEI', 'Medical cart', '2014-09-13', 0, 63),
(468, '2013-05-19', 'ACER', 'Wound care supplies', '2013-06-25', 1, 96),
(469, '1994-07-11', 'LG', 'Temperature management equipment', '2011-05-19', 1, 93),
(470, '2000-05-11', 'HUAWEI', 'Biomedical waste disposal systems', '2018-09-15', 1, 33),
(471, '2017-11-07', 'SAMSUNG', 'Hospital bed', '2009-09-18', 1, 29),
(472, '2015-10-02', 'ACER', 'Patient TV', '2002-10-22', 1, 83),
(473, '1999-11-14', 'SAMSUNG', 'Infectious waste containers', '2007-02-17', 1, 93),
(474, '2015-02-12', 'HUAWEI', 'Pain management device', '2009-02-26', 0, 27),
(475, '2015-01-12', 'SAMSUNG', 'MRI scanner', '2019-01-24', 1, 81),
(476, '2012-01-29', 'ACER', 'X-ray machine', '2009-09-14', 1, 84),
(477, '2018-01-28', 'HP', 'Surgical instruments', '2005-09-14', 1, 42),
(478, '2003-03-23', 'HP', 'Defibrillator', '2014-10-06', 1, 78),
(479, '2012-09-05', 'LG', 'Dialysis machine', '2013-09-15', 0, 46),
(480, '1997-03-31', 'LG', 'Dialysis machine', '2013-04-10', 1, 74),
(481, '2008-04-08', 'LG', 'Microscope', '2004-06-09', 0, 51),
(482, '1996-05-03', 'SAMSUNG', 'Ventilator', '2004-11-04', 0, 92),
(483, '1999-12-10', 'HP', 'Centrifuge', '2002-08-03', 1, 19),
(484, '2006-05-17', 'HP', 'Wound care supplies', '2013-08-14', 1, 10),
(485, '2015-08-17', 'LG', 'Infusion pump', '2012-09-30', 0, 22),
(486, '2002-07-20', 'ACER', 'IV infusion pump', '2012-07-02', 1, 50),
(487, '2016-03-23', 'HP', 'Patient TV', '2016-03-22', 0, 20),
(488, '2016-09-04', 'ACER', 'Centrifuge', '2001-05-23', 0, 58),
(489, '2003-12-29', 'ACER', 'Temperature management equipment', '2000-10-30', 1, 62),
(490, '2005-11-26', 'HUAWEI', 'Microscope', '2004-05-02', 1, 15),
(491, '1991-01-21', 'HP', 'IV infusion pump', '2002-06-16', 0, 63),
(492, '2012-08-15', 'ACER', 'Incubator', '2019-02-24', 1, 45),
(493, '2002-05-28', 'ACER', 'Ultrasound machine', '2004-06-18', 0, 36),
(494, '1991-03-19', 'SAMSUNG', 'X-ray machine', '2019-10-05', 0, 61),
(495, '1999-11-18', 'SAMSUNG', 'Infectious waste containers', '2012-04-12', 0, 91),
(496, '2007-08-31', 'HUAWEI', 'Blood analyzer', '2008-12-16', 1, 83),
(497, '2005-01-30', 'HP', 'IV infusion pump', '2006-07-18', 0, 80),
(498, '2013-02-27', 'SAMSUNG', 'Hospital bed', '2013-01-10', 0, 41),
(499, '1995-07-11', 'HP', 'Wound care supplies', '2018-10-17', 0, 57),
(500, '1993-11-20', 'HUAWEI', 'Wound care supplies', '2007-02-21', 1, 3),
(501, '2008-06-22', 'SAMSUNG', 'Surgical light', '2012-05-08', 1, 46),
(502, '1993-05-27', 'LG', 'Patient TV', '2014-05-25', 0, 87),
(503, '2012-07-10', 'LG', 'IV infusion pump', '2005-03-12', 0, 85),
(504, '1997-02-22', 'ACER', 'Visitor chairs', '2018-09-28', 1, 40),
(505, '2009-03-25', 'HUAWEI', 'Surgical instruments', '2003-04-07', 0, 14),
(506, '2007-06-21', 'HUAWEI', 'Visitor chairs', '2006-10-22', 1, 15),
(507, '2003-09-18', 'HUAWEI', 'Visitor chairs', '2014-03-08', 0, 6),
(508, '1995-03-14', 'ACER', 'Surveillance and security systems', '2013-05-03', 0, 71),
(509, '2003-05-14', 'SAMSUNG', 'Microscope', '2009-12-28', 1, 63),
(510, '1991-01-30', 'HUAWEI', 'Hospital bed', '2009-08-03', 0, 61),
(511, '2000-05-21', 'LG', 'Blood analyzer', '2018-01-12', 1, 50),
(512, '2007-04-22', 'ACER', 'Parenteral nutrition equipment', '2020-04-05', 0, 99),
(513, '2014-09-01', 'HP', 'Incubator', '2004-12-03', 0, 48),
(514, '2014-11-07', 'ACER', 'Wound care supplies', '2002-03-19', 1, 17),
(515, '2018-02-13', 'ACER', 'Pain management device', '2005-02-16', 0, 44),
(516, '2007-04-01', 'HP', 'Biomedical waste disposal systems', '2018-01-09', 1, 89),
(517, '2000-11-04', 'ACER', 'Surveillance and security systems', '2011-02-08', 0, 76),
(518, '2004-10-03', 'ACER', 'Surveillance and security systems', '2019-07-22', 1, 37),
(519, '2006-11-07', 'ACER', 'Parenteral nutrition equipment', '2006-04-01', 0, 67),
(520, '2015-02-26', 'HUAWEI', 'Dialysis machine', '2012-02-04', 1, 27),
(521, '2005-07-31', 'HP', 'CT scanner', '2016-03-10', 0, 79),
(522, '2017-08-08', 'HP', 'Centrifuge', '2011-10-31', 1, 59),
(523, '1990-10-18', 'ACER', 'Medical cart', '2006-01-25', 1, 5),
(524, '1994-10-14', 'ACER', 'Diagnostic testing equipment', '2017-11-09', 0, 96),
(525, '2002-05-02', 'SAMSUNG', 'Diagnostic testing equipment', '2011-01-12', 1, 100),
(526, '1994-05-25', 'HUAWEI', 'Wound care supplies', '2019-07-06', 1, 52),
(527, '1999-07-05', 'LG', 'Vital signs monitor', '2006-03-24', 1, 75),
(528, '2002-07-28', 'HUAWEI', 'Personal protective equipment', '2015-04-21', 0, 27),
(529, '2010-12-06', 'SAMSUNG', 'Pain management device', '2013-05-06', 1, 27),
(530, '2016-09-12', 'LG', 'Medical cart', '2008-03-06', 0, 97),
(531, '2014-05-11', 'ACER', 'Surveillance and security systems', '2006-09-12', 0, 2),
(532, '2018-05-10', 'ACER', 'Temperature management equipment', '2016-07-30', 1, 80),
(533, '1994-01-19', 'SAMSUNG', 'Hospital bed', '2008-11-13', 1, 10),
(534, '1998-09-11', 'HP', 'Incubator', '2015-11-06', 0, 55),
(535, '2015-03-19', 'SAMSUNG', 'CT scanner', '2005-05-10', 0, 40),
(536, '1991-11-08', 'ACER', 'Microscope', '2001-03-18', 0, 52),
(537, '2005-11-22', 'LG', 'Infusion pump', '2016-02-10', 0, 41),
(538, '2007-03-12', 'ACER', 'Surgical instruments', '2017-11-15', 1, 21),
(539, '2007-12-07', 'SAMSUNG', 'Pain management device', '2012-10-12', 0, 4),
(540, '1996-03-09', 'SAMSUNG', 'Biomedical waste disposal systems', '2006-01-07', 1, 34),
(541, '2008-10-02', 'LG', 'Surgical instruments', '2002-05-05', 1, 49),
(542, '2017-07-30', 'HUAWEI', 'Biomedical waste disposal systems', '2013-07-14', 1, 59),
(543, '2018-11-06', 'HUAWEI', 'Surgical vacuum', '2019-12-23', 1, 23),
(544, '2003-02-03', 'SAMSUNG', 'Wound care supplies', '2002-07-11', 1, 24),
(545, '2005-03-14', 'SAMSUNG', 'Vital signs monitor', '2018-11-10', 1, 54),
(546, '2005-07-29', 'ACER', 'Defibrillator', '2009-06-21', 0, 99),
(547, '2001-02-04', 'LG', 'Infusion pump', '2019-12-03', 0, 32),
(548, '1997-03-19', 'ACER', 'Microscope', '2009-01-13', 1, 79),
(549, '1998-05-01', 'HP', 'Centrifuge', '2008-07-11', 0, 85),
(550, '2012-03-11', 'SAMSUNG', 'Vital signs monitor', '2010-05-03', 1, 88),
(551, '1996-10-29', 'HUAWEI', 'Ultrasound machine', '2014-02-24', 1, 9),
(552, '2000-11-04', 'HUAWEI', 'Infectious waste containers', '2007-04-14', 0, 89),
(553, '1994-08-29', 'LG', 'Infectious waste containers', '2004-04-04', 1, 76),
(554, '2002-02-03', 'HUAWEI', 'MRI scanner', '2010-07-06', 0, 9),
(555, '2003-11-29', 'LG', 'Hospital bed', '2018-05-30', 1, 28),
(556, '1994-11-19', 'SAMSUNG', 'Incubator', '2002-10-27', 1, 78),
(557, '2017-10-31', 'HP', 'Wound care supplies', '2007-05-09', 1, 93),
(558, '2003-10-28', 'SAMSUNG', 'Parenteral nutrition equipment', '2019-03-21', 0, 35),
(559, '2001-02-13', 'SAMSUNG', 'Hospital bed', '2008-09-03', 0, 37),
(560, '2006-04-28', 'HP', 'Surgical vacuum', '2008-06-19', 1, 78),
(561, '2006-04-17', 'SAMSUNG', 'Microscope', '2015-03-17', 0, 73),
(562, '2009-07-03', 'ACER', 'Infusion pump', '2003-05-21', 1, 98),
(563, '1991-06-03', 'HUAWEI', 'Temperature management equipment', '2011-11-15', 1, 68),
(564, '2017-02-08', 'LG', 'Personal protective equipment', '2016-04-03', 1, 65),
(565, '2013-04-18', 'LG', 'MRI scanner', '2020-04-08', 0, 36),
(566, '1994-12-27', 'SAMSUNG', 'Infusion pump', '2018-01-10', 1, 46),
(567, '2010-04-12', 'LG', 'Infectious waste containers', '2010-01-20', 1, 56),
(568, '2014-06-17', 'HP', 'Dialysis machine', '2016-04-10', 0, 18),
(569, '2008-12-05', 'HUAWEI', 'MRI scanner', '2007-06-01', 0, 8),
(570, '2010-05-16', 'HP', 'CT scanner', '2008-11-23', 0, 38),
(571, '2016-12-28', 'HUAWEI', 'MRI scanner', '2019-07-06', 0, 66),
(572, '2005-02-07', 'HUAWEI', 'Microscope', '2011-06-25', 1, 58),
(573, '1998-10-05', 'HUAWEI', 'Incubator', '2004-11-17', 1, 33),
(574, '2013-12-04', 'HP', 'Pain management device', '2002-01-16', 0, 24),
(575, '2005-02-01', 'ACER', 'Surgical light', '2013-06-27', 0, 96),
(576, '2018-05-17', 'SAMSUNG', 'Parenteral nutrition equipment', '2020-05-24', 0, 3),
(577, '2001-08-08', 'HUAWEI', 'Surveillance and security systems', '2001-01-10', 0, 75),
(578, '2005-02-17', 'ACER', 'Ventilator', '2010-04-29', 0, 79),
(579, '1991-12-05', 'LG', 'Pain management device', '2013-07-18', 1, 95),
(580, '1992-01-18', 'HUAWEI', 'Incubator', '2012-12-04', 1, 31),
(581, '2018-02-13', 'ACER', 'Surveillance and security systems', '2007-09-26', 1, 83),
(582, '1995-03-13', 'SAMSUNG', 'Ultrasound machine', '2019-01-17', 0, 30),
(583, '2016-10-26', 'LG', 'Parenteral nutrition equipment', '2004-06-29', 1, 44),
(584, '1991-09-26', 'ACER', 'Incubator', '2008-06-05', 1, 72),
(585, '1991-12-07', 'SAMSUNG', 'Personal protective equipment', '2005-06-08', 0, 80),
(586, '2003-08-29', 'HP', 'Diagnostic testing equipment', '2000-08-02', 1, 37),
(587, '2015-09-14', 'LG', 'Microscope', '2016-06-03', 1, 8),
(588, '1996-12-17', 'SAMSUNG', 'Surgical instruments', '2014-09-05', 0, 96),
(589, '2015-05-22', 'ACER', 'MRI scanner', '2012-07-27', 0, 86),
(590, '2017-01-17', 'HP', 'Pain management device', '2016-09-03', 0, 98),
(591, '2014-10-22', 'HP', 'Patient TV', '2003-12-16', 0, 10),
(592, '2014-02-23', 'ACER', 'Medical cart', '2002-12-16', 1, 56),
(593, '2001-08-28', 'ACER', 'Surgical instruments', '2016-04-11', 0, 17),
(594, '2010-11-15', 'ACER', 'Surgical instruments', '2017-03-10', 1, 21),
(595, '1997-10-20', 'HUAWEI', 'Blood analyzer', '2015-10-30', 1, 18),
(596, '1994-03-23', 'ACER', 'Infectious waste containers', '2014-03-11', 1, 38),
(597, '1997-06-29', 'ACER', 'Infusion pump', '2015-01-04', 0, 84),
(598, '1996-03-11', 'HP', 'Parenteral nutrition equipment', '2019-02-12', 0, 76),
(599, '2000-07-25', 'SAMSUNG', 'Defibrillator', '2002-03-17', 1, 81),
(600, '2004-11-29', 'HP', 'Surgical instruments', '2011-05-25', 1, 80),
(601, '2001-01-12', 'HUAWEI', 'Surgical vacuum', '2003-01-31', 0, 91),
(602, '2009-12-27', 'ACER', 'Medical cart', '2019-12-29', 0, 4),
(603, '1991-07-20', 'HP', 'Microscope', '2001-10-04', 0, 3),
(604, '2008-10-24', 'LG', 'Operating table', '2011-06-02', 1, 42),
(605, '2003-11-16', 'HP', 'X-ray machine', '2020-02-21', 1, 70),
(606, '2008-03-16', 'HP', 'Surveillance and security systems', '2008-01-23', 0, 3),
(607, '2012-06-03', 'HUAWEI', 'Ventilator', '2002-06-26', 1, 49),
(608, '2015-05-30', 'HUAWEI', 'Operating table', '2008-03-03', 0, 1),
(609, '2009-11-06', 'LG', 'Ventilator', '2003-10-30', 1, 77),
(610, '1993-06-30', 'ACER', 'Surgical instruments', '2002-05-18', 1, 58),
(611, '2014-02-09', 'LG', 'Ultrasound machine', '2017-11-09', 1, 79),
(612, '2007-12-15', 'HUAWEI', 'Temperature management equipment', '2002-08-30', 0, 69),
(613, '2010-10-16', 'HP', 'Ultrasound machine', '2008-05-15', 0, 58),
(614, '1995-05-01', 'HUAWEI', 'Operating table', '2018-06-20', 0, 17),
(615, '1997-07-02', 'ACER', 'Surveillance and security systems', '2008-12-24', 1, 72),
(616, '2003-10-16', 'HP', 'Defibrillator', '2005-06-09', 0, 49),
(617, '2015-11-17', 'HUAWEI', 'Surgical vacuum', '2016-06-05', 1, 82),
(618, '1996-06-20', 'LG', 'Patient TV', '2001-10-10', 0, 31),
(619, '1997-11-11', 'SAMSUNG', 'Patient TV', '2013-04-26', 0, 28),
(620, '2015-06-10', 'SAMSUNG', 'Dialysis machine', '2013-08-27', 1, 24),
(621, '2007-08-12', 'HP', 'Wound care supplies', '2017-07-01', 1, 14),
(622, '2015-01-27', 'HUAWEI', 'Ventilator', '2012-07-19', 0, 81),
(623, '1993-07-22', 'ACER', 'CT scanner', '2014-04-23', 0, 1),
(624, '2009-08-03', 'HP', 'MRI scanner', '2013-11-28', 1, 91),
(625, '1999-02-13', 'ACER', 'Operating table', '2005-05-23', 0, 72),
(626, '1992-07-13', 'ACER', 'Dialysis machine', '2004-05-29', 0, 3),
(627, '2003-10-29', 'HUAWEI', 'Dialysis machine', '2005-08-20', 0, 99),
(628, '1996-04-08', 'HP', 'Infusion pump', '2000-12-04', 0, 89),
(629, '2000-07-18', 'HUAWEI', 'Personal protective equipment', '2013-12-21', 0, 18),
(630, '1995-05-06', 'ACER', 'Surgical light', '2002-04-03', 1, 19),
(631, '2008-12-10', 'HP', 'IV infusion pump', '2011-12-17', 1, 81),
(632, '2002-03-04', 'LG', 'CT scanner', '2003-11-10', 1, 34),
(633, '2009-12-09', 'SAMSUNG', 'Microscope', '2011-02-03', 1, 52),
(634, '2010-01-21', 'ACER', 'Diagnostic testing equipment', '2009-10-03', 0, 95),
(635, '2006-09-13', 'HP', 'Ultrasound machine', '2000-08-06', 1, 8),
(636, '2010-04-05', 'HP', 'Blood analyzer', '2018-12-15', 1, 48),
(637, '1994-03-22', 'SAMSUNG', 'Surgical instruments', '2003-08-20', 0, 65),
(638, '2002-03-26', 'SAMSUNG', 'Surveillance and security systems', '2005-02-04', 1, 22),
(639, '2000-01-08', 'HP', 'Infectious waste containers', '2017-03-11', 1, 7),
(640, '2005-09-04', 'ACER', 'Defibrillator', '2011-03-18', 0, 85),
(641, '1997-01-25', 'SAMSUNG', 'Vital signs monitor', '2018-06-30', 1, 37),
(642, '1996-12-02', 'SAMSUNG', 'Visitor chairs', '2012-02-28', 1, 81),
(643, '2007-11-23', 'LG', 'Personal protective equipment', '2012-07-01', 1, 72),
(644, '2001-08-03', 'HUAWEI', 'Vital signs monitor', '2004-09-23', 0, 65),
(645, '2008-01-12', 'SAMSUNG', 'Microscope', '2002-12-28', 1, 42),
(646, '2016-11-28', 'SAMSUNG', 'Personal protective equipment', '2004-01-17', 0, 63),
(647, '2016-09-20', 'LG', 'Parenteral nutrition equipment', '2013-07-02', 0, 61),
(648, '1994-06-25', 'SAMSUNG', 'Ultrasound machine', '2018-07-01', 1, 74),
(649, '2013-03-18', 'SAMSUNG', 'Hospital bed', '2018-05-08', 0, 13),
(650, '2010-07-25', 'HP', 'Defibrillator', '2019-05-06', 1, 25),
(651, '2016-08-04', 'SAMSUNG', 'Surgical instruments', '2010-07-24', 1, 54),
(652, '2000-03-28', 'HP', 'Incubator', '2005-10-01', 0, 49),
(653, '2006-01-30', 'LG', 'Personal protective equipment', '2015-05-25', 0, 82),
(654, '1991-11-15', 'HP', 'Parenteral nutrition equipment', '2011-01-29', 0, 62),
(655, '2007-03-30', 'HUAWEI', 'Personal protective equipment', '2020-04-30', 1, 49),
(656, '1997-02-22', 'HUAWEI', 'Microscope', '2017-02-12', 1, 17),
(657, '1994-05-27', 'HP', 'CT scanner', '2015-07-25', 0, 15),
(658, '1990-12-26', 'LG', 'Vital signs monitor', '2010-06-16', 1, 10),
(659, '1997-01-12', 'HUAWEI', 'Operating table', '2006-11-13', 1, 48),
(660, '2000-03-06', 'SAMSUNG', 'Diagnostic testing equipment', '2010-08-28', 0, 28),
(661, '1996-06-20', 'HUAWEI', 'Surgical instruments', '2018-10-11', 1, 56),
(662, '2018-03-16', 'ACER', 'Personal protective equipment', '2017-03-27', 1, 10),
(663, '1993-07-22', 'SAMSUNG', 'Patient TV', '2009-09-24', 0, 56),
(664, '2016-05-12', 'ACER', 'Surveillance and security systems', '2011-08-07', 1, 45),
(665, '2019-11-19', 'SAMSUNG', 'Vital signs monitor', '2013-05-27', 1, 66),
(666, '1996-01-02', 'LG', 'Surgical light', '2018-02-15', 1, 85),
(667, '2001-08-16', 'ACER', 'Vital signs monitor', '2020-03-26', 1, 77),
(668, '1992-02-28', 'ACER', 'Incubator', '2001-12-17', 0, 17),
(669, '1993-07-21', 'ACER', 'Temperature management equipment', '2003-06-13', 0, 75),
(670, '2004-02-23', 'ACER', 'Biomedical waste disposal systems', '2011-10-02', 0, 15),
(671, '2007-12-22', 'LG', 'Infusion pump', '2016-06-11', 1, 63),
(672, '2005-02-09', 'ACER', 'Infectious waste containers', '2003-12-23', 1, 71),
(673, '2019-10-07', 'ACER', 'Infectious waste containers', '2020-07-02', 1, 69),
(674, '2007-07-01', 'SAMSUNG', 'Ventilator', '2010-08-09', 1, 77),
(675, '2014-04-23', 'SAMSUNG', 'Surgical light', '2002-05-29', 0, 17),
(676, '1997-10-07', 'ACER', 'CT scanner', '2004-01-29', 0, 20),
(677, '2019-02-21', 'HP', 'Blood analyzer', '2005-12-08', 1, 45),
(678, '2015-08-26', 'SAMSUNG', 'Surgical instruments', '2017-11-19', 1, 58),
(679, '2004-02-21', 'HP', 'Blood analyzer', '2004-05-12', 1, 70),
(680, '2019-09-13', 'HP', 'Medical cart', '2014-10-18', 1, 10),
(681, '2015-01-01', 'HP', 'Dialysis machine', '2013-09-03', 0, 44),
(682, '2009-11-02', 'LG', 'Vital signs monitor', '2011-03-28', 0, 8),
(683, '2018-01-06', 'SAMSUNG', 'Ventilator', '2016-12-21', 1, 48),
(684, '2012-01-04', 'SAMSUNG', 'Dialysis machine', '2003-07-20', 0, 42),
(685, '2002-01-26', 'HP', 'Infusion pump', '2007-08-12', 0, 100),
(686, '1996-04-14', 'LG', 'Infusion pump', '2018-11-09', 0, 62),
(687, '2009-05-25', 'SAMSUNG', 'Vital signs monitor', '2014-05-06', 1, 35),
(688, '2014-07-30', 'HUAWEI', 'Operating table', '2014-05-07', 0, 73),
(689, '2014-12-15', 'SAMSUNG', 'Biomedical waste disposal systems', '2018-02-06', 1, 3),
(690, '2017-04-04', 'HP', 'Personal protective equipment', '2000-09-09', 0, 6),
(691, '1994-12-18', 'HP', 'Pain management device', '2011-01-08', 1, 42),
(692, '2014-01-01', 'SAMSUNG', 'Temperature management equipment', '2013-03-03', 0, 93),
(693, '1992-02-09', 'SAMSUNG', 'Visitor chairs', '2004-01-11', 0, 83),
(694, '2005-08-16', 'HP', 'Infusion pump', '2015-07-18', 0, 94),
(695, '1990-08-28', 'ACER', 'Biomedical waste disposal systems', '2001-11-08', 1, 79),
(696, '2019-05-15', 'HP', 'Wound care supplies', '2003-03-14', 0, 6),
(697, '2017-10-07', 'ACER', 'Microscope', '2018-10-22', 1, 2),
(698, '2005-05-30', 'HP', 'Dialysis machine', '2014-07-19', 1, 28),
(699, '2015-09-10', 'SAMSUNG', 'Defibrillator', '2015-03-07', 1, 25),
(700, '2003-06-28', 'HP', 'Wound care supplies', '2012-01-10', 1, 72),
(701, '2003-02-12', 'HUAWEI', 'Defibrillator', '2002-02-16', 1, 51),
(702, '2005-10-21', 'HP', 'MRI scanner', '2015-11-23', 0, 82),
(703, '2010-01-20', 'LG', 'Pain management device', '2011-05-07', 0, 29),
(704, '2002-05-03', 'ACER', 'Dialysis machine', '2003-08-12', 1, 50),
(705, '2002-07-04', 'LG', 'Parenteral nutrition equipment', '2010-12-11', 1, 45),
(706, '2019-10-21', 'HP', 'MRI scanner', '2006-12-24', 0, 90),
(707, '2009-07-05', 'LG', 'Operating table', '2006-12-17', 1, 4),
(708, '2012-03-01', 'HUAWEI', 'Hospital bed', '2011-11-02', 1, 86),
(709, '2008-06-09', 'ACER', 'X-ray machine', '2008-04-06', 1, 33),
(710, '1991-10-22', 'LG', 'CT scanner', '2006-11-06', 0, 17),
(711, '2019-09-27', 'HP', 'Vital signs monitor', '2003-05-01', 0, 21),
(712, '2004-11-23', 'HUAWEI', 'Surveillance and security systems', '2018-02-23', 1, 74),
(713, '1995-09-03', 'LG', 'Pain management device', '2004-12-06', 1, 88),
(714, '2011-07-14', 'HUAWEI', 'CT scanner', '2012-10-08', 0, 99),
(715, '1994-02-23', 'HP', 'Infusion pump', '2013-03-28', 1, 2);
INSERT INTO `dim_materiel` (`IdMateriel`, `dateAquisition`, `marque`, `type`, `garantie`, `etat_materiel`, `id_centre_hospitalier`) VALUES
(716, '1998-03-30', 'SAMSUNG', 'Temperature management equipment', '2019-12-02', 0, 92),
(717, '2004-01-29', 'SAMSUNG', 'Defibrillator', '2008-03-02', 1, 31),
(718, '2004-12-09', 'HP', 'Diagnostic testing equipment', '2016-02-04', 1, 12),
(719, '1991-05-15', 'SAMSUNG', 'Patient TV', '2017-03-10', 0, 99),
(720, '2000-01-26', 'HUAWEI', 'Diagnostic testing equipment', '2004-02-14', 1, 98),
(721, '1991-08-28', 'ACER', 'Centrifuge', '2009-08-14', 0, 100),
(722, '1993-06-20', 'SAMSUNG', 'Biomedical waste disposal systems', '2001-12-31', 0, 12),
(723, '2018-02-06', 'HUAWEI', 'Surveillance and security systems', '2005-04-12', 0, 1),
(724, '2010-07-22', 'HP', 'Parenteral nutrition equipment', '2005-10-12', 0, 100),
(725, '1995-01-05', 'LG', 'Wound care supplies', '2001-11-28', 1, 61),
(726, '2013-06-28', 'LG', 'Ultrasound machine', '2004-08-08', 0, 19),
(727, '1997-05-10', 'SAMSUNG', 'Personal protective equipment', '2004-08-13', 0, 22),
(728, '2001-06-18', 'SAMSUNG', 'Personal protective equipment', '2019-10-09', 0, 60),
(729, '2001-11-18', 'ACER', 'Medical cart', '2012-03-02', 1, 60),
(730, '2010-05-27', 'LG', 'Diagnostic testing equipment', '2016-12-01', 0, 48),
(731, '1999-05-02', 'HP', 'Visitor chairs', '2015-03-14', 1, 56),
(732, '2010-08-07', 'LG', 'Dialysis machine', '2018-01-17', 1, 21),
(733, '2019-03-08', 'ACER', 'Incubator', '2003-04-01', 1, 50),
(734, '2013-10-08', 'HP', 'Dialysis machine', '2004-06-02', 0, 25),
(735, '2014-06-18', 'HP', 'Pain management device', '2019-11-09', 0, 49),
(736, '2003-08-27', 'HP', 'IV infusion pump', '2005-06-25', 0, 49),
(737, '2012-04-11', 'SAMSUNG', 'Operating table', '2012-07-14', 0, 35),
(738, '1994-08-27', 'SAMSUNG', 'Hospital bed', '2019-02-25', 1, 79),
(739, '2002-06-10', 'ACER', 'Incubator', '2013-08-24', 0, 53),
(740, '2007-01-13', 'SAMSUNG', 'Personal protective equipment', '2014-03-01', 0, 61),
(741, '2008-09-25', 'SAMSUNG', 'Microscope', '2003-06-27', 0, 98),
(742, '2012-09-16', 'HP', 'Biomedical waste disposal systems', '2008-03-27', 1, 29),
(743, '2015-07-01', 'LG', 'Wound care supplies', '2017-05-29', 0, 75),
(744, '2011-04-02', 'SAMSUNG', 'Surveillance and security systems', '2019-08-03', 0, 100),
(745, '2019-04-28', 'HP', 'Diagnostic testing equipment', '2007-08-13', 1, 96),
(746, '2013-09-11', 'HP', 'Visitor chairs', '2006-10-26', 0, 25),
(747, '2002-10-21', 'HUAWEI', 'Visitor chairs', '2017-08-26', 0, 3),
(748, '2002-01-07', 'HP', 'Diagnostic testing equipment', '2011-08-16', 1, 58),
(749, '1996-06-13', 'ACER', 'Incubator', '2008-05-09', 0, 17),
(750, '2010-12-10', 'HUAWEI', 'Diagnostic testing equipment', '2015-03-20', 1, 17),
(751, '2011-04-22', 'HP', 'Wound care supplies', '2006-10-31', 0, 7),
(752, '2002-03-22', 'ACER', 'X-ray machine', '2008-06-13', 0, 22),
(753, '1993-02-24', 'ACER', 'Parenteral nutrition equipment', '2013-12-21', 0, 32),
(754, '1994-10-09', 'HP', 'Infectious waste containers', '2012-11-17', 1, 84),
(755, '2019-05-13', 'HUAWEI', 'Centrifuge', '2013-06-22', 1, 82),
(756, '2007-07-27', 'HP', 'Hospital bed', '2012-07-13', 1, 23),
(757, '2009-10-12', 'HUAWEI', 'Surgical instruments', '2008-03-05', 0, 19),
(758, '2012-05-25', 'HUAWEI', 'Personal protective equipment', '2002-01-10', 1, 16),
(759, '1998-03-30', 'HP', 'MRI scanner', '2001-01-10', 1, 38),
(760, '2008-02-12', 'SAMSUNG', 'IV infusion pump', '2012-11-20', 1, 32),
(761, '1997-05-27', 'SAMSUNG', 'Microscope', '2012-04-05', 0, 80),
(762, '1990-11-10', 'ACER', 'Wound care supplies', '2008-04-26', 0, 10),
(763, '2011-06-10', 'HUAWEI', 'Personal protective equipment', '2009-06-30', 1, 88),
(764, '2018-09-22', 'HP', 'Infusion pump', '2014-03-21', 0, 86),
(765, '1996-04-04', 'HP', 'Hospital bed', '2009-07-05', 1, 90),
(766, '2001-11-03', 'LG', 'IV infusion pump', '2011-04-25', 1, 30),
(767, '1994-01-30', 'HUAWEI', 'Incubator', '2015-06-10', 0, 49),
(768, '2011-05-05', 'SAMSUNG', 'Incubator', '2019-06-03', 1, 52),
(769, '2003-12-18', 'SAMSUNG', 'Vital signs monitor', '2010-08-28', 1, 59),
(770, '2006-10-17', 'HUAWEI', 'CT scanner', '2019-06-05', 0, 17),
(771, '2000-02-24', 'SAMSUNG', 'Dialysis machine', '2009-09-05', 0, 65),
(772, '1994-02-12', 'HUAWEI', 'Infusion pump', '2014-07-03', 0, 19),
(773, '1992-06-13', 'HUAWEI', 'Ultrasound machine', '2018-05-24', 1, 87),
(774, '2020-03-10', 'LG', 'Temperature management equipment', '2012-12-03', 0, 36),
(775, '2004-12-13', 'HP', 'CT scanner', '2009-11-25', 0, 10),
(776, '2014-03-16', 'HUAWEI', 'Visitor chairs', '2015-06-10', 1, 82),
(777, '1995-01-09', 'HP', 'Visitor chairs', '2005-01-31', 0, 67),
(778, '1992-04-29', 'HUAWEI', 'Centrifuge', '2014-02-23', 0, 20),
(779, '1998-06-26', 'ACER', 'MRI scanner', '2007-12-20', 1, 65),
(780, '2011-11-20', 'SAMSUNG', 'Surgical vacuum', '2017-05-04', 1, 69),
(781, '2016-02-08', 'SAMSUNG', 'Hospital bed', '2017-10-01', 0, 73),
(782, '1994-07-05', 'HUAWEI', 'Personal protective equipment', '2017-06-11', 0, 53),
(783, '2005-09-09', 'SAMSUNG', 'Infectious waste containers', '2012-12-24', 1, 36),
(784, '2008-07-02', 'HP', 'Pain management device', '2002-02-03', 1, 58),
(785, '1992-07-14', 'SAMSUNG', 'Visitor chairs', '2003-11-30', 0, 57),
(786, '1993-11-30', 'HP', 'X-ray machine', '2020-05-19', 0, 32),
(787, '2001-12-22', 'ACER', 'Medical cart', '2006-05-09', 0, 35),
(788, '2013-01-09', 'SAMSUNG', 'X-ray machine', '2017-08-31', 1, 43),
(789, '2001-10-13', 'LG', 'Wound care supplies', '2011-09-01', 1, 46),
(790, '1999-10-26', 'LG', 'Centrifuge', '2016-09-01', 0, 99),
(791, '1997-03-27', 'SAMSUNG', 'Biomedical waste disposal systems', '2008-08-23', 1, 35),
(792, '2010-11-22', 'HUAWEI', 'Dialysis machine', '2012-12-22', 1, 96),
(793, '2018-12-05', 'HP', 'Ventilator', '2005-08-23', 0, 7),
(794, '2013-05-18', 'HUAWEI', 'X-ray machine', '2011-01-08', 1, 59),
(795, '2018-09-06', 'HP', 'Wound care supplies', '2017-01-16', 1, 61),
(796, '2019-09-28', 'HUAWEI', 'Temperature management equipment', '2001-09-18', 0, 45),
(797, '2005-03-22', 'ACER', 'Parenteral nutrition equipment', '2005-11-14', 1, 25),
(798, '1990-08-25', 'LG', 'Biomedical waste disposal systems', '2019-04-20', 0, 65),
(799, '1995-10-08', 'SAMSUNG', 'CT scanner', '2012-02-14', 0, 29),
(800, '1994-09-09', 'HUAWEI', 'Blood analyzer', '2016-04-12', 0, 75),
(801, '1993-01-30', 'HP', 'Parenteral nutrition equipment', '2005-11-25', 0, 92),
(802, '2009-09-15', 'HUAWEI', 'Surgical light', '2006-04-22', 0, 37),
(803, '1996-11-05', 'SAMSUNG', 'Ultrasound machine', '2016-02-29', 1, 69),
(804, '2004-04-05', 'ACER', 'Patient TV', '2004-02-21', 0, 10),
(805, '2001-06-30', 'HUAWEI', 'X-ray machine', '2003-06-06', 1, 28),
(806, '2002-01-01', 'HUAWEI', 'Infectious waste containers', '2002-07-22', 1, 95),
(807, '2018-02-13', 'HUAWEI', 'Visitor chairs', '2008-02-16', 1, 76),
(808, '2019-05-07', 'HP', 'Diagnostic testing equipment', '2005-02-13', 0, 39),
(809, '1997-05-30', 'HP', 'Surveillance and security systems', '2002-11-27', 0, 1),
(810, '2016-05-23', 'HUAWEI', 'Ventilator', '2005-09-28', 1, 87),
(811, '2002-11-16', 'HUAWEI', 'Surveillance and security systems', '2017-02-13', 1, 34),
(812, '2005-06-01', 'ACER', 'Patient TV', '2013-06-27', 0, 56),
(813, '2017-04-16', 'ACER', 'Surveillance and security systems', '2000-12-10', 1, 13),
(814, '1996-09-21', 'HUAWEI', 'Defibrillator', '2014-01-08', 1, 10),
(815, '2000-02-21', 'HUAWEI', 'Operating table', '2001-09-12', 0, 66),
(816, '1997-04-09', 'HP', 'Medical cart', '2018-05-18', 0, 18),
(817, '2007-08-27', 'HUAWEI', 'IV infusion pump', '2004-09-15', 1, 66),
(818, '2009-06-21', 'HP', 'Wound care supplies', '2006-06-09', 0, 65),
(819, '1990-08-16', 'SAMSUNG', 'Ultrasound machine', '2003-05-22', 0, 35),
(820, '2004-01-02', 'ACER', 'Hospital bed', '2005-12-26', 1, 1),
(821, '2010-05-31', 'ACER', 'MRI scanner', '2010-08-06', 1, 44),
(822, '1999-12-28', 'HP', 'Defibrillator', '2002-07-30', 1, 6),
(823, '2007-11-13', 'LG', 'Blood analyzer', '2016-10-02', 0, 80),
(824, '1995-06-24', 'HP', 'IV infusion pump', '2007-10-25', 1, 86),
(825, '2016-01-16', 'ACER', 'Medical cart', '2017-01-15', 0, 71),
(826, '1996-05-23', 'LG', 'Medical cart', '2007-01-27', 0, 71),
(827, '2013-10-13', 'HUAWEI', 'Parenteral nutrition equipment', '2007-06-11', 0, 58),
(828, '2016-04-27', 'LG', 'Biomedical waste disposal systems', '2010-06-30', 1, 39),
(829, '2010-09-16', 'HUAWEI', 'Surgical vacuum', '2015-08-09', 1, 5),
(830, '2009-01-29', 'HUAWEI', 'Vital signs monitor', '2004-05-09', 1, 42),
(831, '2005-06-08', 'HUAWEI', 'Surgical light', '2009-12-25', 0, 97),
(832, '1998-09-03', 'HP', 'Wound care supplies', '2015-08-22', 1, 88),
(833, '2019-01-21', 'SAMSUNG', 'Infectious waste containers', '2001-01-27', 0, 11),
(834, '2002-04-23', 'SAMSUNG', 'Defibrillator', '2013-11-01', 0, 6),
(835, '2012-02-02', 'HUAWEI', 'IV infusion pump', '2018-03-21', 0, 19),
(836, '1994-08-24', 'HUAWEI', 'IV infusion pump', '2017-07-04', 1, 32),
(837, '2006-04-20', 'LG', 'Infusion pump', '2007-09-30', 1, 53),
(838, '2005-10-15', 'HUAWEI', 'Wound care supplies', '2009-07-05', 1, 80),
(839, '2009-06-05', 'SAMSUNG', 'Visitor chairs', '2006-07-14', 0, 27),
(840, '2009-04-22', 'SAMSUNG', 'Ventilator', '2017-03-23', 0, 1),
(841, '1992-02-22', 'SAMSUNG', 'Dialysis machine', '2009-11-22', 0, 21),
(842, '2005-09-06', 'ACER', 'Patient TV', '2019-11-16', 1, 29),
(843, '1995-03-09', 'SAMSUNG', 'Temperature management equipment', '2002-01-21', 0, 18),
(844, '1998-06-22', 'SAMSUNG', 'Hospital bed', '2016-05-19', 1, 25),
(845, '1995-12-05', 'HP', 'Infusion pump', '2010-01-11', 1, 27),
(846, '2015-02-11', 'HUAWEI', 'Surveillance and security systems', '2000-09-01', 0, 38),
(847, '1993-06-21', 'LG', 'Ultrasound machine', '2009-12-10', 0, 58),
(848, '2019-08-13', 'ACER', 'Surgical light', '2008-01-15', 1, 66),
(849, '2010-06-04', 'ACER', 'Surgical vacuum', '2004-05-20', 1, 81),
(850, '2020-06-07', 'SAMSUNG', 'Hospital bed', '2004-11-16', 0, 89),
(851, '2017-05-15', 'HP', 'Medical cart', '2002-10-12', 1, 99),
(852, '1990-11-03', 'HUAWEI', 'MRI scanner', '2012-10-28', 0, 94),
(853, '2000-10-29', 'SAMSUNG', 'Parenteral nutrition equipment', '2005-07-30', 0, 77),
(854, '1992-08-12', 'LG', 'Medical cart', '2010-03-30', 0, 87),
(855, '2009-12-05', 'HUAWEI', 'Operating table', '2018-08-13', 1, 38),
(856, '2004-02-28', 'HUAWEI', 'Infusion pump', '2007-01-28', 0, 22),
(857, '2005-08-17', 'LG', 'Pain management device', '2019-03-16', 0, 56),
(858, '2018-11-03', 'HUAWEI', 'CT scanner', '2004-05-07', 1, 19),
(859, '2004-01-20', 'SAMSUNG', 'Pain management device', '2013-08-19', 0, 23),
(860, '2004-03-18', 'LG', 'Centrifuge', '2016-09-20', 0, 39),
(861, '2013-02-05', 'LG', 'Surveillance and security systems', '2017-11-05', 0, 73),
(862, '2016-11-25', 'ACER', 'Defibrillator', '2013-12-04', 1, 100),
(863, '1995-08-09', 'ACER', 'Diagnostic testing equipment', '2020-03-26', 1, 82),
(864, '2011-03-12', 'ACER', 'Dialysis machine', '2018-09-29', 1, 17),
(865, '2002-12-06', 'HP', 'Incubator', '2010-06-20', 1, 10),
(866, '2017-04-06', 'ACER', 'Dialysis machine', '2016-11-14', 1, 16),
(867, '1996-01-10', 'LG', 'Surgical vacuum', '2017-01-02', 1, 69),
(868, '2017-07-30', 'HUAWEI', 'Personal protective equipment', '2006-08-10', 0, 34),
(869, '2012-06-04', 'HP', 'Surgical instruments', '2010-05-06', 0, 50),
(870, '1994-11-01', 'ACER', 'Ultrasound machine', '2020-05-22', 0, 27),
(871, '2013-03-09', 'HP', 'Surgical instruments', '2010-10-20', 1, 23),
(872, '2002-07-08', 'LG', 'Pain management device', '2016-01-14', 1, 19),
(873, '2004-11-18', 'HP', 'Parenteral nutrition equipment', '2012-03-12', 0, 32),
(874, '1995-07-05', 'ACER', 'Pain management device', '2019-03-26', 0, 96),
(875, '2006-06-19', 'LG', 'Diagnostic testing equipment', '2013-04-27', 0, 61),
(876, '2016-07-23', 'SAMSUNG', 'Centrifuge', '2004-02-20', 0, 37),
(877, '1992-02-19', 'SAMSUNG', 'Hospital bed', '2012-10-23', 0, 1),
(878, '2014-03-15', 'HUAWEI', 'Operating table', '2016-04-18', 1, 31),
(879, '2003-03-20', 'HUAWEI', 'Centrifuge', '2012-05-12', 1, 85),
(880, '2013-09-25', 'HP', 'Surgical light', '2010-09-06', 0, 17),
(881, '1998-01-02', 'HP', 'X-ray machine', '2009-02-16', 0, 35),
(882, '2009-06-19', 'HUAWEI', 'Parenteral nutrition equipment', '2010-02-07', 1, 67),
(883, '1999-12-07', 'LG', 'Biomedical waste disposal systems', '2006-08-04', 1, 11),
(884, '1997-05-04', 'LG', 'Wound care supplies', '2010-12-01', 0, 65),
(885, '2005-03-17', 'SAMSUNG', 'Surgical instruments', '2006-02-08', 1, 75),
(886, '2012-03-20', 'SAMSUNG', 'CT scanner', '2008-05-10', 1, 63),
(887, '2002-03-05', 'LG', 'Infusion pump', '2019-01-23', 1, 75),
(888, '2010-12-02', 'ACER', 'Surveillance and security systems', '2007-01-01', 1, 98),
(889, '2011-05-25', 'HUAWEI', 'MRI scanner', '2017-02-06', 1, 31),
(890, '1993-02-03', 'HP', 'Ventilator', '2020-05-01', 1, 32),
(891, '2014-07-16', 'LG', 'Infusion pump', '2010-02-14', 1, 38),
(892, '2006-04-29', 'HUAWEI', 'Operating table', '2011-01-03', 1, 89),
(893, '2018-07-27', 'HP', 'Defibrillator', '2017-10-30', 1, 44),
(894, '2014-01-05', 'SAMSUNG', 'Infectious waste containers', '2002-12-29', 0, 95),
(895, '2016-04-16', 'HUAWEI', 'Vital signs monitor', '2015-02-26', 1, 57),
(896, '2005-09-03', 'ACER', 'Infusion pump', '2006-07-08', 1, 56),
(897, '2007-04-07', 'HUAWEI', 'Ultrasound machine', '2005-06-03', 0, 22),
(898, '1998-06-21', 'ACER', 'Surgical light', '2018-05-11', 1, 37),
(899, '2001-10-31', 'HP', 'Surgical vacuum', '2012-06-20', 1, 36),
(900, '2006-11-25', 'HUAWEI', 'Incubator', '2000-12-25', 0, 51),
(901, '2010-08-14', 'LG', 'Defibrillator', '2011-11-06', 1, 53),
(902, '2019-05-15', 'HUAWEI', 'Operating table', '2015-11-08', 0, 47),
(903, '2000-11-19', 'LG', 'Ventilator', '2012-02-11', 1, 19),
(904, '2000-06-24', 'SAMSUNG', 'Temperature management equipment', '2008-02-12', 0, 17),
(905, '2002-03-31', 'HP', 'Visitor chairs', '2007-03-01', 1, 40),
(906, '2008-10-23', 'LG', 'Blood analyzer', '2006-01-16', 1, 40),
(907, '1996-11-20', 'LG', 'Operating table', '2011-04-27', 0, 63),
(908, '2004-03-23', 'HP', 'Wound care supplies', '2004-09-10', 0, 7),
(909, '1997-06-03', 'HUAWEI', 'Biomedical waste disposal systems', '2017-02-21', 1, 50),
(910, '1998-11-29', 'ACER', 'Patient TV', '2017-07-11', 0, 2),
(911, '1998-10-24', 'HUAWEI', 'Infectious waste containers', '2008-11-22', 0, 37),
(912, '2008-02-18', 'ACER', 'Ventilator', '2006-08-12', 1, 55),
(913, '1993-06-24', 'SAMSUNG', 'Blood analyzer', '2017-12-07', 1, 32),
(914, '1991-03-08', 'ACER', 'CT scanner', '2009-01-12', 0, 7),
(915, '2014-10-03', 'SAMSUNG', 'Ventilator', '2006-08-31', 0, 31),
(916, '1992-06-13', 'HUAWEI', 'Vital signs monitor', '2006-06-24', 0, 68),
(917, '1996-12-20', 'ACER', 'Infusion pump', '2013-09-28', 0, 92),
(918, '2018-08-28', 'HP', 'Surveillance and security systems', '2012-11-04', 1, 12),
(919, '2020-04-13', 'LG', 'Personal protective equipment', '2017-02-26', 0, 100),
(920, '1994-12-27', 'SAMSUNG', 'Hospital bed', '2005-12-22', 0, 100),
(921, '2010-04-06', 'HUAWEI', 'Dialysis machine', '2002-10-31', 0, 12),
(922, '2006-05-12', 'HUAWEI', 'Hospital bed', '2010-07-25', 0, 57),
(923, '1993-10-05', 'ACER', 'Incubator', '2005-01-25', 1, 100),
(924, '1998-03-10', 'HP', 'Surgical instruments', '2009-10-06', 0, 2),
(925, '2008-01-02', 'LG', 'Biomedical waste disposal systems', '2014-08-09', 1, 78),
(926, '2011-09-11', 'ACER', 'Surgical light', '2008-03-14', 1, 96),
(927, '2002-11-12', 'HP', 'Visitor chairs', '2008-10-14', 1, 48),
(928, '1998-06-17', 'ACER', 'Patient TV', '2000-10-17', 1, 40),
(929, '1992-06-23', 'LG', 'Hospital bed', '2018-08-24', 1, 26),
(930, '2006-06-03', 'SAMSUNG', 'Medical cart', '2002-11-23', 0, 3),
(931, '2012-06-10', 'LG', 'CT scanner', '2017-12-21', 0, 64),
(932, '2009-01-30', 'HP', 'Diagnostic testing equipment', '2005-02-16', 0, 89),
(933, '1995-12-26', 'HUAWEI', 'Ventilator', '2012-10-31', 1, 88),
(934, '1996-01-17', 'ACER', 'Ultrasound machine', '2017-10-26', 0, 83),
(935, '2011-11-07', 'LG', 'Medical cart', '2005-02-17', 1, 10),
(936, '2020-05-25', 'SAMSUNG', 'Microscope', '2017-12-11', 0, 34),
(937, '2004-05-24', 'SAMSUNG', 'Biomedical waste disposal systems', '2007-11-28', 1, 45),
(938, '2012-01-05', 'HUAWEI', 'IV infusion pump', '2001-04-25', 0, 1),
(939, '1999-05-07', 'SAMSUNG', 'Surgical light', '2015-06-26', 1, 46),
(940, '2002-05-28', 'SAMSUNG', 'Medical cart', '2009-01-26', 0, 67),
(941, '2017-12-20', 'HP', 'Surveillance and security systems', '2019-08-21', 1, 57),
(942, '2009-01-18', 'LG', 'Temperature management equipment', '2008-01-17', 1, 71),
(943, '2015-07-01', 'ACER', 'Ventilator', '2012-08-06', 1, 73),
(944, '2002-08-02', 'HP', 'CT scanner', '2005-09-21', 1, 96),
(945, '2008-10-09', 'HUAWEI', 'Vital signs monitor', '2018-02-25', 1, 8),
(946, '2006-04-14', 'HP', 'Patient TV', '2019-09-09', 0, 44),
(947, '2002-05-13', 'LG', 'Ventilator', '2008-09-14', 0, 52),
(948, '2019-09-17', 'HP', 'Dialysis machine', '2008-09-11', 0, 81),
(949, '2006-01-01', 'SAMSUNG', 'Vital signs monitor', '2013-08-07', 0, 40),
(950, '1993-03-22', 'ACER', 'Microscope', '2019-05-12', 0, 60),
(951, '1992-01-09', 'HP', 'Pain management device', '2008-09-01', 0, 67),
(952, '1994-06-02', 'ACER', 'Patient TV', '2002-08-11', 0, 9),
(953, '2009-01-13', 'HP', 'Temperature management equipment', '2002-04-20', 1, 2),
(954, '2018-09-24', 'ACER', 'X-ray machine', '2004-07-25', 1, 38),
(955, '2017-05-05', 'SAMSUNG', 'Surgical vacuum', '2017-03-18', 0, 85),
(956, '2000-07-31', 'HUAWEI', 'Infectious waste containers', '2003-08-25', 1, 11),
(957, '2010-11-27', 'HUAWEI', 'Pain management device', '2016-09-19', 1, 9),
(958, '1995-04-28', 'HUAWEI', 'MRI scanner', '2015-10-16', 0, 56),
(959, '2001-06-18', 'HUAWEI', 'Centrifuge', '2014-03-17', 0, 90),
(960, '2001-10-22', 'SAMSUNG', 'Medical cart', '2016-05-24', 0, 26),
(961, '2007-07-06', 'ACER', 'Pain management device', '2017-09-07', 1, 18),
(962, '1997-09-30', 'HUAWEI', 'Temperature management equipment', '2011-04-29', 1, 84),
(963, '2002-02-21', 'HUAWEI', 'Diagnostic testing equipment', '2002-06-20', 1, 95),
(964, '1995-05-01', 'HP', 'Temperature management equipment', '2001-06-05', 0, 95),
(965, '2012-11-29', 'ACER', 'Hospital bed', '2013-05-26', 1, 66),
(966, '1990-10-03', 'HUAWEI', 'Surveillance and security systems', '2010-12-29', 0, 82),
(967, '2017-09-08', 'ACER', 'X-ray machine', '2013-07-04', 0, 19),
(968, '2015-04-23', 'LG', 'IV infusion pump', '2001-11-18', 0, 2),
(969, '2012-04-30', 'ACER', 'Centrifuge', '2014-04-07', 1, 35),
(970, '1996-02-15', 'ACER', 'Vital signs monitor', '2013-01-09', 1, 10),
(971, '2006-03-03', 'HP', 'Surgical vacuum', '2011-06-08', 1, 42),
(972, '2005-09-21', 'SAMSUNG', 'Temperature management equipment', '2012-09-12', 1, 37),
(973, '2010-12-04', 'LG', 'Ultrasound machine', '2007-08-09', 0, 84),
(974, '2003-09-27', 'SAMSUNG', 'CT scanner', '2014-05-24', 1, 13),
(975, '2011-11-29', 'ACER', 'Surveillance and security systems', '2002-10-04', 0, 30),
(976, '1995-11-17', 'ACER', 'Vital signs monitor', '2002-12-05', 0, 76),
(977, '2001-11-21', 'HUAWEI', 'Operating table', '2013-10-30', 1, 20),
(978, '1992-12-26', 'HP', 'Surgical vacuum', '2015-07-08', 0, 23),
(979, '2015-08-06', 'HUAWEI', 'CT scanner', '2017-01-17', 0, 3),
(980, '1990-09-01', 'HP', 'IV infusion pump', '2002-04-26', 1, 98),
(981, '2006-10-26', 'SAMSUNG', 'Medical cart', '2004-01-19', 1, 69),
(982, '2014-02-21', 'HP', 'Parenteral nutrition equipment', '2008-09-18', 1, 25),
(983, '1996-01-02', 'HP', 'Infusion pump', '2002-01-24', 0, 54),
(984, '2016-02-24', 'HUAWEI', 'Centrifuge', '2016-02-25', 1, 59),
(985, '2013-01-23', 'HUAWEI', 'X-ray machine', '2001-05-30', 1, 29),
(986, '1992-01-03', 'HP', 'Dialysis machine', '2015-12-13', 1, 20),
(987, '2007-03-07', 'HP', 'MRI scanner', '2012-02-05', 0, 47),
(988, '2012-05-26', 'SAMSUNG', 'Visitor chairs', '2008-05-05', 0, 71),
(989, '2002-09-20', 'HP', 'Ultrasound machine', '2009-03-31', 1, 32),
(990, '2015-11-30', 'LG', 'Centrifuge', '2010-03-07', 0, 33),
(991, '1998-03-11', 'HP', 'Vital signs monitor', '2001-04-17', 0, 91),
(992, '2019-08-22', 'ACER', 'Microscope', '2000-12-07', 1, 38),
(993, '1993-01-19', 'HUAWEI', 'Medical cart', '2004-10-21', 0, 58),
(994, '2002-11-20', 'HP', 'Defibrillator', '2010-06-10', 1, 8),
(995, '2017-11-16', 'SAMSUNG', 'Dialysis machine', '2007-02-09', 0, 46),
(996, '1998-02-27', 'LG', 'Surgical vacuum', '2016-02-28', 0, 49),
(997, '1997-09-19', 'ACER', 'Ventilator', '2010-10-08', 0, 41),
(998, '1991-05-09', 'HUAWEI', 'MRI scanner', '2016-11-18', 0, 18),
(999, '2017-06-28', 'ACER', 'Ultrasound machine', '2003-11-15', 1, 99),
(1000, '2006-05-31', 'ACER', 'Surgical light', '2009-03-23', 0, 91);

-- --------------------------------------------------------

--
-- Table structure for table `dim_temp`
--

CREATE TABLE `dim_temp` (
  `IdTemp` int(11) NOT NULL,
  `jour` int(11) DEFAULT NULL,
  `mois` int(11) DEFAULT NULL,
  `saison` varchar(50) DEFAULT NULL,
  `annee` int(11) DEFAULT NULL
) ENGINE=InnoDB DEFAULT CHARSET=utf8;

--
-- Dumping data for table `dim_temp`
--

INSERT INTO `dim_temp` (`IdTemp`, `jour`, `mois`, `saison`, `annee`) VALUES
(1, 7, 2, 'seche', 2021),
(2, 11, 11, 'seche', 2021),
(3, 1, 12, 'seche', 2020),
(4, 25, 2, 'seche', 2020),
(5, 15, 9, 'pluvieuse', 2020),
(6, 21, 7, 'pluvieuse', 2021),
(7, 13, 7, 'pluvieuse', 2020),
(8, 25, 7, 'pluvieuse', 2020),
(9, 10, 3, 'seche', 2021),
(10, 25, 9, 'pluvieuse', 2020),
(11, 5, 11, 'seche', 2020),
(12, 6, 12, 'seche', 2019),
(13, 2, 7, 'pluvieuse', 2021),
(14, 28, 3, 'seche', 2021),
(15, 4, 12, 'seche', 2020),
(16, 26, 2, 'seche', 2020),
(17, 29, 4, 'seche', 2020),
(18, 14, 12, 'seche', 2019),
(19, 13, 2, 'seche', 2021),
(20, 8, 3, 'seche', 2020),
(21, 9, 5, 'seche', 2020),
(22, 7, 1, 'seche', 2020),
(23, 29, 9, 'pluvieuse', 2021),
(24, 2, 8, 'pluvieuse', 2020),
(25, 6, 1, 'seche', 2020),
(26, 2, 1, 'seche', 2020),
(27, 24, 9, 'pluvieuse', 2020),
(28, 9, 9, 'pluvieuse', 2020),
(29, 9, 12, 'seche', 2021),
(30, 19, 8, 'pluvieuse', 2020),
(31, 22, 2, 'seche', 2021),
(32, 5, 12, 'seche', 2021),
(33, 15, 10, 'pluvieuse', 2021),
(34, 17, 8, 'pluvieuse', 2021),
(35, 26, 12, 'seche', 2021),
(36, 21, 9, 'pluvieuse', 2021),
(37, 27, 7, 'pluvieuse', 2020),
(38, 24, 10, 'pluvieuse', 2021),
(39, 11, 8, 'pluvieuse', 2020),
(40, 8, 11, 'seche', 2020),
(41, 15, 8, 'pluvieuse', 2020),
(42, 17, 2, 'seche', 2020),
(43, 16, 5, 'seche', 2020),
(44, 1, 2, 'seche', 2020),
(45, 29, 7, 'pluvieuse', 2020),
(46, 28, 1, 'seche', 2021),
(47, 6, 4, 'seche', 2020),
(48, 8, 8, 'pluvieuse', 2021),
(49, 2, 11, 'seche', 2020),
(50, 29, 1, 'seche', 2021),
(51, 26, 2, 'seche', 2021),
(52, 3, 12, 'seche', 2021),
(53, 3, 8, 'pluvieuse', 2020),
(54, 3, 6, 'seche', 2021),
(55, 14, 11, 'seche', 2021),
(56, 8, 3, 'seche', 2020),
(57, 25, 5, 'seche', 2021),
(58, 31, 10, 'pluvieuse', 2019),
(59, 31, 7, 'pluvieuse', 2020),
(60, 24, 12, 'seche', 2021),
(61, 23, 6, 'seche', 2021),
(62, 6, 10, 'pluvieuse', 2020),
(63, 5, 9, 'pluvieuse', 2021),
(64, 15, 1, 'seche', 2020),
(65, 8, 9, 'pluvieuse', 2020),
(66, 10, 9, 'pluvieuse', 2021),
(67, 22, 11, 'seche', 2020),
(68, 18, 10, 'pluvieuse', 2020),
(69, 11, 3, 'seche', 2020),
(70, 3, 12, 'seche', 2021),
(71, 7, 2, 'seche', 2020),
(72, 10, 3, 'seche', 2021),
(73, 29, 3, 'seche', 2021),
(74, 26, 3, 'seche', 2021),
(75, 20, 1, 'seche', 2021),
(76, 22, 1, 'seche', 2020),
(77, 25, 12, 'seche', 2020),
(78, 5, 9, 'pluvieuse', 2021),
(79, 29, 9, 'pluvieuse', 2021),
(80, 11, 6, 'seche', 2021),
(81, 7, 6, 'seche', 2021),
(82, 5, 4, 'seche', 2020),
(83, 17, 2, 'seche', 2020),
(84, 7, 3, 'seche', 2020),
(85, 23, 10, 'pluvieuse', 2021),
(86, 11, 3, 'seche', 2020),
(87, 17, 2, 'seche', 2020),
(88, 16, 3, 'seche', 2020),
(89, 2, 12, 'seche', 2019),
(90, 26, 10, 'pluvieuse', 2020),
(91, 2, 1, 'seche', 2020),
(92, 29, 11, 'seche', 2020),
(93, 1, 8, 'pluvieuse', 2021),
(94, 28, 8, 'pluvieuse', 2020),
(95, 6, 12, 'seche', 2020),
(96, 14, 9, 'pluvieuse', 2020),
(97, 1, 10, 'pluvieuse', 2020),
(98, 14, 1, 'seche', 2021),
(99, 31, 1, 'seche', 2021),
(100, 17, 4, 'seche', 2020),
(101, 13, 12, 'seche', 2021),
(102, 8, 12, 'seche', 2021),
(103, 10, 4, 'seche', 2021),
(104, 3, 4, 'seche', 2021),
(105, 11, 4, 'seche', 2020),
(106, 30, 4, 'seche', 2020),
(107, 21, 7, 'pluvieuse', 2020),
(108, 3, 1, 'seche', 2021),
(109, 10, 3, 'seche', 2020),
(110, 12, 11, 'seche', 2021),
(111, 11, 4, 'seche', 2020),
(112, 16, 4, 'seche', 2020),
(113, 24, 8, 'pluvieuse', 2021),
(114, 19, 6, 'seche', 2021),
(115, 15, 9, 'pluvieuse', 2021),
(116, 24, 12, 'seche', 2020),
(117, 10, 7, 'pluvieuse', 2020),
(118, 4, 5, 'seche', 2021),
(119, 30, 10, 'pluvieuse', 2019),
(120, 28, 1, 'seche', 2020),
(121, 8, 2, 'seche', 2020),
(122, 18, 10, 'pluvieuse', 2021),
(123, 5, 9, 'pluvieuse', 2021),
(124, 30, 12, 'seche', 2021),
(125, 15, 1, 'seche', 2020),
(126, 2, 11, 'seche', 2019),
(127, 16, 11, 'seche', 2020),
(128, 8, 12, 'seche', 2021),
(129, 19, 1, 'seche', 2021),
(130, 22, 4, 'seche', 2021),
(131, 6, 4, 'seche', 2021),
(132, 10, 11, 'seche', 2020),
(133, 9, 1, 'seche', 2021),
(134, 17, 4, 'seche', 2020),
(135, 17, 8, 'pluvieuse', 2021),
(136, 21, 5, 'seche', 2021),
(137, 1, 8, 'pluvieuse', 2021),
(138, 29, 11, 'seche', 2020),
(139, 27, 7, 'pluvieuse', 2020),
(140, 15, 1, 'seche', 2021),
(141, 30, 3, 'seche', 2020),
(142, 14, 11, 'seche', 2019),
(143, 6, 1, 'seche', 2021),
(144, 28, 8, 'pluvieuse', 2021),
(145, 6, 12, 'seche', 2021),
(146, 20, 6, 'seche', 2020),
(147, 3, 12, 'seche', 2019),
(148, 12, 7, 'pluvieuse', 2020),
(149, 17, 5, 'seche', 2021),
(150, 28, 2, 'seche', 2020),
(151, 22, 8, 'pluvieuse', 2020),
(152, 28, 10, 'pluvieuse', 2019),
(153, 29, 11, 'seche', 2020),
(154, 2, 3, 'seche', 2020),
(155, 24, 1, 'seche', 2020),
(156, 10, 3, 'seche', 2021),
(157, 4, 11, 'seche', 2021),
(158, 29, 10, 'pluvieuse', 2020),
(159, 29, 8, 'pluvieuse', 2020),
(160, 23, 10, 'pluvieuse', 2020),
(161, 20, 12, 'seche', 2020),
(162, 21, 3, 'seche', 2021),
(163, 14, 10, 'pluvieuse', 2020),
(164, 31, 10, 'pluvieuse', 2021),
(165, 20, 12, 'seche', 2020),
(166, 10, 5, 'seche', 2020),
(167, 23, 6, 'seche', 2021),
(168, 22, 12, 'seche', 2020),
(169, 29, 5, 'seche', 2021),
(170, 27, 6, 'seche', 2021),
(171, 22, 4, 'seche', 2021),
(172, 22, 4, 'seche', 2020),
(173, 30, 10, 'pluvieuse', 2020),
(174, 11, 8, 'pluvieuse', 2021),
(175, 26, 10, 'pluvieuse', 2021),
(176, 8, 2, 'seche', 2020),
(177, 6, 4, 'seche', 2020),
(178, 27, 5, 'seche', 2021),
(179, 13, 11, 'seche', 2021),
(180, 6, 7, 'pluvieuse', 2021),
(181, 12, 2, 'seche', 2020),
(182, 5, 2, 'seche', 2021),
(183, 9, 5, 'seche', 2020),
(184, 18, 4, 'seche', 2020),
(185, 6, 5, 'seche', 2021),
(186, 1, 2, 'seche', 2020),
(187, 1, 4, 'seche', 2021),
(188, 29, 5, 'seche', 2020),
(189, 10, 10, 'pluvieuse', 2020),
(190, 24, 11, 'seche', 2021),
(191, 10, 9, 'pluvieuse', 2021),
(192, 28, 8, 'pluvieuse', 2021),
(193, 12, 9, 'pluvieuse', 2021),
(194, 5, 12, 'seche', 2021),
(195, 7, 12, 'seche', 2020),
(196, 26, 11, 'seche', 2020),
(197, 31, 8, 'pluvieuse', 2020),
(198, 4, 4, 'seche', 2020),
(199, 22, 3, 'seche', 2021),
(200, 19, 9, 'pluvieuse', 2020),
(201, 16, 11, 'seche', 2021),
(202, 22, 10, 'pluvieuse', 2021),
(203, 11, 9, 'pluvieuse', 2020),
(204, 29, 12, 'seche', 2019),
(205, 19, 6, 'seche', 2021),
(206, 27, 11, 'seche', 2021),
(207, 20, 4, 'seche', 2021),
(208, 28, 9, 'pluvieuse', 2020),
(209, 31, 8, 'pluvieuse', 2021),
(210, 21, 2, 'seche', 2020),
(211, 14, 12, 'seche', 2020),
(212, 13, 1, 'seche', 2021),
(213, 12, 12, 'seche', 2019),
(214, 19, 12, 'seche', 2020),
(215, 6, 8, 'pluvieuse', 2020),
(216, 23, 4, 'seche', 2021),
(217, 18, 9, 'pluvieuse', 2021),
(218, 22, 4, 'seche', 2020),
(219, 22, 12, 'seche', 2020),
(220, 21, 5, 'seche', 2021),
(221, 7, 12, 'seche', 2019),
(222, 6, 12, 'seche', 2020),
(223, 10, 3, 'seche', 2020),
(224, 26, 11, 'seche', 2020),
(225, 15, 11, 'seche', 2021),
(226, 30, 8, 'pluvieuse', 2021),
(227, 8, 3, 'seche', 2021),
(228, 19, 7, 'pluvieuse', 2020),
(229, 25, 2, 'seche', 2021),
(230, 18, 4, 'seche', 2020),
(231, 25, 3, 'seche', 2020),
(232, 15, 5, 'seche', 2020),
(233, 2, 4, 'seche', 2020),
(234, 27, 10, 'pluvieuse', 2019),
(235, 16, 10, 'pluvieuse', 2020),
(236, 8, 2, 'seche', 2021),
(237, 19, 11, 'seche', 2021),
(238, 5, 9, 'pluvieuse', 2021),
(239, 10, 6, 'seche', 2020),
(240, 10, 11, 'seche', 2021),
(241, 13, 8, 'pluvieuse', 2020),
(242, 25, 10, 'pluvieuse', 2019),
(243, 1, 12, 'seche', 2020),
(244, 19, 6, 'seche', 2021),
(245, 11, 6, 'seche', 2021),
(246, 30, 10, 'pluvieuse', 2021),
(247, 5, 5, 'seche', 2021),
(248, 26, 6, 'seche', 2021),
(249, 11, 10, 'pluvieuse', 2020),
(250, 19, 3, 'seche', 2020),
(251, 22, 4, 'seche', 2020),
(252, 4, 8, 'pluvieuse', 2021),
(253, 3, 3, 'seche', 2020),
(254, 19, 11, 'seche', 2020),
(255, 6, 4, 'seche', 2021),
(256, 9, 8, 'pluvieuse', 2020),
(257, 15, 7, 'pluvieuse', 2021),
(258, 12, 5, 'seche', 2020),
(259, 14, 3, 'seche', 2020),
(260, 24, 3, 'seche', 2020),
(261, 10, 1, 'seche', 2020),
(262, 24, 11, 'seche', 2019),
(263, 21, 1, 'seche', 2021),
(264, 27, 12, 'seche', 2021),
(265, 26, 10, 'pluvieuse', 2019),
(266, 6, 6, 'seche', 2021),
(267, 24, 12, 'seche', 2019),
(268, 29, 11, 'seche', 2021),
(269, 21, 3, 'seche', 2021),
(270, 21, 7, 'pluvieuse', 2020),
(271, 1, 3, 'seche', 2020),
(272, 25, 2, 'seche', 2021),
(273, 8, 2, 'seche', 2021),
(274, 11, 8, 'pluvieuse', 2020),
(275, 24, 11, 'seche', 2021),
(276, 10, 9, 'pluvieuse', 2020),
(277, 15, 3, 'seche', 2020),
(278, 28, 12, 'seche', 2020),
(279, 3, 9, 'pluvieuse', 2020),
(280, 28, 11, 'seche', 2021),
(281, 25, 9, 'pluvieuse', 2021),
(282, 18, 1, 'seche', 2021),
(283, 6, 5, 'seche', 2020),
(284, 22, 10, 'pluvieuse', 2021),
(285, 4, 9, 'pluvieuse', 2020),
(286, 10, 4, 'seche', 2020),
(287, 15, 5, 'seche', 2020),
(288, 10, 10, 'pluvieuse', 2021),
(289, 5, 10, 'pluvieuse', 2021),
(290, 3, 5, 'seche', 2020),
(291, 26, 12, 'seche', 2021),
(292, 20, 6, 'seche', 2020),
(293, 14, 6, 'seche', 2021),
(294, 11, 6, 'seche', 2021),
(295, 26, 12, 'seche', 2021),
(296, 24, 4, 'seche', 2020),
(297, 30, 9, 'pluvieuse', 2021),
(298, 15, 7, 'pluvieuse', 2020),
(299, 9, 4, 'seche', 2021),
(300, 29, 2, 'seche', 2020),
(301, 12, 12, 'seche', 2019),
(302, 12, 8, 'pluvieuse', 2021),
(303, 16, 10, 'pluvieuse', 2019),
(304, 4, 3, 'seche', 2020),
(305, 18, 2, 'seche', 2021),
(306, 20, 9, 'pluvieuse', 2021),
(307, 28, 11, 'seche', 2021),
(308, 22, 1, 'seche', 2021),
(309, 23, 4, 'seche', 2020),
(310, 31, 8, 'pluvieuse', 2020),
(311, 28, 9, 'pluvieuse', 2021),
(312, 19, 10, 'pluvieuse', 2020),
(313, 1, 12, 'seche', 2020),
(314, 23, 5, 'seche', 2021),
(315, 8, 10, 'pluvieuse', 2021),
(316, 20, 6, 'seche', 2021),
(317, 26, 6, 'seche', 2020),
(318, 5, 5, 'seche', 2021),
(319, 28, 11, 'seche', 2021),
(320, 11, 1, 'seche', 2020),
(321, 10, 7, 'pluvieuse', 2021),
(322, 28, 12, 'seche', 2020),
(323, 3, 7, 'pluvieuse', 2021),
(324, 3, 2, 'seche', 2020),
(325, 31, 1, 'seche', 2021),
(326, 3, 8, 'pluvieuse', 2021),
(327, 26, 10, 'pluvieuse', 2021),
(328, 18, 5, 'seche', 2020),
(329, 7, 2, 'seche', 2021),
(330, 2, 7, 'pluvieuse', 2020),
(331, 5, 11, 'seche', 2019),
(332, 5, 2, 'seche', 2020),
(333, 6, 12, 'seche', 2020),
(334, 30, 7, 'pluvieuse', 2020),
(335, 21, 11, 'seche', 2020),
(336, 4, 4, 'seche', 2021),
(337, 15, 12, 'seche', 2019),
(338, 18, 12, 'seche', 2020),
(339, 22, 2, 'seche', 2021),
(340, 22, 4, 'seche', 2020),
(341, 5, 11, 'seche', 2021),
(342, 17, 10, 'pluvieuse', 2021),
(343, 10, 12, 'seche', 2019),
(344, 28, 8, 'pluvieuse', 2021),
(345, 25, 7, 'pluvieuse', 2020),
(346, 3, 9, 'pluvieuse', 2020),
(347, 28, 2, 'seche', 2020),
(348, 8, 9, 'pluvieuse', 2021),
(349, 5, 10, 'pluvieuse', 2020),
(350, 7, 12, 'seche', 2020),
(351, 27, 6, 'seche', 2020),
(352, 12, 12, 'seche', 2021),
(353, 24, 10, 'pluvieuse', 2020),
(354, 2, 9, 'pluvieuse', 2021),
(355, 25, 5, 'seche', 2020),
(356, 25, 9, 'pluvieuse', 2021),
(357, 19, 6, 'seche', 2020),
(358, 8, 8, 'pluvieuse', 2020),
(359, 20, 8, 'pluvieuse', 2020),
(360, 13, 4, 'seche', 2020),
(361, 12, 9, 'pluvieuse', 2020),
(362, 19, 3, 'seche', 2020),
(363, 14, 2, 'seche', 2021),
(364, 2, 4, 'seche', 2021),
(365, 7, 12, 'seche', 2019),
(366, 16, 4, 'seche', 2021),
(367, 5, 1, 'seche', 2021),
(368, 9, 1, 'seche', 2021),
(369, 7, 1, 'seche', 2021),
(370, 2, 2, 'seche', 2020),
(371, 27, 9, 'pluvieuse', 2020),
(372, 24, 12, 'seche', 2020),
(373, 21, 1, 'seche', 2021),
(374, 16, 12, 'seche', 2020),
(375, 11, 1, 'seche', 2021),
(376, 12, 7, 'pluvieuse', 2021),
(377, 4, 11, 'seche', 2021),
(378, 12, 12, 'seche', 2019),
(379, 25, 10, 'pluvieuse', 2020),
(380, 26, 6, 'seche', 2020),
(381, 16, 1, 'seche', 2021),
(382, 15, 12, 'seche', 2020),
(383, 1, 2, 'seche', 2021),
(384, 4, 11, 'seche', 2019),
(385, 6, 3, 'seche', 2020),
(386, 18, 1, 'seche', 2020),
(387, 13, 12, 'seche', 2021),
(388, 25, 5, 'seche', 2021),
(389, 30, 5, 'seche', 2020),
(390, 13, 11, 'seche', 2020),
(391, 17, 2, 'seche', 2021),
(392, 14, 7, 'pluvieuse', 2020),
(393, 25, 11, 'seche', 2019),
(394, 24, 7, 'pluvieuse', 2021),
(395, 1, 2, 'seche', 2021),
(396, 9, 1, 'seche', 2020),
(397, 21, 7, 'pluvieuse', 2020),
(398, 2, 5, 'seche', 2021),
(399, 13, 4, 'seche', 2021),
(400, 15, 9, 'pluvieuse', 2021),
(401, 7, 2, 'seche', 2021),
(402, 4, 12, 'seche', 2019),
(403, 14, 7, 'pluvieuse', 2020),
(404, 11, 5, 'seche', 2021),
(405, 3, 11, 'seche', 2019),
(406, 29, 11, 'seche', 2019),
(407, 23, 9, 'pluvieuse', 2021),
(408, 10, 11, 'seche', 2020),
(409, 21, 2, 'seche', 2021),
(410, 1, 6, 'seche', 2021),
(411, 24, 4, 'seche', 2021),
(412, 24, 6, 'seche', 2020),
(413, 16, 10, 'pluvieuse', 2019),
(414, 27, 2, 'seche', 2021),
(415, 12, 11, 'seche', 2019),
(416, 25, 7, 'pluvieuse', 2021),
(417, 29, 12, 'seche', 2021),
(418, 24, 4, 'seche', 2020),
(419, 1, 12, 'seche', 2019),
(420, 10, 10, 'pluvieuse', 2020),
(421, 22, 8, 'pluvieuse', 2021),
(422, 25, 11, 'seche', 2021),
(423, 6, 12, 'seche', 2021),
(424, 31, 12, 'seche', 2020),
(425, 27, 2, 'seche', 2020),
(426, 16, 10, 'pluvieuse', 2019),
(427, 30, 6, 'seche', 2020),
(428, 1, 12, 'seche', 2020),
(429, 12, 4, 'seche', 2020),
(430, 28, 11, 'seche', 2019),
(431, 24, 1, 'seche', 2020),
(432, 15, 4, 'seche', 2020),
(433, 26, 10, 'pluvieuse', 2021),
(434, 20, 9, 'pluvieuse', 2021),
(435, 2, 12, 'seche', 2019),
(436, 14, 10, 'pluvieuse', 2020),
(437, 27, 3, 'seche', 2020),
(438, 1, 9, 'pluvieuse', 2020),
(439, 3, 10, 'pluvieuse', 2021),
(440, 13, 10, 'pluvieuse', 2021),
(441, 30, 10, 'pluvieuse', 2021),
(442, 11, 2, 'seche', 2020),
(443, 22, 1, 'seche', 2021),
(444, 1, 9, 'pluvieuse', 2020),
(445, 23, 6, 'seche', 2021),
(446, 15, 3, 'seche', 2020),
(447, 29, 11, 'seche', 2019),
(448, 18, 8, 'pluvieuse', 2020),
(449, 3, 11, 'seche', 2019),
(450, 27, 6, 'seche', 2021),
(451, 1, 2, 'seche', 2021),
(452, 12, 12, 'seche', 2020),
(453, 21, 11, 'seche', 2020),
(454, 17, 12, 'seche', 2019),
(455, 20, 1, 'seche', 2021),
(456, 1, 2, 'seche', 2020),
(457, 17, 7, 'pluvieuse', 2020),
(458, 6, 9, 'pluvieuse', 2021),
(459, 27, 10, 'pluvieuse', 2019),
(460, 26, 11, 'seche', 2021),
(461, 13, 11, 'seche', 2021),
(462, 27, 12, 'seche', 2020),
(463, 8, 5, 'seche', 2021),
(464, 2, 10, 'pluvieuse', 2020),
(465, 5, 11, 'seche', 2019),
(466, 6, 12, 'seche', 2019),
(467, 20, 5, 'seche', 2020),
(468, 6, 5, 'seche', 2020),
(469, 17, 9, 'pluvieuse', 2020),
(470, 18, 9, 'pluvieuse', 2021),
(471, 13, 7, 'pluvieuse', 2020),
(472, 3, 12, 'seche', 2019),
(473, 26, 10, 'pluvieuse', 2021),
(474, 14, 11, 'seche', 2019),
(475, 20, 6, 'seche', 2020),
(476, 17, 9, 'pluvieuse', 2021),
(477, 10, 8, 'pluvieuse', 2021),
(478, 2, 10, 'pluvieuse', 2021),
(479, 30, 3, 'seche', 2021),
(480, 10, 3, 'seche', 2021),
(481, 20, 5, 'seche', 2021),
(482, 3, 5, 'seche', 2020),
(483, 11, 9, 'pluvieuse', 2020),
(484, 17, 6, 'seche', 2020),
(485, 2, 5, 'seche', 2020),
(486, 23, 3, 'seche', 2020),
(487, 20, 12, 'seche', 2021),
(488, 21, 5, 'seche', 2020),
(489, 16, 12, 'seche', 2021),
(490, 21, 5, 'seche', 2021),
(491, 8, 1, 'seche', 2021),
(492, 27, 8, 'pluvieuse', 2021),
(493, 5, 12, 'seche', 2019),
(494, 17, 2, 'seche', 2020),
(495, 17, 8, 'pluvieuse', 2020),
(496, 8, 12, 'seche', 2020),
(497, 28, 5, 'seche', 2020),
(498, 7, 12, 'seche', 2021),
(499, 20, 11, 'seche', 2020),
(500, 24, 8, 'pluvieuse', 2021),
(501, 7, 12, 'seche', 2021),
(502, 3, 10, 'pluvieuse', 2021),
(503, 28, 5, 'seche', 2021),
(504, 23, 3, 'seche', 2020),
(505, 19, 4, 'seche', 2020),
(506, 27, 9, 'pluvieuse', 2021),
(507, 20, 4, 'seche', 2021),
(508, 30, 12, 'seche', 2019),
(509, 5, 12, 'seche', 2019),
(510, 4, 5, 'seche', 2021),
(511, 2, 2, 'seche', 2021),
(512, 10, 9, 'pluvieuse', 2021),
(513, 19, 9, 'pluvieuse', 2021),
(514, 28, 5, 'seche', 2020),
(515, 6, 7, 'pluvieuse', 2021),
(516, 30, 7, 'pluvieuse', 2020),
(517, 5, 8, 'pluvieuse', 2021),
(518, 4, 9, 'pluvieuse', 2020),
(519, 14, 5, 'seche', 2021),
(520, 6, 11, 'seche', 2020),
(521, 22, 11, 'seche', 2019),
(522, 9, 5, 'seche', 2021),
(523, 17, 4, 'seche', 2021),
(524, 19, 4, 'seche', 2020),
(525, 12, 10, 'pluvieuse', 2021),
(526, 1, 12, 'seche', 2020),
(527, 17, 4, 'seche', 2021),
(528, 26, 6, 'seche', 2021),
(529, 4, 11, 'seche', 2019),
(530, 29, 3, 'seche', 2021),
(531, 9, 2, 'seche', 2020),
(532, 22, 1, 'seche', 2021),
(533, 13, 3, 'seche', 2020),
(534, 25, 2, 'seche', 2020),
(535, 25, 2, 'seche', 2020),
(536, 1, 8, 'pluvieuse', 2021),
(537, 19, 2, 'seche', 2020),
(538, 14, 5, 'seche', 2021),
(539, 15, 12, 'seche', 2019),
(540, 10, 4, 'seche', 2020),
(541, 18, 12, 'seche', 2021),
(542, 26, 3, 'seche', 2020),
(543, 21, 11, 'seche', 2019),
(544, 16, 5, 'seche', 2021),
(545, 18, 8, 'pluvieuse', 2020),
(546, 21, 11, 'seche', 2019),
(547, 13, 4, 'seche', 2020),
(548, 26, 1, 'seche', 2020),
(549, 23, 11, 'seche', 2020),
(550, 13, 6, 'seche', 2021),
(551, 11, 10, 'pluvieuse', 2020),
(552, 24, 3, 'seche', 2021),
(553, 9, 2, 'seche', 2021),
(554, 10, 1, 'seche', 2021),
(555, 13, 4, 'seche', 2020),
(556, 21, 5, 'seche', 2020),
(557, 27, 2, 'seche', 2021),
(558, 15, 7, 'pluvieuse', 2021),
(559, 22, 10, 'pluvieuse', 2021),
(560, 26, 12, 'seche', 2020),
(561, 9, 11, 'seche', 2020),
(562, 24, 8, 'pluvieuse', 2020),
(563, 3, 2, 'seche', 2020),
(564, 17, 11, 'seche', 2020),
(565, 23, 12, 'seche', 2020),
(566, 20, 2, 'seche', 2021),
(567, 15, 9, 'pluvieuse', 2021),
(568, 14, 8, 'pluvieuse', 2020),
(569, 29, 10, 'pluvieuse', 2021),
(570, 17, 10, 'pluvieuse', 2021),
(571, 21, 8, 'pluvieuse', 2021),
(572, 5, 11, 'seche', 2019),
(573, 10, 1, 'seche', 2020),
(574, 17, 9, 'pluvieuse', 2021),
(575, 15, 12, 'seche', 2019),
(576, 27, 12, 'seche', 2021),
(577, 24, 5, 'seche', 2021),
(578, 23, 10, 'pluvieuse', 2019),
(579, 7, 6, 'seche', 2021),
(580, 24, 5, 'seche', 2020),
(581, 27, 3, 'seche', 2020),
(582, 16, 7, 'pluvieuse', 2020),
(583, 30, 12, 'seche', 2020),
(584, 3, 11, 'seche', 2021),
(585, 11, 6, 'seche', 2021),
(586, 28, 10, 'pluvieuse', 2020),
(587, 9, 10, 'pluvieuse', 2021),
(588, 11, 3, 'seche', 2021),
(589, 31, 8, 'pluvieuse', 2021),
(590, 3, 10, 'pluvieuse', 2020),
(591, 31, 5, 'seche', 2021),
(592, 20, 10, 'pluvieuse', 2020),
(593, 3, 8, 'pluvieuse', 2021),
(594, 6, 2, 'seche', 2021),
(595, 10, 12, 'seche', 2019),
(596, 18, 9, 'pluvieuse', 2021),
(597, 20, 6, 'seche', 2021),
(598, 11, 10, 'pluvieuse', 2020),
(599, 24, 7, 'pluvieuse', 2020),
(600, 9, 9, 'pluvieuse', 2021),
(601, 28, 9, 'pluvieuse', 2020),
(602, 17, 1, 'seche', 2021),
(603, 26, 8, 'pluvieuse', 2020),
(604, 30, 6, 'seche', 2021),
(605, 27, 12, 'seche', 2020),
(606, 25, 10, 'pluvieuse', 2020),
(607, 18, 8, 'pluvieuse', 2020),
(608, 12, 8, 'pluvieuse', 2021),
(609, 12, 1, 'seche', 2020),
(610, 15, 5, 'seche', 2020),
(611, 8, 10, 'pluvieuse', 2020),
(612, 26, 3, 'seche', 2021),
(613, 6, 12, 'seche', 2020),
(614, 11, 6, 'seche', 2020),
(615, 22, 12, 'seche', 2019),
(616, 23, 1, 'seche', 2021),
(617, 7, 9, 'pluvieuse', 2021),
(618, 22, 6, 'seche', 2021),
(619, 11, 9, 'pluvieuse', 2021),
(620, 4, 12, 'seche', 2021),
(621, 13, 9, 'pluvieuse', 2020),
(622, 28, 8, 'pluvieuse', 2020),
(623, 22, 9, 'pluvieuse', 2020),
(624, 15, 11, 'seche', 2019),
(625, 28, 6, 'seche', 2021),
(626, 19, 3, 'seche', 2021),
(627, 3, 7, 'pluvieuse', 2021),
(628, 9, 12, 'seche', 2020),
(629, 27, 11, 'seche', 2020),
(630, 11, 6, 'seche', 2020),
(631, 21, 3, 'seche', 2021),
(632, 1, 12, 'seche', 2019),
(633, 9, 1, 'seche', 2020),
(634, 9, 12, 'seche', 2020),
(635, 2, 9, 'pluvieuse', 2020),
(636, 15, 5, 'seche', 2021),
(637, 27, 2, 'seche', 2021),
(638, 8, 1, 'seche', 2021),
(639, 6, 10, 'pluvieuse', 2020),
(640, 4, 11, 'seche', 2019),
(641, 5, 9, 'pluvieuse', 2020),
(642, 15, 3, 'seche', 2021),
(643, 14, 8, 'pluvieuse', 2020),
(644, 19, 8, 'pluvieuse', 2021),
(645, 16, 6, 'seche', 2020),
(646, 3, 12, 'seche', 2021),
(647, 14, 6, 'seche', 2020),
(648, 10, 3, 'seche', 2021),
(649, 2, 8, 'pluvieuse', 2021),
(650, 15, 3, 'seche', 2021),
(651, 10, 7, 'pluvieuse', 2020),
(652, 24, 11, 'seche', 2021),
(653, 1, 4, 'seche', 2021),
(654, 15, 5, 'seche', 2021),
(655, 28, 3, 'seche', 2020),
(656, 14, 2, 'seche', 2020),
(657, 1, 2, 'seche', 2020),
(658, 26, 1, 'seche', 2021),
(659, 19, 5, 'seche', 2020),
(660, 30, 9, 'pluvieuse', 2021),
(661, 26, 11, 'seche', 2019),
(662, 3, 11, 'seche', 2020),
(663, 14, 9, 'pluvieuse', 2020),
(664, 24, 8, 'pluvieuse', 2020),
(665, 10, 4, 'seche', 2020),
(666, 20, 7, 'pluvieuse', 2021),
(667, 9, 3, 'seche', 2021),
(668, 9, 10, 'pluvieuse', 2020),
(669, 29, 10, 'pluvieuse', 2020),
(670, 10, 9, 'pluvieuse', 2021),
(671, 27, 8, 'pluvieuse', 2021),
(672, 16, 11, 'seche', 2021),
(673, 7, 1, 'seche', 2021),
(674, 8, 3, 'seche', 2020),
(675, 18, 1, 'seche', 2021),
(676, 19, 11, 'seche', 2021),
(677, 20, 3, 'seche', 2021),
(678, 13, 4, 'seche', 2021),
(679, 23, 4, 'seche', 2020),
(680, 1, 2, 'seche', 2020),
(681, 7, 2, 'seche', 2020),
(682, 26, 5, 'seche', 2021),
(683, 24, 12, 'seche', 2021),
(684, 24, 10, 'pluvieuse', 2021),
(685, 27, 7, 'pluvieuse', 2021),
(686, 17, 5, 'seche', 2020),
(687, 30, 12, 'seche', 2019),
(688, 14, 1, 'seche', 2020),
(689, 18, 5, 'seche', 2020),
(690, 20, 11, 'seche', 2020),
(691, 4, 6, 'seche', 2021),
(692, 26, 11, 'seche', 2020),
(693, 22, 6, 'seche', 2021),
(694, 16, 7, 'pluvieuse', 2020),
(695, 13, 7, 'pluvieuse', 2020),
(696, 19, 6, 'seche', 2021),
(697, 4, 9, 'pluvieuse', 2020),
(698, 25, 9, 'pluvieuse', 2020),
(699, 5, 10, 'pluvieuse', 2021),
(700, 27, 3, 'seche', 2021),
(701, 12, 9, 'pluvieuse', 2021),
(702, 17, 3, 'seche', 2020),
(703, 16, 12, 'seche', 2020),
(704, 6, 6, 'seche', 2020),
(705, 23, 12, 'seche', 2019),
(706, 23, 10, 'pluvieuse', 2019),
(707, 3, 9, 'pluvieuse', 2021),
(708, 9, 3, 'seche', 2021),
(709, 2, 5, 'seche', 2020),
(710, 4, 1, 'seche', 2021),
(711, 10, 3, 'seche', 2021),
(712, 14, 5, 'seche', 2021),
(713, 27, 4, 'seche', 2021),
(714, 27, 12, 'seche', 2020),
(715, 3, 4, 'seche', 2021),
(716, 11, 1, 'seche', 2021),
(717, 20, 6, 'seche', 2021),
(718, 27, 12, 'seche', 2021),
(719, 10, 4, 'seche', 2021),
(720, 16, 11, 'seche', 2021),
(721, 14, 2, 'seche', 2020),
(722, 21, 2, 'seche', 2021),
(723, 28, 9, 'pluvieuse', 2020),
(724, 4, 11, 'seche', 2019),
(725, 21, 11, 'seche', 2020),
(726, 12, 11, 'seche', 2021),
(727, 14, 8, 'pluvieuse', 2021),
(728, 22, 11, 'seche', 2020),
(729, 10, 1, 'seche', 2021),
(730, 4, 10, 'pluvieuse', 2021),
(731, 3, 3, 'seche', 2021),
(732, 31, 12, 'seche', 2020),
(733, 13, 9, 'pluvieuse', 2021),
(734, 26, 3, 'seche', 2021),
(735, 12, 5, 'seche', 2021),
(736, 23, 10, 'pluvieuse', 2020),
(737, 9, 3, 'seche', 2021),
(738, 21, 10, 'pluvieuse', 2020),
(739, 6, 4, 'seche', 2021),
(740, 12, 12, 'seche', 2019),
(741, 5, 5, 'seche', 2020),
(742, 3, 11, 'seche', 2020),
(743, 18, 5, 'seche', 2021),
(744, 28, 2, 'seche', 2021),
(745, 21, 8, 'pluvieuse', 2021),
(746, 1, 5, 'seche', 2021),
(747, 3, 9, 'pluvieuse', 2021),
(748, 26, 6, 'seche', 2020),
(749, 30, 4, 'seche', 2021),
(750, 19, 1, 'seche', 2020),
(751, 26, 7, 'pluvieuse', 2020),
(752, 26, 11, 'seche', 2019),
(753, 24, 11, 'seche', 2021),
(754, 23, 10, 'pluvieuse', 2021),
(755, 2, 8, 'pluvieuse', 2020),
(756, 8, 8, 'pluvieuse', 2020),
(757, 4, 7, 'pluvieuse', 2021),
(758, 2, 2, 'seche', 2020),
(759, 20, 4, 'seche', 2021),
(760, 23, 2, 'seche', 2020),
(761, 15, 12, 'seche', 2020),
(762, 6, 4, 'seche', 2020),
(763, 28, 10, 'pluvieuse', 2019),
(764, 9, 11, 'seche', 2021),
(765, 4, 4, 'seche', 2021),
(766, 14, 8, 'pluvieuse', 2021),
(767, 4, 8, 'pluvieuse', 2021),
(768, 22, 12, 'seche', 2019),
(769, 21, 1, 'seche', 2021),
(770, 8, 2, 'seche', 2021),
(771, 23, 12, 'seche', 2019),
(772, 9, 7, 'pluvieuse', 2020),
(773, 9, 7, 'pluvieuse', 2020),
(774, 30, 7, 'pluvieuse', 2020),
(775, 14, 9, 'pluvieuse', 2021),
(776, 24, 12, 'seche', 2021),
(777, 6, 1, 'seche', 2021),
(778, 3, 11, 'seche', 2021),
(779, 16, 10, 'pluvieuse', 2019),
(780, 28, 10, 'pluvieuse', 2019),
(781, 31, 1, 'seche', 2020),
(782, 29, 5, 'seche', 2021),
(783, 10, 5, 'seche', 2021),
(784, 23, 10, 'pluvieuse', 2020),
(785, 18, 3, 'seche', 2021),
(786, 4, 1, 'seche', 2021),
(787, 5, 7, 'pluvieuse', 2021),
(788, 23, 4, 'seche', 2021),
(789, 29, 10, 'pluvieuse', 2020),
(790, 27, 9, 'pluvieuse', 2021),
(791, 6, 6, 'seche', 2020),
(792, 11, 12, 'seche', 2021),
(793, 13, 12, 'seche', 2020),
(794, 11, 5, 'seche', 2020),
(795, 18, 10, 'pluvieuse', 2019),
(796, 18, 7, 'pluvieuse', 2020),
(797, 22, 8, 'pluvieuse', 2020),
(798, 8, 11, 'seche', 2020),
(799, 14, 10, 'pluvieuse', 2020),
(800, 26, 10, 'pluvieuse', 2021),
(801, 14, 4, 'seche', 2021),
(802, 15, 11, 'seche', 2020),
(803, 18, 11, 'seche', 2019),
(804, 2, 3, 'seche', 2021),
(805, 14, 4, 'seche', 2021),
(806, 20, 10, 'pluvieuse', 2019),
(807, 25, 9, 'pluvieuse', 2020),
(808, 15, 3, 'seche', 2020),
(809, 23, 8, 'pluvieuse', 2021),
(810, 9, 12, 'seche', 2019),
(811, 16, 2, 'seche', 2021),
(812, 11, 4, 'seche', 2021),
(813, 7, 4, 'seche', 2021),
(814, 22, 11, 'seche', 2021),
(815, 25, 11, 'seche', 2020),
(816, 17, 4, 'seche', 2021),
(817, 28, 7, 'pluvieuse', 2021),
(818, 12, 1, 'seche', 2020),
(819, 27, 1, 'seche', 2020),
(820, 18, 5, 'seche', 2020),
(821, 14, 8, 'pluvieuse', 2021),
(822, 13, 9, 'pluvieuse', 2020),
(823, 21, 11, 'seche', 2021),
(824, 14, 1, 'seche', 2021),
(825, 26, 11, 'seche', 2019),
(826, 3, 12, 'seche', 2019),
(827, 16, 7, 'pluvieuse', 2020),
(828, 22, 4, 'seche', 2020),
(829, 1, 11, 'seche', 2019),
(830, 15, 12, 'seche', 2020),
(831, 19, 1, 'seche', 2021),
(832, 11, 10, 'pluvieuse', 2021),
(833, 16, 9, 'pluvieuse', 2021),
(834, 7, 5, 'seche', 2021),
(835, 9, 1, 'seche', 2020),
(836, 12, 4, 'seche', 2021),
(837, 26, 10, 'pluvieuse', 2019),
(838, 3, 12, 'seche', 2021),
(839, 3, 9, 'pluvieuse', 2021),
(840, 24, 6, 'seche', 2021),
(841, 26, 11, 'seche', 2019),
(842, 22, 3, 'seche', 2021),
(843, 28, 1, 'seche', 2021),
(844, 6, 10, 'pluvieuse', 2021),
(845, 27, 1, 'seche', 2021),
(846, 10, 8, 'pluvieuse', 2020),
(847, 21, 5, 'seche', 2021),
(848, 25, 8, 'pluvieuse', 2021),
(849, 23, 8, 'pluvieuse', 2020),
(850, 9, 12, 'seche', 2019),
(851, 7, 12, 'seche', 2021),
(852, 10, 12, 'seche', 2020),
(853, 29, 10, 'pluvieuse', 2021),
(854, 24, 1, 'seche', 2021),
(855, 8, 5, 'seche', 2020),
(856, 1, 8, 'pluvieuse', 2020),
(857, 9, 8, 'pluvieuse', 2021),
(858, 16, 3, 'seche', 2021),
(859, 15, 10, 'pluvieuse', 2021),
(860, 27, 9, 'pluvieuse', 2020),
(861, 22, 8, 'pluvieuse', 2021),
(862, 11, 6, 'seche', 2020),
(863, 4, 3, 'seche', 2020),
(864, 18, 11, 'seche', 2021),
(865, 8, 11, 'seche', 2019),
(866, 29, 11, 'seche', 2020),
(867, 1, 9, 'pluvieuse', 2020),
(868, 11, 4, 'seche', 2020),
(869, 21, 6, 'seche', 2021),
(870, 1, 4, 'seche', 2020),
(871, 26, 3, 'seche', 2020),
(872, 1, 10, 'pluvieuse', 2020),
(873, 8, 2, 'seche', 2020),
(874, 7, 5, 'seche', 2020),
(875, 1, 3, 'seche', 2020),
(876, 2, 12, 'seche', 2021),
(877, 26, 11, 'seche', 2021),
(878, 28, 5, 'seche', 2020),
(879, 15, 1, 'seche', 2021),
(880, 16, 11, 'seche', 2021),
(881, 5, 2, 'seche', 2020),
(882, 26, 11, 'seche', 2019),
(883, 7, 11, 'seche', 2019),
(884, 5, 10, 'pluvieuse', 2021),
(885, 7, 7, 'pluvieuse', 2020),
(886, 11, 6, 'seche', 2020),
(887, 29, 9, 'pluvieuse', 2020),
(888, 21, 1, 'seche', 2021),
(889, 10, 12, 'seche', 2020),
(890, 6, 1, 'seche', 2020),
(891, 12, 7, 'pluvieuse', 2020),
(892, 8, 9, 'pluvieuse', 2020),
(893, 1, 9, 'pluvieuse', 2020),
(894, 3, 1, 'seche', 2020),
(895, 12, 11, 'seche', 2021),
(896, 2, 6, 'seche', 2021),
(897, 29, 12, 'seche', 2019),
(898, 25, 3, 'seche', 2021),
(899, 1, 6, 'seche', 2020),
(900, 17, 9, 'pluvieuse', 2021),
(901, 16, 4, 'seche', 2021),
(902, 18, 11, 'seche', 2021),
(903, 22, 11, 'seche', 2019),
(904, 28, 1, 'seche', 2021),
(905, 21, 2, 'seche', 2021),
(906, 21, 7, 'pluvieuse', 2020),
(907, 9, 7, 'pluvieuse', 2020),
(908, 15, 3, 'seche', 2021),
(909, 6, 12, 'seche', 2021),
(910, 27, 7, 'pluvieuse', 2020),
(911, 5, 11, 'seche', 2021),
(912, 9, 12, 'seche', 2021),
(913, 30, 1, 'seche', 2020),
(914, 31, 8, 'pluvieuse', 2021),
(915, 15, 4, 'seche', 2021),
(916, 3, 9, 'pluvieuse', 2021),
(917, 8, 10, 'pluvieuse', 2021),
(918, 30, 5, 'seche', 2021),
(919, 7, 8, 'pluvieuse', 2020),
(920, 5, 11, 'seche', 2020),
(921, 25, 4, 'seche', 2021),
(922, 15, 3, 'seche', 2021),
(923, 5, 4, 'seche', 2020),
(924, 4, 8, 'pluvieuse', 2021),
(925, 14, 12, 'seche', 2021),
(926, 15, 4, 'seche', 2021),
(927, 4, 11, 'seche', 2019),
(928, 21, 11, 'seche', 2020),
(929, 11, 12, 'seche', 2020),
(930, 31, 1, 'seche', 2020),
(931, 15, 10, 'pluvieuse', 2021),
(932, 25, 10, 'pluvieuse', 2019),
(933, 12, 9, 'pluvieuse', 2021),
(934, 24, 11, 'seche', 2019),
(935, 30, 3, 'seche', 2021),
(936, 26, 10, 'pluvieuse', 2021),
(937, 7, 7, 'pluvieuse', 2021),
(938, 2, 11, 'seche', 2021),
(939, 3, 8, 'pluvieuse', 2020),
(940, 25, 8, 'pluvieuse', 2020),
(941, 22, 11, 'seche', 2020),
(942, 1, 5, 'seche', 2020),
(943, 19, 2, 'seche', 2021),
(944, 16, 7, 'pluvieuse', 2021),
(945, 7, 1, 'seche', 2020),
(946, 4, 3, 'seche', 2021),
(947, 26, 5, 'seche', 2020),
(948, 17, 10, 'pluvieuse', 2021),
(949, 12, 10, 'pluvieuse', 2021),
(950, 3, 12, 'seche', 2019),
(951, 17, 1, 'seche', 2021),
(952, 24, 12, 'seche', 2021),
(953, 8, 2, 'seche', 2020),
(954, 8, 12, 'seche', 2021),
(955, 23, 4, 'seche', 2021),
(956, 23, 1, 'seche', 2020),
(957, 26, 10, 'pluvieuse', 2020),
(958, 22, 11, 'seche', 2020),
(959, 5, 4, 'seche', 2020),
(960, 30, 1, 'seche', 2020),
(961, 21, 7, 'pluvieuse', 2020),
(962, 26, 12, 'seche', 2019),
(963, 3, 5, 'seche', 2021),
(964, 16, 7, 'pluvieuse', 2021),
(965, 1, 7, 'pluvieuse', 2021),
(966, 28, 9, 'pluvieuse', 2021),
(967, 12, 5, 'seche', 2020),
(968, 3, 8, 'pluvieuse', 2021),
(969, 10, 6, 'seche', 2021),
(970, 15, 8, 'pluvieuse', 2020),
(971, 21, 8, 'pluvieuse', 2021),
(972, 17, 9, 'pluvieuse', 2020),
(973, 22, 4, 'seche', 2020),
(974, 3, 10, 'pluvieuse', 2021),
(975, 8, 2, 'seche', 2020),
(976, 29, 12, 'seche', 2019),
(977, 17, 1, 'seche', 2021),
(978, 8, 9, 'pluvieuse', 2021),
(979, 23, 11, 'seche', 2019),
(980, 26, 6, 'seche', 2020),
(981, 26, 7, 'pluvieuse', 2021),
(982, 5, 4, 'seche', 2020),
(983, 9, 12, 'seche', 2021),
(984, 8, 9, 'pluvieuse', 2021),
(985, 8, 3, 'seche', 2021),
(986, 13, 2, 'seche', 2021),
(987, 28, 2, 'seche', 2020),
(988, 1, 12, 'seche', 2021),
(989, 20, 12, 'seche', 2019),
(990, 30, 12, 'seche', 2019),
(991, 30, 1, 'seche', 2021),
(992, 10, 5, 'seche', 2020),
(993, 24, 9, 'pluvieuse', 2020),
(994, 13, 12, 'seche', 2020),
(995, 31, 8, 'pluvieuse', 2021),
(996, 4, 10, 'pluvieuse', 2020),
(997, 1, 11, 'seche', 2021),
(998, 5, 4, 'seche', 2020),
(999, 7, 5, 'seche', 2021),
(1000, 22, 6, 'seche', 2020);

-- --------------------------------------------------------

--
-- Table structure for table `dim_zone`
--

CREATE TABLE `dim_zone` (
  `id_zone` int(11) NOT NULL,
  `Pays` varchar(100) DEFAULT NULL,
  `Departement` varchar(100) DEFAULT NULL,
  `Commune` varchar(100) DEFAULT NULL,
  `Quartier` varchar(100) DEFAULT NULL,
  `Region` varchar(100) DEFAULT NULL
) ENGINE=InnoDB DEFAULT CHARSET=utf8;

--
-- Dumping data for table `dim_zone`
--

INSERT INTO `dim_zone` (`id_zone`, `Pays`, `Departement`, `Commune`, `Quartier`, `Region`) VALUES
(1, 'Senegal', 'Kanel', 'Guinaw Rails', 'Guinaw Rails', 'Saint-Louis'),
(2, 'Senegal', 'Louga', 'Fann-Point E-Amitié', 'Fann-Point E-Amitié', 'Kaffrine'),
(3, 'Senegal', 'Podor', 'Médina', 'Médina', 'Kolda'),
(4, 'Senegal', 'Bambey', 'Grand Thiès', 'Grand Thiès', 'Fatick'),
(5, 'Senegal', 'Goudomp', 'Fass-Gueule Tapée-Colobane', 'Fass-Gueule Tapée-Colobane', 'Ziguinchor'),
(6, 'Senegal', 'Birkelane', 'Grand Thiès', 'Grand Thiès', 'Matam'),
(7, 'Senegal', 'Oussouye', 'Rufisque Ouest', 'Rufisque Ouest', 'Thiès'),
(8, 'Senegal', 'Kanel', 'Fann-Point E-Amitié', 'Fann-Point E-Amitié', 'Kolda'),
(9, 'Senegal', 'Rufisque', 'Mbour 4', 'Mbour 4', 'Tambacounda'),
(10, 'Senegal', 'Bignona', 'Ndiassane', 'Ndiassane', 'Dakar'),
(11, 'Senegal', 'Kébémer', 'Guinaw Rails', 'Guinaw Rails', 'Kaffrine'),
(12, 'Senegal', 'Bignona', 'Plateau', 'Plateau', 'Fatick'),
(13, 'Senegal', 'Oussouye', 'Grand Thiès', 'Grand Thiès', 'Ziguinchor'),
(14, 'Senegal', 'Rufisque', 'Saly', 'Saly', 'Louga'),
(15, 'Senegal', 'Thiès', 'Plateau', 'Plateau', 'Saint-Louis'),
(16, 'Senegal', 'Dakar', 'Takhikao', 'Takhikao', 'Saint-Louis'),
(17, 'Senegal', 'Ziguinchor', 'Grand Dakar', 'Grand Dakar', 'Sédhiou'),
(18, 'Senegal', 'Mbacké', 'Plateau', 'Plateau', 'Sédhiou'),
(19, 'Senegal', 'Tivaouane', 'Takhikao', 'Takhikao', 'Diourbel'),
(20, 'Senegal', 'Mbacké', 'Fass-Gueule Tapée-Colobane', 'Fass-Gueule Tapée-Colobane', 'Kédougou'),
(21, 'Senegal', 'Kaolack', 'Rufisque Ouest', 'Rufisque Ouest', 'Kédougou'),
(22, 'Senegal', 'Gossas', 'Rufisque Est', 'Rufisque Est', 'Kaolack'),
(23, 'Senegal', 'Matam', 'Rufisque Ouest', 'Rufisque Ouest', 'Kédougou'),
(24, 'Senegal', 'Salémata', 'Rufisque Nord', 'Rufisque Nord', 'Kaolack'),
(25, 'Senegal', 'Birkelane', 'Malicounda', 'Malicounda', 'Ziguinchor'),
(26, 'Senegal', 'Gossas', 'Rufisque Ouest', 'Rufisque Ouest', 'Sédhiou'),
(27, 'Senegal', 'Ziguinchor', 'Sam Notaire', 'Sam Notaire', 'Louga'),
(28, 'Senegal', 'Mbour', 'Sam Notaire', 'Sam Notaire', 'Sédhiou'),
(29, 'Senegal', 'Mbour', 'Saly', 'Saly', 'Dakar'),
(30, 'Senegal', 'Kolda', 'Sam Notaire', 'Sam Notaire', 'Kaolack'),
(31, 'Senegal', 'Guinguinéo', 'Saly', 'Saly', 'Dakar'),
(32, 'Senegal', 'Kaffrine', 'Médina', 'Médina', 'Diourbel'),
(33, 'Senegal', 'Gossas', 'Fass-Gueule Tapée-Colobane', 'Fass-Gueule Tapée-Colobane', 'Tambacounda'),
(34, 'Senegal', 'Kébémer', 'Ngaparou', 'Ngaparou', 'Kaolack'),
(35, 'Senegal', 'Bakel', 'Rufisque Nord', 'Rufisque Nord', 'Dakar'),
(36, 'Senegal', 'Linguère', 'Grand Dakar', 'Grand Dakar', 'Tambacounda'),
(37, 'Senegal', 'Ranérou-Ferlo', 'Grand Thiès', 'Grand Thiès', 'Diourbel'),
(38, 'Senegal', 'Goudomp', 'Rufisque Est', 'Rufisque Est', 'Saint-Louis'),
(39, 'Senegal', 'Kaffrine', 'Ndiassane', 'Ndiassane', 'Fatick'),
(40, 'Senegal', 'Foundiougne', 'Ndiassane', 'Ndiassane', 'Kédougou'),
(41, 'Senegal', 'Louga', 'Grand Thiès', 'Grand Thiès', 'Kaffrine'),
(42, 'Senegal', 'Sédhiou', 'Fann-Point E-Amitié', 'Fann-Point E-Amitié', 'Saint-Louis'),
(43, 'Senegal', 'Kébémer', 'Grand Dakar', 'Grand Dakar', 'Kaolack'),
(44, 'Senegal', 'Kolda', 'Ngaparou', 'Ngaparou', 'Sédhiou'),
(45, 'Senegal', 'Ziguinchor', 'Mbour 4', 'Mbour 4', 'Thiès'),
(46, 'Senegal', 'Guédiawaye', 'Plateau', 'Plateau', 'Fatick'),
(47, 'Senegal', 'Fatick', 'Rufisque Nord', 'Rufisque Nord', 'Kaffrine'),
(48, 'Senegal', 'Tambacounda', 'Golf Sud', 'Golf Sud', 'Thiès'),
(49, 'Senegal', 'Fatick', 'Fass-Gueule Tapée-Colobane', 'Fass-Gueule Tapée-Colobane', 'Dakar'),
(50, 'Senegal', 'Dakar', 'Guinaw Rails', 'Guinaw Rails', 'Kédougou'),
(51, 'Senegal', 'Guédiawaye', 'Grand Dakar', 'Grand Dakar', 'Louga'),
(52, 'Senegal', 'Gossas', 'Pire Gourèye', 'Pire Gourèye', 'Kolda'),
(53, 'Senegal', 'Tivaouane', 'Plateau', 'Plateau', 'Thiès'),
(54, 'Senegal', 'Kébémer', 'Ndiassane', 'Ndiassane', 'Tambacounda'),
(55, 'Senegal', 'Guinguinéo', 'Ndiassane', 'Ndiassane', 'Dakar'),
(56, 'Senegal', 'Ranérou-Ferlo', 'Saly', 'Saly', 'Saint-Louis'),
(57, 'Senegal', 'Louga', 'Ndiassane', 'Ndiassane', 'Saint-Louis'),
(58, 'Senegal', 'Dakar', 'Keur Massar', 'Keur Massar', 'Sédhiou'),
(59, 'Senegal', 'Matam', 'Ndiassane', 'Ndiassane', 'Kaffrine'),
(60, 'Senegal', 'Bignona', 'Rufisque Ouest', 'Rufisque Ouest', 'Kolda'),
(61, 'Senegal', 'Bakel', 'Keur Massar', 'Keur Massar', 'Sédhiou'),
(62, 'Senegal', 'Kébémer', 'Thiaroye', 'Thiaroye', 'Kolda'),
(63, 'Senegal', 'Vélingara', 'Médina', 'Médina', 'Louga'),
(64, 'Senegal', 'Ranérou-Ferlo', 'Rufisque Nord', 'Rufisque Nord', 'Sédhiou'),
(65, 'Senegal', 'Thiès', 'Yeumbeul', 'Yeumbeul', 'Diourbel'),
(66, 'Senegal', 'Ranérou-Ferlo', 'Ngaparou', 'Ngaparou', 'Thiès'),
(67, 'Senegal', 'Linguère', 'Keur Massar', 'Keur Massar', 'Kaffrine'),
(68, 'Senegal', 'Bounkiling', 'Golf Sud', 'Golf Sud', 'Matam'),
(69, 'Senegal', 'Kébémer', 'Ngaparou', 'Ngaparou', 'Kaffrine'),
(70, 'Senegal', 'Pikine', 'Saly', 'Saly', 'Thiès'),
(71, 'Senegal', 'Oussouye', 'Yeumbeul', 'Yeumbeul', 'Fatick'),
(72, 'Senegal', 'Bakel', 'Mékhé', 'Mékhé', 'Kaffrine'),
(73, 'Senegal', 'Rufisque', 'Médina', 'Médina', 'Saint-Louis'),
(74, 'Senegal', 'Koumpentoum', 'Médina', 'Médina', 'Kaolack'),
(75, 'Senegal', 'Louga', 'Yeumbeul', 'Yeumbeul', 'Diourbel'),
(76, 'Senegal', 'Sédhiou', 'Yeumbeul', 'Yeumbeul', 'Matam'),
(77, 'Senegal', 'Oussouye', 'Thiaroye', 'Thiaroye', 'Matam'),
(78, 'Senegal', 'Gossas', 'Thiaroye', 'Thiaroye', 'Saint-Louis'),
(79, 'Senegal', 'Fatick', 'Malicounda', 'Malicounda', 'Fatick'),
(80, 'Senegal', 'Tivaouane', 'Fass-Gueule Tapée-Colobane', 'Fass-Gueule Tapée-Colobane', 'Diourbel'),
(81, 'Senegal', 'Kolda', 'Golf Sud', 'Golf Sud', 'Dakar'),
(82, 'Senegal', 'Kaolack', 'Golf Sud', 'Golf Sud', 'Kaffrine'),
(83, 'Senegal', 'Vélingara', 'Saly', 'Saly', 'Kaffrine'),
(84, 'Senegal', 'Kanel', 'Malicounda', 'Malicounda', 'Thiès'),
(85, 'Senegal', 'Salémata', 'Yeumbeul', 'Yeumbeul', 'Dakar'),
(86, 'Senegal', 'Linguère', 'Grand Dakar', 'Grand Dakar', 'Matam'),
(87, 'Senegal', 'Saint-Louis', 'Rufisque Nord', 'Rufisque Nord', 'Saint-Louis'),
(88, 'Senegal', 'Kaffrine', 'Ngaparou', 'Ngaparou', 'Diourbel'),
(89, 'Senegal', 'Gossas', 'Thiaroye', 'Thiaroye', 'Kaffrine'),
(90, 'Senegal', 'Linguère', 'Médina', 'Médina', 'Fatick'),
(91, 'Senegal', 'Kébémer', 'Pire Gourèye', 'Pire Gourèye', 'Kaffrine'),
(92, 'Senegal', 'Foundiougne', 'Ndiassane', 'Ndiassane', 'Kédougou'),
(93, 'Senegal', 'Kaffrine', 'Keur Massar', 'Keur Massar', 'Kaffrine'),
(94, 'Senegal', 'Salémata', 'Mékhé', 'Mékhé', 'Kédougou'),
(95, 'Senegal', 'Bounkiling', 'Grand Thiès', 'Grand Thiès', 'Kédougou'),
(96, 'Senegal', 'Oussouye', 'Takhikao', 'Takhikao', 'Kaffrine'),
(97, 'Senegal', 'Bignona', 'Rufisque Ouest', 'Rufisque Ouest', 'Kaffrine'),
(98, 'Senegal', 'Salémata', 'Mbour 4', 'Mbour 4', 'Saint-Louis'),
(99, 'Senegal', 'Bakel', 'Grand Thiès', 'Grand Thiès', 'Kaffrine'),
(100, 'Senegal', 'Goudiry', 'Grand Dakar', 'Grand Dakar', 'Tambacounda'),
(101, 'Senegal', 'Kaffrine', 'Fann-Point E-Amitié', 'Fann-Point E-Amitié', 'Kédougou'),
(102, 'Senegal', 'Bignona', 'Rufisque Nord', 'Rufisque Nord', 'Sédhiou'),
(103, 'Senegal', 'Kaffrine', 'Golf Sud', 'Golf Sud', 'Tambacounda'),
(104, 'Senegal', 'Bakel', 'Pire Gourèye', 'Pire Gourèye', 'Saint-Louis'),
(105, 'Senegal', 'Ranérou-Ferlo', 'Pire Gourèye', 'Pire Gourèye', 'Louga'),
(106, 'Senegal', 'Saraya', 'Ndiarème Limamoulaye', 'Ndiarème Limamoulaye', 'Matam'),
(107, 'Senegal', 'Louga', 'Plateau', 'Plateau', 'Louga'),
(108, 'Senegal', 'Koungheul', 'Keur Massar', 'Keur Massar', 'Fatick'),
(109, 'Senegal', 'Kédougou', 'Guinaw Rails', 'Guinaw Rails', 'Kolda'),
(110, 'Senegal', 'Koungheul', 'Golf Sud', 'Golf Sud', 'Tambacounda'),
(111, 'Senegal', 'Pikine', 'Golf Sud', 'Golf Sud', 'Matam'),
(112, 'Senegal', 'Birkelane', 'Grand Thiès', 'Grand Thiès', 'Kolda'),
(113, 'Senegal', 'Nioro du Rip', 'Malicounda', 'Malicounda', 'Diourbel'),
(114, 'Senegal', 'Dakar', 'Golf Sud', 'Golf Sud', 'Kédougou'),
(115, 'Senegal', 'Mbacké', 'Takhikao', 'Takhikao', 'Kolda'),
(116, 'Senegal', 'Bignona', 'Ngaparou', 'Ngaparou', 'Kaffrine'),
(117, 'Senegal', 'Goudomp', 'Sam Notaire', 'Sam Notaire', 'Sédhiou'),
(118, 'Senegal', 'Guédiawaye', 'Rufisque Nord', 'Rufisque Nord', 'Ziguinchor'),
(119, 'Senegal', 'Matam', 'Takhikao', 'Takhikao', 'Louga'),
(120, 'Senegal', 'Dagana', 'Pire Gourèye', 'Pire Gourèye', 'Thiès'),
(121, 'Senegal', 'Nioro du Rip', 'Rufisque Ouest', 'Rufisque Ouest', 'Matam'),
(122, 'Senegal', 'Vélingara', 'Rufisque Ouest', 'Rufisque Ouest', 'Matam'),
(123, 'Senegal', 'Birkelane', 'Mbour 4', 'Mbour 4', 'Fatick'),
(124, 'Senegal', 'Kaolack', 'Ndiarème Limamoulaye', 'Ndiarème Limamoulaye', 'Kaffrine'),
(125, 'Senegal', 'Saint-Louis', 'Grand Thiès', 'Grand Thiès', 'Kédougou'),
(126, 'Senegal', 'Dagana', 'Ndiassane', 'Ndiassane', 'Saint-Louis'),
(127, 'Senegal', 'Foundiougne', 'Rufisque Nord', 'Rufisque Nord', 'Fatick'),
(128, 'Senegal', 'Ranérou-Ferlo', 'Ngaparou', 'Ngaparou', 'Thiès'),
(129, 'Senegal', 'Dagana', 'Grand Thiès', 'Grand Thiès', 'Kédougou'),
(130, 'Senegal', 'Sédhiou', 'Plateau', 'Plateau', 'Louga'),
(131, 'Senegal', 'Gossas', 'Golf Sud', 'Golf Sud', 'Kolda'),
(132, 'Senegal', 'Fatick', 'Grand Thiès', 'Grand Thiès', 'Matam'),
(133, 'Senegal', 'Bignona', 'Thiaroye', 'Thiaroye', 'Kaffrine'),
(134, 'Senegal', 'Diourbel', 'Rufisque Est', 'Rufisque Est', 'Saint-Louis'),
(135, 'Senegal', 'Thiès', 'Mbour 4', 'Mbour 4', 'Kaolack'),
(136, 'Senegal', 'Salémata', 'Grand Dakar', 'Grand Dakar', 'Saint-Louis'),
(137, 'Senegal', 'Saraya', 'Grand Thiès', 'Grand Thiès', 'Fatick'),
(138, 'Senegal', 'Rufisque', 'Fass-Gueule Tapée-Colobane', 'Fass-Gueule Tapée-Colobane', 'Diourbel'),
(139, 'Senegal', 'Gossas', 'Pire Gourèye', 'Pire Gourèye', 'Ziguinchor'),
(140, 'Senegal', 'Oussouye', 'Sam Notaire', 'Sam Notaire', 'Fatick'),
(141, 'Senegal', 'Dakar', 'Ndiassane', 'Ndiassane', 'Ziguinchor'),
(142, 'Senegal', 'Podor', 'Pire Gourèye', 'Pire Gourèye', 'Fatick'),
(143, 'Senegal', 'Guinguinéo', 'Rufisque Ouest', 'Rufisque Ouest', 'Ziguinchor'),
(144, 'Senegal', 'Birkelane', 'Fann-Point E-Amitié', 'Fann-Point E-Amitié', 'Dakar'),
(145, 'Senegal', 'Pikine', 'Ndiassane', 'Ndiassane', 'Ziguinchor'),
(146, 'Senegal', 'Kanel', 'Ngaparou', 'Ngaparou', 'Kaffrine'),
(147, 'Senegal', 'Bignona', 'Fass-Gueule Tapée-Colobane', 'Fass-Gueule Tapée-Colobane', 'Tambacounda'),
(148, 'Senegal', 'Gossas', 'Plateau', 'Plateau', 'Kédougou'),
(149, 'Senegal', 'Rufisque', 'Ndiarème Limamoulaye', 'Ndiarème Limamoulaye', 'Saint-Louis'),
(150, 'Senegal', 'Nioro du Rip', 'Rufisque Est', 'Rufisque Est', 'Kédougou'),
(151, 'Senegal', 'Ziguinchor', 'Saly', 'Saly', 'Kédougou'),
(152, 'Senegal', 'Bounkiling', 'Plateau', 'Plateau', 'Thiès'),
(153, 'Senegal', 'Goudiry', 'Fann-Point E-Amitié', 'Fann-Point E-Amitié', 'Thiès'),
(154, 'Senegal', 'Foundiougne', 'Rufisque Est', 'Rufisque Est', 'Thiès'),
(155, 'Senegal', 'Gossas', 'Saly', 'Saly', 'Thiès'),
(156, 'Senegal', 'Oussouye', 'Ndiarème Limamoulaye', 'Ndiarème Limamoulaye', 'Tambacounda'),
(157, 'Senegal', 'Fatick', 'Grand Dakar', 'Grand Dakar', 'Kolda'),
(158, 'Senegal', 'Koungheul', 'Grand Thiès', 'Grand Thiès', 'Kaffrine'),
(159, 'Senegal', 'Vélingara', 'Guinaw Rails', 'Guinaw Rails', 'Tambacounda'),
(160, 'Senegal', 'Bambey', 'Fass-Gueule Tapée-Colobane', 'Fass-Gueule Tapée-Colobane', 'Thiès'),
(161, 'Senegal', 'Koumpentoum', 'Ndiarème Limamoulaye', 'Ndiarème Limamoulaye', 'Sédhiou'),
(162, 'Senegal', 'Salémata', 'Mbour 4', 'Mbour 4', 'Saint-Louis'),
(163, 'Senegal', 'Gossas', 'Grand Dakar', 'Grand Dakar', 'Kaffrine'),
(164, 'Senegal', 'Ziguinchor', 'Sam Notaire', 'Sam Notaire', 'Kaffrine'),
(165, 'Senegal', 'Louga', 'Grand Dakar', 'Grand Dakar', 'Thiès'),
(166, 'Senegal', 'Goudomp', 'Grand Dakar', 'Grand Dakar', 'Kaolack'),
(167, 'Senegal', 'Vélingara', 'Mbour 4', 'Mbour 4', 'Thiès'),
(168, 'Senegal', 'Matam', 'Plateau', 'Plateau', 'Kaolack'),
(169, 'Senegal', 'Koungheul', 'Sam Notaire', 'Sam Notaire', 'Louga'),
(170, 'Senegal', 'Salémata', 'Mékhé', 'Mékhé', 'Kolda'),
(171, 'Senegal', 'Fatick', 'Sam Notaire', 'Sam Notaire', 'Saint-Louis'),
(172, 'Senegal', 'Linguère', 'Keur Massar', 'Keur Massar', 'Kaolack'),
(173, 'Senegal', 'Kaolack', 'Rufisque Est', 'Rufisque Est', 'Thiès'),
(174, 'Senegal', 'Kolda', 'Fann-Point E-Amitié', 'Fann-Point E-Amitié', 'Thiès'),
(175, 'Senegal', 'Kébémer', 'Pire Gourèye', 'Pire Gourèye', 'Ziguinchor'),
(176, 'Senegal', 'Kaffrine', 'Fass-Gueule Tapée-Colobane', 'Fass-Gueule Tapée-Colobane', 'Kaffrine'),
(177, 'Senegal', 'Foundiougne', 'Grand Thiès', 'Grand Thiès', 'Sédhiou'),
(178, 'Senegal', 'Goudiry', 'Rufisque Est', 'Rufisque Est', 'Fatick'),
(179, 'Senegal', 'Ziguinchor', 'Mbour 4', 'Mbour 4', 'Louga'),
(180, 'Senegal', 'Bakel', 'Plateau', 'Plateau', 'Diourbel'),
(181, 'Senegal', 'Bignona', 'Ndiarème Limamoulaye', 'Ndiarème Limamoulaye', 'Kédougou'),
(182, 'Senegal', 'Koungheul', 'Rufisque Nord', 'Rufisque Nord', 'Thiès'),
(183, 'Senegal', 'Sédhiou', 'Thiaroye', 'Thiaroye', 'Dakar'),
(184, 'Senegal', 'Saint-Louis', 'Sam Notaire', 'Sam Notaire', 'Tambacounda'),
(185, 'Senegal', 'Kaolack', 'Mékhé', 'Mékhé', 'Diourbel'),
(186, 'Senegal', 'Oussouye', 'Rufisque Ouest', 'Rufisque Ouest', 'Dakar'),
(187, 'Senegal', 'Oussouye', 'Saly', 'Saly', 'Ziguinchor'),
(188, 'Senegal', 'Dakar', 'Rufisque Ouest', 'Rufisque Ouest', 'Thiès'),
(189, 'Senegal', 'Dakar', 'Malicounda', 'Malicounda', 'Kolda'),
(190, 'Senegal', 'Bignona', 'Fass-Gueule Tapée-Colobane', 'Fass-Gueule Tapée-Colobane', 'Tambacounda'),
(191, 'Senegal', 'Louga', 'Thiaroye', 'Thiaroye', 'Ziguinchor'),
(192, 'Senegal', 'Kébémer', 'Mbour 4', 'Mbour 4', 'Louga'),
(193, 'Senegal', 'Kolda', 'Saly', 'Saly', 'Louga'),
(194, 'Senegal', 'Gossas', 'Fann-Point E-Amitié', 'Fann-Point E-Amitié', 'Louga'),
(195, 'Senegal', 'Goudomp', 'Takhikao', 'Takhikao', 'Thiès'),
(196, 'Senegal', 'Linguère', 'Mékhé', 'Mékhé', 'Dakar'),
(197, 'Senegal', 'Kaolack', 'Ndiarème Limamoulaye', 'Ndiarème Limamoulaye', 'Sédhiou'),
(198, 'Senegal', 'Tambacounda', 'Rufisque Est', 'Rufisque Est', 'Dakar'),
(199, 'Senegal', 'Goudomp', 'Pire Gourèye', 'Pire Gourèye', 'Louga'),
(200, 'Senegal', 'Linguère', 'Thiaroye', 'Thiaroye', 'Kaffrine'),
(201, 'Senegal', 'Bounkiling', 'Thiaroye', 'Thiaroye', 'Fatick'),
(202, 'Senegal', 'Goudomp', 'Grand Dakar', 'Grand Dakar', 'Saint-Louis'),
(203, 'Senegal', 'Guédiawaye', 'Sam Notaire', 'Sam Notaire', 'Louga'),
(204, 'Senegal', 'Kaolack', 'Sam Notaire', 'Sam Notaire', 'Kédougou'),
(205, 'Senegal', 'Saint-Louis', 'Fass-Gueule Tapée-Colobane', 'Fass-Gueule Tapée-Colobane', 'Thiès'),
(206, 'Senegal', 'Guinguinéo', 'Mékhé', 'Mékhé', 'Matam'),
(207, 'Senegal', 'Saraya', 'Ngaparou', 'Ngaparou', 'Thiès'),
(208, 'Senegal', 'Ziguinchor', 'Médina', 'Médina', 'Sédhiou'),
(209, 'Senegal', 'Diourbel', 'Yeumbeul', 'Yeumbeul', 'Louga'),
(210, 'Senegal', 'Guinguinéo', 'Ndiassane', 'Ndiassane', 'Louga'),
(211, 'Senegal', 'Kanel', 'Plateau', 'Plateau', 'Thiès'),
(212, 'Senegal', 'Rufisque', 'Ngaparou', 'Ngaparou', 'Ziguinchor'),
(213, 'Senegal', 'Goudomp', 'Thiaroye', 'Thiaroye', 'Kaolack'),
(214, 'Senegal', 'Rufisque', 'Grand Dakar', 'Grand Dakar', 'Louga'),
(215, 'Senegal', 'Bambey', 'Pire Gourèye', 'Pire Gourèye', 'Tambacounda'),
(216, 'Senegal', 'Tivaouane', 'Keur Massar', 'Keur Massar', 'Thiès'),
(217, 'Senegal', 'Mbacké', 'Fann-Point E-Amitié', 'Fann-Point E-Amitié', 'Sédhiou'),
(218, 'Senegal', 'Thiès', 'Plateau', 'Plateau', 'Dakar'),
(219, 'Senegal', 'Kolda', 'Fann-Point E-Amitié', 'Fann-Point E-Amitié', 'Fatick'),
(220, 'Senegal', 'Mbacké', 'Fass-Gueule Tapée-Colobane', 'Fass-Gueule Tapée-Colobane', 'Thiès'),
(221, 'Senegal', 'Nioro du Rip', 'Rufisque Est', 'Rufisque Est', 'Kolda'),
(222, 'Senegal', 'Ranérou-Ferlo', 'Mbour 4', 'Mbour 4', 'Diourbel'),
(223, 'Senegal', 'Thiès', 'Yeumbeul', 'Yeumbeul', 'Kaolack'),
(224, 'Senegal', 'Fatick', 'Rufisque Est', 'Rufisque Est', 'Kédougou'),
(225, 'Senegal', 'Bounkiling', 'Saly', 'Saly', 'Kaolack'),
(226, 'Senegal', 'Vélingara', 'Ngaparou', 'Ngaparou', 'Sédhiou'),
(227, 'Senegal', 'Ziguinchor', 'Ngaparou', 'Ngaparou', 'Kédougou'),
(228, 'Senegal', 'Guédiawaye', 'Ndiassane', 'Ndiassane', 'Thiès'),
(229, 'Senegal', 'Louga', 'Rufisque Nord', 'Rufisque Nord', 'Kolda'),
(230, 'Senegal', 'Gossas', 'Mékhé', 'Mékhé', 'Tambacounda'),
(231, 'Senegal', 'Nioro du Rip', 'Plateau', 'Plateau', 'Matam'),
(232, 'Senegal', 'Saint-Louis', 'Sam Notaire', 'Sam Notaire', 'Kaffrine'),
(233, 'Senegal', 'Podor', 'Ndiassane', 'Ndiassane', 'Ziguinchor'),
(234, 'Senegal', 'Kanel', 'Plateau', 'Plateau', 'Kédougou'),
(235, 'Senegal', 'Saint-Louis', 'Ndiassane', 'Ndiassane', 'Kolda'),
(236, 'Senegal', 'Koungheul', 'Ngaparou', 'Ngaparou', 'Kolda'),
(237, 'Senegal', 'Podor', 'Mékhé', 'Mékhé', 'Fatick'),
(238, 'Senegal', 'Tivaouane', 'Rufisque Ouest', 'Rufisque Ouest', 'Tambacounda'),
(239, 'Senegal', 'Saint-Louis', 'Grand Thiès', 'Grand Thiès', 'Ziguinchor'),
(240, 'Senegal', 'Kaolack', 'Mékhé', 'Mékhé', 'Diourbel'),
(241, 'Senegal', 'Tambacounda', 'Mékhé', 'Mékhé', 'Kédougou'),
(242, 'Senegal', 'Fatick', 'Ngaparou', 'Ngaparou', 'Kaolack'),
(243, 'Senegal', 'Ziguinchor', 'Takhikao', 'Takhikao', 'Thiès'),
(244, 'Senegal', 'Bambey', 'Ngaparou', 'Ngaparou', 'Tambacounda'),
(245, 'Senegal', 'Bounkiling', 'Yeumbeul', 'Yeumbeul', 'Tambacounda'),
(246, 'Senegal', 'Linguère', 'Pire Gourèye', 'Pire Gourèye', 'Kédougou'),
(247, 'Senegal', 'Goudiry', 'Ndiassane', 'Ndiassane', 'Matam'),
(248, 'Senegal', 'Malem Hodar', 'Rufisque Est', 'Rufisque Est', 'Sédhiou'),
(249, 'Senegal', 'Bignona', 'Takhikao', 'Takhikao', 'Sédhiou'),
(250, 'Senegal', 'Guédiawaye', 'Fann-Point E-Amitié', 'Fann-Point E-Amitié', 'Diourbel'),
(251, 'Senegal', 'Kanel', 'Thiaroye', 'Thiaroye', 'Saint-Louis'),
(252, 'Senegal', 'Tambacounda', 'Malicounda', 'Malicounda', 'Diourbel'),
(253, 'Senegal', 'Salémata', 'Saly', 'Saly', 'Kaolack'),
(254, 'Senegal', 'Bounkiling', 'Plateau', 'Plateau', 'Thiès'),
(255, 'Senegal', 'Podor', 'Saly', 'Saly', 'Kédougou'),
(256, 'Senegal', 'Pikine', 'Mékhé', 'Mékhé', 'Matam'),
(257, 'Senegal', 'Bounkiling', 'Ndiassane', 'Ndiassane', 'Dakar'),
(258, 'Senegal', 'Bambey', 'Takhikao', 'Takhikao', 'Sédhiou'),
(259, 'Senegal', 'Linguère', 'Yeumbeul', 'Yeumbeul', 'Louga'),
(260, 'Senegal', 'Bambey', 'Takhikao', 'Takhikao', 'Kolda'),
(261, 'Senegal', 'Ziguinchor', 'Fass-Gueule Tapée-Colobane', 'Fass-Gueule Tapée-Colobane', 'Kaffrine'),
(262, 'Senegal', 'Dakar', 'Rufisque Est', 'Rufisque Est', 'Tambacounda'),
(263, 'Senegal', 'Mbacké', 'Mbour 4', 'Mbour 4', 'Saint-Louis'),
(264, 'Senegal', 'Thiès', 'Rufisque Est', 'Rufisque Est', 'Fatick'),
(265, 'Senegal', 'Foundiougne', 'Ndiarème Limamoulaye', 'Ndiarème Limamoulaye', 'Kaffrine'),
(266, 'Senegal', 'Bignona', 'Takhikao', 'Takhikao', 'Matam'),
(267, 'Senegal', 'Oussouye', 'Pire Gourèye', 'Pire Gourèye', 'Matam'),
(268, 'Senegal', 'Fatick', 'Yeumbeul', 'Yeumbeul', 'Tambacounda'),
(269, 'Senegal', 'Malem Hodar', 'Yeumbeul', 'Yeumbeul', 'Diourbel'),
(270, 'Senegal', 'Saint-Louis', 'Saly', 'Saly', 'Fatick'),
(271, 'Senegal', 'Kaffrine', 'Grand Dakar', 'Grand Dakar', 'Saint-Louis'),
(272, 'Senegal', 'Dakar', 'Plateau', 'Plateau', 'Tambacounda'),
(273, 'Senegal', 'Médina Yoro Foulah', 'Saly', 'Saly', 'Louga'),
(274, 'Senegal', 'Fatick', 'Rufisque Ouest', 'Rufisque Ouest', 'Kaolack'),
(275, 'Senegal', 'Birkelane', 'Thiaroye', 'Thiaroye', 'Tambacounda'),
(276, 'Senegal', 'Matam', 'Saly', 'Saly', 'Sédhiou'),
(277, 'Senegal', 'Louga', 'Grand Dakar', 'Grand Dakar', 'Sédhiou'),
(278, 'Senegal', 'Guinguinéo', 'Yeumbeul', 'Yeumbeul', 'Kolda'),
(279, 'Senegal', 'Bignona', 'Rufisque Est', 'Rufisque Est', 'Sédhiou'),
(280, 'Senegal', 'Bambey', 'Malicounda', 'Malicounda', 'Tambacounda'),
(281, 'Senegal', 'Guinguinéo', 'Pire Gourèye', 'Pire Gourèye', 'Dakar'),
(282, 'Senegal', 'Médina Yoro Foulah', 'Fann-Point E-Amitié', 'Fann-Point E-Amitié', 'Kaffrine'),
(283, 'Senegal', 'Mbacké', 'Ndiassane', 'Ndiassane', 'Fatick'),
(284, 'Senegal', 'Kaffrine', 'Grand Thiès', 'Grand Thiès', 'Kolda'),
(285, 'Senegal', 'Bambey', 'Rufisque Est', 'Rufisque Est', 'Kaffrine'),
(286, 'Senegal', 'Pikine', 'Ndiassane', 'Ndiassane', 'Diourbel'),
(287, 'Senegal', 'Bambey', 'Ndiarème Limamoulaye', 'Ndiarème Limamoulaye', 'Louga'),
(288, 'Senegal', 'Dakar', 'Takhikao', 'Takhikao', 'Diourbel'),
(289, 'Senegal', 'Guinguinéo', 'Médina', 'Médina', 'Tambacounda'),
(290, 'Senegal', 'Guédiawaye', 'Ndiarème Limamoulaye', 'Ndiarème Limamoulaye', 'Sédhiou'),
(291, 'Senegal', 'Guédiawaye', 'Saly', 'Saly', 'Saint-Louis'),
(292, 'Senegal', 'Bakel', 'Grand Thiès', 'Grand Thiès', 'Matam'),
(293, 'Senegal', 'Goudiry', 'Sam Notaire', 'Sam Notaire', 'Matam'),
(294, 'Senegal', 'Linguère', 'Fass-Gueule Tapée-Colobane', 'Fass-Gueule Tapée-Colobane', 'Kaolack'),
(295, 'Senegal', 'Ranérou-Ferlo', 'Fann-Point E-Amitié', 'Fann-Point E-Amitié', 'Kédougou'),
(296, 'Senegal', 'Kédougou', 'Sam Notaire', 'Sam Notaire', 'Kaolack'),
(297, 'Senegal', 'Saraya', 'Sam Notaire', 'Sam Notaire', 'Saint-Louis'),
(298, 'Senegal', 'Tivaouane', 'Rufisque Ouest', 'Rufisque Ouest', 'Sédhiou'),
(299, 'Senegal', 'Koumpentoum', 'Médina', 'Médina', 'Ziguinchor'),
(300, 'Senegal', 'Podor', 'Guinaw Rails', 'Guinaw Rails', 'Thiès');

-- --------------------------------------------------------

--
-- Table structure for table `fait_suivi_equipement`
--

CREATE TABLE `fait_suivi_equipement` (
  `IdSuiviEquipement` int(11) NOT NULL,
  `nbrEquipementCommandee` int(11) DEFAULT NULL,
  `nbrEquipementDispo` int(11) DEFAULT NULL,
  `DureeUtilisation` int(11) DEFAULT NULL,
  `nbrEquipementDeterioree` int(11) DEFAULT NULL,
  `IdTemp` int(11) DEFAULT NULL,
  `IdMateriel` int(11) DEFAULT NULL
) ENGINE=InnoDB DEFAULT CHARSET=utf8;

--
-- Dumping data for table `fait_suivi_equipement`
--

INSERT INTO `fait_suivi_equipement` (`IdSuiviEquipement`, `nbrEquipementCommandee`, `nbrEquipementDispo`, `DureeUtilisation`, `nbrEquipementDeterioree`, `IdTemp`, `IdMateriel`) VALUES
(1, 0, 0, 6, 1, 2, 80),
(3, 0, 0, 19, 1, 4, 427),
(5, 0, 0, 27, 1, 6, 551),
(7, 0, 0, 23, 1, 8, 85),
(9, 1, 0, 18, 0, 10, 9),
(11, 1, 1, 25, 1, 12, 415),
(13, 0, 1, 28, 0, 14, 175),
(15, 1, 1, 11, 1, 16, 302),
(17, 0, 0, 21, 0, 18, 462),
(19, 0, 1, 23, 1, 20, 728),
(21, 1, 0, 18, 1, 22, 837),
(23, 1, 1, 7, 0, 24, 396),
(25, 0, 0, 14, 1, 26, 144),
(27, 0, 1, 27, 1, 28, 456),
(29, 1, 0, 28, 1, 30, 934),
(31, 0, 0, 23, 1, 32, 126),
(33, 0, 1, 23, 0, 34, 517),
(35, 0, 1, 24, 0, 36, 235),
(37, 0, 1, 9, 1, 38, 337),
(39, 1, 0, 9, 1, 40, 92),
(41, 0, 0, 17, 1, 42, 512),
(43, 1, 1, 14, 1, 44, 633),
(45, 1, 0, 25, 0, 46, 910),
(47, 1, 0, 31, 1, 48, 79),
(49, 0, 1, 21, 0, 50, 944),
(51, 0, 0, 31, 1, 52, 993),
(53, 0, 0, 20, 1, 54, 223),
(55, 1, 0, 21, 0, 56, 271),
(57, 1, 0, 17, 1, 58, 512),
(59, 0, 0, 26, 0, 60, 217),
(61, 1, 0, 33, 0, 62, 129),
(63, 0, 0, 6, 0, 64, 477),
(65, 0, 1, 31, 1, 66, 993),
(67, 1, 1, 10, 1, 68, 531),
(69, 0, 1, 9, 1, 70, 622),
(71, 1, 1, 19, 1, 72, 518),
(73, 0, 1, 30, 0, 74, 657),
(75, 1, 1, 6, 0, 76, 37),
(77, 1, 0, 31, 1, 78, 125),
(79, 0, 1, 31, 1, 80, 847),
(81, 1, 1, 8, 0, 82, 895),
(83, 1, 1, 30, 1, 84, 466),
(85, 1, 1, 29, 1, 86, 419),
(87, 0, 1, 17, 0, 88, 395),
(89, 1, 1, 21, 1, 90, 865),
(91, 1, 1, 18, 0, 92, 702),
(93, 1, 0, 11, 1, 94, 440),
(95, 1, 0, 4, 1, 96, 15),
(97, 1, 1, 14, 1, 98, 76),
(99, 0, 1, 12, 1, 100, 975),
(101, 0, 0, 14, 0, 102, 299),
(103, 1, 1, 4, 1, 104, 386),
(105, 0, 0, 9, 1, 106, 34),
(107, 0, 0, 19, 1, 108, 718),
(109, 0, 0, 14, 0, 110, 21),
(111, 1, 1, 29, 1, 112, 58),
(113, 0, 0, 24, 0, 114, 183),
(115, 0, 1, 5, 0, 116, 309),
(117, 0, 0, 22, 0, 118, 425),
(119, 0, 1, 5, 0, 120, 902),
(121, 0, 1, 11, 1, 122, 965),
(123, 1, 0, 20, 0, 124, 451),
(125, 0, 0, 30, 1, 126, 767),
(127, 1, 0, 19, 1, 128, 306),
(129, 1, 0, 15, 1, 130, 308),
(131, 1, 0, 26, 1, 132, 595),
(133, 1, 1, 15, 1, 134, 942),
(135, 0, 0, 6, 1, 136, 683),
(137, 1, 0, 20, 0, 138, 42),
(139, 1, 1, 16, 0, 140, 496),
(141, 1, 0, 22, 0, 142, 554),
(143, 0, 1, 4, 1, 144, 95),
(145, 1, 1, 10, 0, 146, 568),
(147, 1, 1, 31, 0, 148, 502),
(149, 1, 1, 13, 0, 150, 594),
(151, 0, 1, 22, 1, 152, 136),
(153, 0, 1, 29, 0, 154, 754),
(155, 1, 1, 8, 1, 156, 192),
(157, 0, 0, 29, 0, 158, 964),
(159, 0, 1, 27, 1, 160, 551),
(161, 0, 1, 31, 0, 162, 96),
(163, 0, 1, 30, 1, 164, 526),
(165, 0, 1, 21, 0, 166, 700),
(167, 0, 1, 15, 1, 168, 741),
(169, 1, 0, 24, 1, 170, 450),
(171, 1, 0, 28, 1, 172, 983),
(173, 1, 0, 8, 0, 174, 485),
(175, 1, 0, 11, 1, 176, 479),
(177, 0, 0, 22, 0, 178, 748),
(179, 0, 0, 12, 0, 180, 350),
(181, 0, 0, 31, 1, 182, 978),
(183, 0, 1, 32, 1, 184, 580),
(185, 1, 0, 31, 1, 186, 11),
(187, 1, 1, 13, 0, 188, 888),
(189, 0, 1, 24, 1, 190, 720),
(191, 0, 1, 32, 0, 192, 710),
(193, 0, 1, 23, 1, 194, 443),
(195, 1, 1, 17, 1, 196, 317),
(197, 1, 1, 16, 0, 198, 606),
(199, 1, 1, 6, 0, 200, 61),
(201, 1, 1, 32, 1, 202, 877),
(203, 1, 0, 18, 1, 204, 150),
(205, 1, 1, 32, 1, 206, 584),
(207, 0, 0, 22, 1, 208, 752),
(209, 1, 0, 30, 1, 210, 181),
(211, 0, 1, 5, 0, 212, 142),
(213, 1, 1, 27, 0, 214, 480),
(215, 1, 0, 19, 1, 216, 600),
(217, 1, 1, 22, 1, 218, 963),
(219, 1, 1, 28, 0, 220, 115),
(221, 0, 1, 18, 0, 222, 702),
(223, 1, 0, 14, 1, 224, 421),
(225, 0, 1, 26, 0, 226, 549),
(227, 0, 0, 21, 1, 228, 865),
(229, 1, 0, 33, 0, 230, 196),
(231, 0, 1, 7, 1, 232, 690),
(233, 0, 0, 23, 0, 234, 314),
(235, 0, 1, 21, 1, 236, 253),
(237, 0, 1, 23, 0, 238, 126),
(239, 0, 1, 26, 0, 240, 619),
(241, 0, 1, 6, 0, 242, 12),
(243, 1, 1, 25, 0, 244, 939),
(245, 0, 1, 29, 1, 246, 316),
(247, 1, 1, 29, 1, 248, 870),
(249, 0, 1, 21, 0, 250, 38),
(251, 1, 1, 32, 1, 252, 117),
(253, 1, 0, 29, 1, 254, 964),
(255, 1, 0, 15, 1, 256, 942),
(257, 1, 1, 23, 0, 258, 452),
(259, 1, 0, 18, 0, 260, 330),
(261, 1, 0, 29, 1, 262, 691),
(263, 0, 0, 29, 1, 264, 295),
(265, 0, 1, 4, 1, 266, 33),
(267, 0, 1, 30, 0, 268, 93),
(269, 1, 1, 17, 0, 270, 395),
(271, 1, 0, 12, 0, 272, 298),
(273, 0, 0, 16, 0, 274, 912),
(275, 0, 0, 30, 0, 276, 596),
(277, 1, 1, 32, 1, 278, 785),
(279, 0, 0, 9, 0, 280, 337),
(281, 0, 0, 6, 0, 282, 108),
(283, 0, 1, 5, 0, 284, 793),
(285, 0, 0, 9, 1, 286, 92),
(287, 0, 1, 16, 1, 288, 10),
(289, 0, 0, 24, 1, 290, 883),
(291, 1, 0, 17, 1, 292, 981),
(293, 0, 0, 6, 0, 294, 162),
(295, 1, 1, 6, 0, 296, 542),
(297, 1, 0, 22, 1, 298, 947),
(299, 1, 1, 33, 1, 300, 966),
(301, 0, 0, 16, 1, 302, 496),
(303, 1, 1, 4, 1, 304, 291),
(305, 1, 0, 7, 0, 306, 335),
(307, 1, 1, 30, 0, 308, 14),
(309, 0, 0, 18, 0, 310, 930),
(311, 1, 0, 19, 1, 312, 186),
(313, 0, 0, 6, 1, 314, 576),
(315, 1, 0, 33, 1, 316, 695),
(317, 0, 0, 11, 0, 318, 242),
(319, 0, 1, 16, 0, 320, 327),
(321, 0, 0, 11, 1, 322, 242),
(323, 1, 1, 18, 1, 324, 783),
(325, 1, 1, 6, 1, 326, 368),
(327, 0, 1, 24, 0, 328, 822),
(329, 1, 0, 28, 1, 330, 749),
(331, 0, 1, 21, 0, 332, 38),
(333, 1, 1, 28, 1, 334, 686),
(335, 1, 1, 31, 1, 336, 502),
(337, 1, 0, 22, 1, 338, 41),
(339, 1, 0, 4, 0, 340, 796),
(341, 1, 0, 26, 1, 342, 229),
(343, 1, 0, 9, 1, 344, 846),
(345, 1, 1, 11, 0, 346, 302),
(347, 0, 0, 11, 0, 348, 965),
(349, 0, 0, 14, 0, 350, 730),
(351, 0, 0, 11, 0, 352, 788),
(353, 1, 1, 6, 1, 354, 995),
(355, 0, 1, 26, 0, 356, 91),
(357, 0, 1, 9, 0, 358, 337),
(359, 1, 0, 12, 1, 360, 177),
(361, 0, 0, 11, 0, 362, 965),
(363, 0, 1, 5, 0, 364, 273),
(365, 0, 1, 8, 0, 366, 895),
(367, 0, 1, 30, 0, 368, 210),
(369, 0, 1, 22, 1, 370, 632),
(371, 0, 1, 9, 0, 372, 318),
(373, 1, 0, 9, 0, 374, 622),
(375, 0, 0, 29, 1, 376, 101),
(377, 0, 0, 31, 0, 378, 722),
(379, 1, 0, 20, 1, 380, 24),
(381, 0, 1, 16, 1, 382, 925),
(383, 0, 1, 24, 0, 384, 511),
(385, 0, 1, 18, 1, 386, 1000),
(387, 1, 0, 33, 1, 388, 914),
(389, 1, 0, 10, 0, 390, 165),
(391, 1, 0, 19, 0, 392, 831),
(393, 1, 1, 30, 0, 394, 715),
(395, 1, 1, 8, 0, 396, 810),
(397, 0, 0, 5, 0, 398, 287),
(399, 0, 1, 27, 0, 400, 221),
(401, 0, 1, 25, 0, 402, 573),
(403, 1, 1, 27, 0, 404, 615),
(405, 0, 0, 19, 1, 406, 172),
(407, 0, 1, 27, 1, 408, 615),
(409, 1, 0, 7, 0, 410, 862),
(411, 1, 1, 26, 1, 412, 924),
(413, 0, 1, 26, 0, 414, 595),
(415, 1, 0, 24, 1, 416, 183),
(417, 0, 1, 29, 0, 418, 316),
(419, 0, 1, 5, 1, 420, 918),
(421, 0, 1, 32, 0, 422, 585),
(423, 1, 0, 5, 1, 424, 465),
(425, 1, 1, 32, 0, 426, 877),
(427, 1, 0, 9, 0, 428, 439),
(429, 0, 0, 22, 1, 430, 593),
(431, 0, 0, 28, 0, 432, 845),
(433, 0, 0, 14, 0, 434, 76),
(435, 0, 0, 21, 1, 436, 118),
(437, 0, 0, 32, 1, 438, 877),
(439, 0, 0, 32, 1, 440, 117),
(441, 0, 1, 12, 0, 442, 886),
(443, 1, 0, 6, 1, 444, 662),
(445, 1, 0, 7, 0, 446, 862),
(447, 0, 0, 31, 0, 448, 137),
(449, 1, 1, 5, 0, 450, 465),
(451, 0, 1, 6, 1, 452, 368),
(453, 1, 0, 13, 1, 454, 122),
(455, 1, 1, 15, 1, 456, 942),
(457, 1, 0, 8, 1, 458, 147),
(459, 1, 1, 22, 1, 460, 632),
(461, 0, 0, 22, 1, 462, 766),
(463, 0, 1, 27, 1, 464, 615),
(465, 0, 1, 12, 0, 466, 550),
(467, 0, 0, 16, 1, 468, 671),
(469, 1, 1, 19, 0, 470, 775),
(471, 1, 0, 21, 0, 472, 462),
(473, 0, 1, 27, 0, 474, 803),
(475, 1, 0, 7, 0, 476, 488),
(477, 1, 0, 13, 0, 478, 732),
(479, 0, 1, 12, 1, 480, 177),
(481, 0, 0, 28, 1, 482, 48),
(483, 1, 0, 16, 1, 484, 612),
(485, 1, 1, 17, 0, 486, 290),
(487, 0, 1, 31, 1, 488, 978),
(489, 0, 0, 12, 0, 490, 758),
(491, 0, 1, 21, 0, 492, 509),
(493, 0, 0, 21, 1, 494, 271),
(495, 1, 0, 4, 0, 496, 202),
(497, 1, 1, 22, 0, 498, 806),
(499, 1, 0, 24, 0, 500, 511),
(501, 0, 0, 15, 1, 502, 6),
(503, 0, 1, 5, 1, 504, 233),
(505, 1, 1, 33, 1, 506, 658),
(507, 1, 1, 30, 0, 508, 401),
(509, 1, 0, 24, 1, 510, 629),
(511, 1, 1, 29, 0, 512, 556),
(513, 0, 0, 15, 0, 514, 840),
(515, 0, 1, 19, 1, 516, 518),
(517, 1, 0, 12, 0, 518, 241),
(519, 1, 1, 20, 0, 520, 974),
(521, 0, 1, 18, 0, 522, 892),
(523, 1, 1, 4, 0, 524, 848),
(525, 1, 1, 31, 1, 526, 978),
(527, 1, 1, 15, 1, 528, 505),
(529, 1, 1, 6, 1, 530, 455),
(531, 0, 0, 20, 0, 532, 292),
(533, 0, 0, 13, 0, 534, 67),
(535, 0, 1, 12, 0, 536, 282),
(537, 0, 0, 13, 0, 538, 254),
(539, 1, 1, 22, 0, 540, 834),
(541, 0, 1, 29, 1, 542, 62),
(543, 0, 0, 26, 1, 544, 716),
(545, 0, 0, 12, 1, 546, 503),
(547, 0, 1, 12, 1, 548, 89),
(549, 0, 0, 13, 0, 550, 650),
(551, 1, 1, 22, 0, 552, 422),
(553, 1, 0, 32, 1, 554, 785),
(555, 0, 1, 5, 0, 556, 310),
(557, 1, 0, 26, 1, 558, 549),
(559, 0, 1, 30, 0, 560, 952),
(561, 1, 1, 33, 1, 562, 244),
(563, 1, 1, 23, 1, 564, 349),
(565, 1, 0, 32, 1, 566, 83),
(567, 0, 0, 11, 0, 568, 278),
(569, 0, 0, 27, 1, 570, 814),
(571, 1, 0, 6, 0, 572, 723),
(573, 1, 1, 22, 0, 574, 644),
(575, 0, 0, 8, 0, 576, 678),
(577, 0, 0, 10, 1, 578, 364),
(579, 0, 0, 29, 0, 580, 920),
(581, 0, 0, 7, 1, 582, 590),
(583, 1, 1, 16, 1, 584, 114),
(585, 1, 0, 33, 1, 586, 523),
(587, 0, 0, 7, 0, 588, 999),
(589, 0, 1, 12, 1, 590, 550),
(591, 1, 0, 27, 1, 592, 365),
(593, 1, 0, 23, 1, 594, 552),
(595, 1, 1, 7, 1, 596, 396),
(597, 0, 0, 13, 0, 598, 67),
(599, 0, 1, 22, 1, 600, 789),
(601, 0, 1, 10, 1, 602, 675),
(603, 0, 1, 5, 0, 604, 696),
(605, 0, 0, 11, 1, 606, 379),
(607, 1, 0, 23, 0, 608, 601),
(609, 0, 1, 12, 1, 610, 737),
(611, 1, 0, 7, 0, 612, 488),
(613, 0, 1, 21, 0, 614, 370),
(615, 0, 0, 33, 1, 616, 397),
(617, 0, 0, 17, 0, 618, 961),
(619, 0, 1, 12, 1, 620, 607),
(621, 0, 0, 19, 1, 622, 518),
(623, 0, 0, 11, 0, 624, 267),
(625, 0, 1, 26, 1, 626, 406),
(627, 0, 0, 15, 1, 628, 308),
(629, 1, 1, 17, 0, 630, 516),
(631, 0, 0, 11, 1, 632, 492),
(633, 1, 0, 29, 1, 634, 874),
(635, 0, 0, 15, 1, 636, 687),
(637, 1, 0, 32, 0, 638, 785),
(639, 0, 0, 18, 1, 640, 135),
(641, 1, 0, 20, 0, 642, 292),
(643, 1, 1, 17, 1, 644, 770),
(645, 1, 1, 15, 0, 646, 830),
(647, 0, 0, 5, 0, 648, 273),
(649, 1, 0, 20, 1, 650, 321),
(651, 0, 0, 29, 0, 652, 800),
(653, 0, 1, 12, 0, 654, 467),
(655, 0, 0, 5, 1, 656, 273),
(657, 0, 1, 9, 0, 658, 681),
(659, 1, 0, 21, 1, 660, 25),
(661, 1, 0, 32, 0, 662, 357),
(663, 1, 0, 6, 1, 664, 941),
(665, 0, 1, 24, 1, 666, 822),
(667, 0, 1, 14, 0, 668, 323),
(669, 1, 0, 8, 1, 670, 984),
(671, 1, 0, 21, 1, 672, 118),
(673, 0, 0, 30, 1, 674, 923),
(675, 0, 0, 21, 0, 676, 420),
(677, 0, 1, 18, 1, 678, 875),
(679, 1, 0, 28, 0, 680, 222),
(681, 0, 1, 20, 0, 682, 321),
(683, 1, 1, 6, 1, 684, 697),
(685, 0, 1, 17, 0, 686, 375),
(687, 0, 1, 8, 1, 688, 472),
(689, 0, 1, 33, 0, 690, 84),
(691, 0, 0, 4, 0, 692, 992),
(693, 1, 1, 29, 1, 694, 964),
(695, 0, 1, 5, 1, 696, 833),
(697, 1, 0, 25, 0, 698, 832),
(699, 1, 0, 28, 1, 700, 140),
(701, 1, 0, 17, 0, 702, 317),
(703, 0, 1, 5, 0, 704, 764),
(705, 0, 1, 10, 1, 706, 894),
(707, 1, 0, 14, 0, 708, 447),
(709, 0, 0, 27, 0, 710, 365),
(711, 1, 1, 18, 1, 712, 561),
(713, 0, 0, 31, 0, 714, 722),
(715, 1, 0, 29, 0, 716, 391),
(717, 0, 0, 28, 1, 718, 540),
(719, 1, 1, 25, 0, 720, 415),
(721, 1, 1, 7, 1, 722, 396),
(723, 1, 0, 14, 1, 724, 372),
(725, 1, 0, 20, 0, 726, 859),
(727, 0, 1, 23, 0, 728, 956),
(729, 1, 1, 24, 0, 730, 904),
(731, 0, 0, 24, 0, 732, 336),
(733, 0, 0, 24, 1, 734, 235),
(735, 0, 0, 6, 1, 736, 471),
(737, 1, 1, 24, 1, 738, 473),
(739, 1, 1, 5, 1, 740, 309),
(741, 0, 1, 11, 0, 742, 440),
(743, 0, 1, 14, 0, 744, 921),
(745, 1, 1, 7, 1, 746, 121),
(747, 0, 1, 22, 0, 748, 705),
(749, 1, 0, 25, 1, 750, 625),
(751, 1, 0, 32, 0, 752, 20),
(753, 1, 1, 24, 0, 754, 639),
(755, 1, 1, 31, 1, 756, 215),
(757, 1, 1, 10, 1, 758, 880),
(759, 0, 0, 8, 1, 760, 617),
(761, 1, 1, 15, 1, 762, 631),
(763, 1, 0, 8, 0, 764, 810),
(765, 0, 0, 18, 0, 766, 783),
(767, 1, 1, 12, 0, 768, 684),
(769, 0, 1, 28, 0, 770, 976),
(771, 1, 0, 21, 1, 772, 528),
(773, 0, 1, 31, 1, 774, 358),
(775, 1, 0, 33, 0, 776, 244),
(777, 0, 1, 16, 0, 778, 22),
(779, 1, 0, 25, 1, 780, 361),
(781, 1, 0, 28, 1, 782, 140),
(783, 1, 1, 9, 1, 784, 155),
(785, 1, 1, 21, 0, 786, 927),
(787, 0, 1, 8, 0, 788, 487),
(789, 0, 0, 13, 1, 790, 163),
(791, 1, 1, 28, 0, 792, 598),
(793, 0, 1, 32, 1, 794, 199),
(795, 0, 0, 18, 1, 796, 294),
(797, 1, 1, 23, 1, 798, 127),
(799, 1, 0, 9, 1, 800, 475),
(801, 1, 0, 29, 0, 802, 295),
(803, 0, 0, 30, 0, 804, 526),
(805, 0, 0, 16, 1, 806, 327),
(807, 0, 0, 17, 1, 808, 98),
(809, 0, 0, 19, 1, 810, 545),
(811, 1, 1, 12, 0, 812, 351),
(813, 1, 0, 26, 1, 814, 924),
(815, 0, 1, 10, 1, 816, 13),
(817, 0, 0, 18, 0, 818, 837),
(819, 0, 0, 20, 1, 820, 717),
(821, 1, 0, 20, 1, 822, 451),
(823, 0, 1, 31, 0, 824, 890),
(825, 0, 1, 22, 1, 826, 729),
(827, 0, 1, 12, 1, 828, 708),
(829, 0, 0, 8, 1, 830, 472),
(831, 0, 0, 23, 0, 832, 432),
(833, 0, 1, 22, 0, 834, 390),
(835, 1, 0, 13, 1, 836, 829),
(837, 0, 0, 20, 0, 838, 605),
(839, 1, 0, 33, 0, 840, 510),
(841, 1, 0, 18, 1, 842, 857),
(843, 1, 1, 11, 1, 844, 134),
(845, 1, 0, 16, 0, 846, 362),
(847, 0, 1, 23, 1, 848, 314),
(849, 1, 1, 15, 0, 850, 741),
(851, 1, 0, 13, 0, 852, 973),
(853, 1, 1, 27, 1, 854, 641),
(855, 0, 1, 4, 0, 856, 148),
(857, 0, 0, 19, 0, 858, 497),
(859, 1, 0, 27, 0, 860, 659),
(861, 0, 1, 28, 1, 862, 934),
(863, 0, 1, 21, 1, 864, 38),
(865, 0, 1, 19, 1, 866, 545),
(867, 0, 1, 27, 1, 868, 504),
(869, 0, 1, 33, 1, 870, 523),
(871, 1, 1, 15, 1, 872, 707),
(873, 1, 1, 10, 1, 874, 592),
(875, 1, 0, 18, 0, 876, 283),
(877, 0, 1, 24, 1, 878, 303),
(879, 1, 0, 16, 1, 880, 174),
(881, 1, 1, 13, 0, 882, 888),
(883, 1, 1, 28, 1, 884, 867),
(885, 0, 0, 26, 0, 886, 227),
(887, 1, 0, 32, 1, 888, 83),
(889, 1, 0, 25, 1, 890, 910),
(891, 1, 1, 33, 0, 892, 852),
(893, 1, 1, 23, 0, 894, 956),
(895, 0, 1, 18, 0, 896, 150),
(897, 0, 0, 15, 0, 898, 932),
(899, 0, 1, 16, 0, 900, 539),
(901, 1, 0, 10, 1, 902, 185),
(903, 1, 0, 27, 1, 904, 225),
(905, 1, 1, 9, 1, 906, 346),
(907, 1, 0, 26, 1, 908, 759),
(909, 1, 1, 25, 0, 910, 911),
(911, 0, 1, 18, 0, 912, 283),
(913, 0, 0, 10, 1, 914, 213),
(915, 0, 0, 16, 1, 916, 612),
(917, 1, 1, 32, 1, 918, 626),
(919, 1, 0, 32, 1, 920, 579),
(921, 1, 0, 33, 0, 922, 603),
(923, 1, 0, 12, 1, 924, 476),
(925, 1, 1, 27, 0, 926, 456),
(927, 0, 1, 8, 1, 928, 810),
(929, 1, 0, 6, 0, 930, 557),
(931, 1, 1, 24, 0, 932, 264),
(933, 1, 0, 8, 0, 934, 354),
(935, 1, 0, 23, 0, 936, 452),
(937, 1, 0, 23, 0, 938, 127),
(939, 1, 1, 21, 1, 940, 271),
(941, 1, 0, 8, 0, 942, 828),
(943, 0, 0, 30, 1, 944, 382),
(945, 0, 1, 30, 0, 946, 923),
(947, 0, 0, 22, 0, 948, 390),
(949, 0, 1, 24, 1, 950, 629),
(951, 1, 1, 16, 0, 952, 339),
(953, 1, 1, 15, 0, 954, 569),
(955, 0, 0, 8, 1, 956, 617),
(957, 0, 0, 15, 1, 958, 340),
(959, 1, 0, 26, 0, 960, 997),
(961, 1, 0, 19, 1, 962, 72),
(963, 1, 0, 19, 0, 964, 319),
(965, 0, 0, 24, 0, 966, 280),
(967, 1, 1, 33, 0, 968, 129),
(969, 1, 1, 6, 0, 970, 212),
(971, 1, 0, 28, 0, 972, 970),
(973, 1, 0, 28, 1, 974, 356),
(975, 0, 1, 20, 1, 976, 860),
(977, 1, 0, 17, 0, 978, 375),
(979, 0, 0, 23, 0, 980, 552),
(981, 0, 1, 27, 0, 982, 347),
(983, 1, 0, 24, 0, 984, 495),
(985, 0, 0, 27, 1, 986, 504),
(987, 1, 0, 7, 1, 988, 646),
(989, 0, 0, 17, 1, 990, 290),
(991, 0, 0, 10, 1, 992, 734),
(993, 1, 0, 20, 0, 994, 736),
(995, 1, 0, 28, 1, 996, 845),
(997, 0, 1, 13, 1, 998, 889),
(999, 0, 0, 9, 1, 1000, 520),
(1001, 1, 0, 18, 1, 1002, 694),
(1003, 0, 1, 5, 0, 1004, 446),
(1005, 1, 1, 23, 1, 1006, 728),
(1007, 0, 1, 30, 0, 1008, 93),
(1009, 1, 1, 24, 1, 1010, 261),
(1011, 1, 1, 14, 0, 1012, 921),
(1013, 1, 1, 16, 1, 1014, 248),
(1015, 1, 1, 30, 1, 1016, 500),
(1017, 0, 0, 31, 1, 1018, 358),
(1019, 0, 1, 9, 1, 1020, 277),
(1021, 1, 1, 22, 0, 1022, 593),
(1023, 1, 0, 17, 0, 1024, 519),
(1025, 0, 0, 8, 1, 1026, 664),
(1027, 1, 0, 27, 0, 1028, 4),
(1029, 0, 1, 30, 0, 1030, 164),
(1031, 1, 0, 20, 0, 1032, 459),
(1033, 1, 0, 29, 0, 1034, 326),
(1035, 0, 0, 13, 0, 1036, 768),
(1037, 1, 1, 23, 0, 1038, 601),
(1039, 1, 1, 5, 0, 1040, 543),
(1041, 0, 1, 8, 0, 1042, 59),
(1043, 1, 0, 12, 1, 1044, 607),
(1045, 1, 0, 13, 1, 1046, 763),
(1047, 1, 1, 29, 0, 1048, 958),
(1049, 1, 1, 9, 0, 1050, 622),
(1051, 1, 0, 29, 1, 1052, 874),
(1053, 0, 1, 7, 1, 1054, 590),
(1055, 1, 0, 10, 0, 1056, 19),
(1057, 0, 0, 9, 1, 1058, 34),
(1059, 1, 0, 5, 0, 1060, 795),
(1061, 1, 0, 22, 0, 1062, 887),
(1063, 1, 1, 7, 1, 1064, 564),
(1065, 0, 1, 10, 0, 1066, 304),
(1067, 0, 0, 14, 0, 1068, 76),
(1069, 0, 0, 17, 1, 1070, 395),
(1071, 1, 1, 23, 1, 1072, 552),
(1073, 0, 0, 11, 0, 1074, 242),
(1075, 0, 1, 28, 1, 1076, 413),
(1077, 0, 1, 27, 0, 1078, 480),
(1079, 0, 1, 29, 1, 1080, 725),
(1081, 0, 1, 28, 0, 1082, 765),
(1083, 1, 1, 29, 0, 1084, 738),
(1085, 0, 0, 17, 0, 1086, 981),
(1087, 1, 1, 29, 0, 1088, 843),
(1089, 1, 0, 22, 1, 1090, 110),
(1091, 1, 1, 19, 0, 1092, 186),
(1093, 1, 1, 5, 1, 1094, 206),
(1095, 0, 0, 6, 0, 1096, 471),
(1097, 0, 1, 8, 1, 1098, 979),
(1099, 0, 0, 25, 1, 1100, 143),
(1101, 0, 1, 30, 0, 1102, 93),
(1103, 1, 1, 12, 0, 1104, 467),
(1105, 1, 1, 33, 1, 1106, 603),
(1107, 1, 1, 20, 0, 1108, 321),
(1109, 1, 1, 31, 0, 1110, 252),
(1111, 1, 0, 22, 0, 1112, 632),
(1113, 1, 0, 13, 0, 1114, 792),
(1115, 1, 1, 9, 0, 1116, 968),
(1117, 0, 0, 16, 0, 1118, 760),
(1119, 1, 1, 20, 0, 1120, 908),
(1121, 1, 0, 9, 0, 1122, 589),
(1123, 0, 1, 10, 1, 1124, 574),
(1125, 0, 1, 5, 0, 1126, 793),
(1127, 1, 0, 28, 1, 1128, 48),
(1129, 0, 1, 9, 1, 1130, 620),
(1131, 1, 0, 8, 0, 1132, 781),
(1133, 1, 1, 20, 1, 1134, 605),
(1135, 1, 1, 11, 1, 1136, 332),
(1137, 1, 0, 12, 0, 1138, 177),
(1139, 1, 1, 22, 0, 1140, 977),
(1141, 0, 0, 7, 0, 1142, 647),
(1143, 1, 1, 8, 0, 1144, 828),
(1145, 1, 1, 21, 1, 1146, 75),
(1147, 1, 1, 30, 0, 1148, 200),
(1149, 1, 1, 21, 0, 1150, 478),
(1151, 1, 1, 16, 0, 1152, 174),
(1153, 1, 0, 12, 0, 1154, 869),
(1155, 1, 1, 22, 0, 1156, 729),
(1157, 1, 0, 13, 0, 1158, 407),
(1159, 1, 1, 8, 0, 1160, 354),
(1161, 0, 1, 23, 1, 1162, 131),
(1163, 0, 0, 22, 0, 1164, 704),
(1165, 0, 1, 17, 1, 1166, 18),
(1167, 1, 0, 8, 1, 1168, 587),
(1169, 0, 1, 9, 1, 1170, 474),
(1171, 0, 1, 22, 0, 1172, 667),
(1173, 0, 0, 8, 0, 1174, 810),
(1175, 1, 1, 17, 1, 1176, 130),
(1177, 0, 1, 6, 1, 1178, 108),
(1179, 1, 0, 32, 1, 1180, 668),
(1181, 0, 1, 4, 0, 1182, 673),
(1183, 1, 1, 9, 1, 1184, 968),
(1185, 0, 0, 8, 1, 1186, 979),
(1187, 0, 1, 28, 0, 1188, 30),
(1189, 1, 1, 26, 0, 1190, 997),
(1191, 1, 0, 9, 1, 1192, 513),
(1193, 1, 0, 20, 0, 1194, 605),
(1195, 0, 0, 13, 0, 1196, 744),
(1197, 0, 1, 5, 0, 1198, 384),
(1199, 1, 0, 25, 0, 1200, 87),
(1201, 0, 1, 18, 1, 1202, 560),
(1203, 1, 0, 7, 1, 1204, 32),
(1205, 0, 0, 24, 1, 1206, 883),
(1207, 0, 1, 30, 1, 1208, 45),
(1209, 1, 0, 7, 1, 1210, 335),
(1211, 0, 1, 7, 1, 1212, 121),
(1213, 1, 0, 5, 0, 1214, 384),
(1215, 1, 1, 11, 1, 1216, 742),
(1217, 1, 1, 22, 1, 1218, 766),
(1219, 0, 0, 31, 0, 1220, 669),
(1221, 1, 1, 8, 0, 1222, 678),
(1223, 1, 1, 18, 1, 1224, 561),
(1225, 0, 0, 14, 1, 1226, 567),
(1227, 1, 0, 15, 1, 1228, 942),
(1229, 0, 1, 15, 1, 1230, 882),
(1231, 0, 1, 31, 0, 1232, 408),
(1233, 0, 1, 8, 1, 1234, 617),
(1235, 1, 1, 10, 0, 1236, 304),
(1237, 0, 1, 15, 0, 1238, 308),
(1239, 1, 0, 32, 1, 1240, 191),
(1241, 0, 1, 4, 1, 1242, 774),
(1243, 0, 0, 26, 1, 1244, 676),
(1245, 0, 0, 5, 0, 1246, 418),
(1247, 0, 1, 8, 0, 1248, 664),
(1249, 0, 0, 7, 1, 1250, 571),
(1251, 0, 0, 15, 1, 1252, 505),
(1253, 1, 0, 12, 0, 1254, 780),
(1255, 0, 1, 31, 0, 1256, 215),
(1257, 1, 1, 9, 1, 1258, 915),
(1259, 1, 0, 15, 1, 1260, 604),
(1261, 1, 1, 6, 0, 1262, 444),
(1263, 1, 1, 11, 0, 1264, 431),
(1265, 1, 1, 26, 0, 1266, 996),
(1267, 1, 1, 28, 0, 1268, 540),
(1269, 0, 1, 31, 1, 1270, 502),
(1271, 1, 1, 30, 1, 1272, 434),
(1273, 0, 1, 14, 0, 1274, 441),
(1275, 0, 0, 17, 1, 1276, 130),
(1277, 1, 1, 30, 0, 1278, 376),
(1279, 1, 1, 17, 1, 1280, 897),
(1281, 0, 1, 15, 0, 1282, 344),
(1283, 1, 0, 9, 1, 1284, 915),
(1285, 1, 0, 26, 0, 1286, 716),
(1287, 1, 0, 18, 0, 1288, 922),
(1289, 0, 0, 19, 0, 1290, 333),
(1291, 1, 0, 8, 0, 1292, 487),
(1293, 0, 1, 6, 0, 1294, 995),
(1295, 0, 1, 9, 1, 1296, 846),
(1297, 0, 1, 18, 1, 1298, 283),
(1299, 1, 1, 25, 1, 1300, 16),
(1301, 0, 1, 10, 0, 1302, 364),
(1303, 1, 0, 21, 1, 1304, 927),
(1305, 0, 1, 28, 0, 1306, 266),
(1307, 1, 0, 33, 0, 1308, 603),
(1309, 1, 0, 20, 0, 1310, 558),
(1311, 0, 1, 11, 0, 1312, 278),
(1313, 1, 0, 32, 1, 1314, 579),
(1315, 1, 0, 30, 1, 1316, 533),
(1317, 1, 0, 26, 1, 1318, 844),
(1319, 0, 1, 12, 0, 1320, 476),
(1321, 1, 1, 9, 1, 1322, 318),
(1323, 1, 1, 19, 0, 1324, 243),
(1325, 0, 1, 22, 0, 1326, 887),
(1327, 1, 0, 27, 0, 1328, 365),
(1329, 1, 1, 21, 0, 1330, 388),
(1331, 1, 0, 28, 1, 1332, 845),
(1333, 0, 0, 5, 0, 1334, 207),
(1335, 1, 1, 12, 1, 1336, 69),
(1337, 0, 1, 13, 0, 1338, 768),
(1339, 0, 0, 15, 1, 1340, 569),
(1341, 0, 0, 24, 0, 1342, 473),
(1343, 1, 0, 22, 1, 1344, 422),
(1345, 0, 1, 11, 0, 1346, 498),
(1347, 0, 0, 6, 0, 1348, 807),
(1349, 0, 0, 16, 0, 1350, 925),
(1351, 0, 1, 7, 1, 1352, 63),
(1353, 1, 1, 8, 0, 1354, 984),
(1355, 1, 0, 12, 1, 1356, 69),
(1357, 1, 0, 4, 0, 1358, 315),
(1359, 0, 0, 23, 0, 1360, 343),
(1361, 0, 1, 14, 0, 1362, 624),
(1363, 1, 1, 17, 0, 1364, 133),
(1365, 1, 1, 32, 1, 1366, 580),
(1367, 1, 1, 22, 1, 1368, 593),
(1369, 0, 0, 11, 1, 1370, 278),
(1371, 0, 0, 23, 0, 1372, 343),
(1373, 1, 1, 16, 0, 1374, 501),
(1375, 1, 0, 23, 1, 1376, 127),
(1377, 1, 1, 10, 0, 1378, 531),
(1379, 1, 1, 9, 0, 1380, 281),
(1381, 1, 1, 33, 1, 1382, 51),
(1383, 1, 1, 6, 0, 1384, 662),
(1385, 0, 1, 21, 0, 1386, 747),
(1387, 1, 1, 28, 0, 1388, 934),
(1389, 1, 1, 15, 0, 1390, 631),
(1391, 1, 1, 26, 0, 1392, 991),
(1393, 1, 0, 18, 0, 1394, 387),
(1395, 0, 0, 27, 1, 1396, 659),
(1397, 0, 0, 23, 0, 1398, 959),
(1399, 1, 0, 13, 1, 1400, 300),
(1401, 1, 1, 19, 0, 1402, 72),
(1403, 1, 0, 28, 1, 1404, 145),
(1405, 1, 0, 11, 1, 1406, 649),
(1407, 0, 1, 9, 0, 1408, 34),
(1409, 0, 1, 20, 1, 1410, 451),
(1411, 1, 0, 20, 1, 1412, 627),
(1413, 0, 1, 23, 0, 1414, 39),
(1415, 0, 0, 15, 0, 1416, 830),
(1417, 1, 1, 13, 1, 1418, 888),
(1419, 1, 0, 6, 1, 1420, 941),
(1421, 0, 1, 24, 1, 1422, 904),
(1423, 1, 0, 18, 0, 1424, 875),
(1425, 1, 0, 27, 1, 1426, 208),
(1427, 1, 1, 6, 0, 1428, 557),
(1429, 0, 0, 28, 1, 1430, 826),
(1431, 0, 1, 16, 0, 1432, 756),
(1433, 0, 1, 16, 0, 1434, 912),
(1435, 1, 1, 8, 1, 1436, 678),
(1437, 0, 0, 7, 1, 1438, 866),
(1439, 1, 0, 13, 1, 1440, 67),
(1441, 0, 1, 31, 1, 1442, 610),
(1443, 0, 1, 20, 1, 1444, 459),
(1445, 1, 1, 31, 0, 1446, 125),
(1447, 0, 1, 9, 0, 1448, 689),
(1449, 0, 0, 6, 1, 1450, 405),
(1451, 0, 1, 23, 1, 1452, 43),
(1453, 0, 1, 16, 0, 1454, 645),
(1455, 0, 0, 6, 0, 1456, 471),
(1457, 1, 0, 27, 0, 1458, 909),
(1459, 0, 0, 25, 0, 1460, 939),
(1461, 0, 0, 4, 1, 1462, 448),
(1463, 1, 0, 4, 0, 1464, 66),
(1465, 0, 0, 5, 1, 1466, 142),
(1467, 1, 1, 13, 1, 1468, 901),
(1469, 1, 0, 30, 0, 1470, 164),
(1471, 0, 0, 24, 0, 1472, 280),
(1473, 0, 1, 16, 1, 1474, 925),
(1475, 0, 1, 8, 1, 1476, 781),
(1477, 0, 1, 29, 1, 1478, 777),
(1479, 0, 0, 33, 0, 1480, 819),
(1481, 0, 1, 30, 1, 1482, 171),
(1483, 0, 1, 8, 1, 1484, 810),
(1485, 0, 1, 22, 0, 1486, 667),
(1487, 0, 0, 14, 1, 1488, 372),
(1489, 0, 0, 19, 1, 1490, 712),
(1491, 0, 0, 13, 0, 1492, 613),
(1493, 0, 0, 6, 1, 1494, 941),
(1495, 0, 0, 13, 0, 1496, 751),
(1497, 1, 0, 5, 1, 1498, 309),
(1499, 1, 0, 23, 0, 1500, 265),
(1501, 0, 0, 24, 0, 1502, 450),
(1503, 0, 0, 14, 0, 1504, 567),
(1505, 0, 0, 22, 1, 1506, 977),
(1507, 1, 1, 15, 1, 1508, 541),
(1509, 1, 1, 6, 1, 1510, 37),
(1511, 1, 0, 15, 0, 1512, 631),
(1513, 1, 1, 30, 1, 1514, 923),
(1515, 1, 1, 5, 0, 1516, 233),
(1517, 0, 1, 20, 1, 1518, 605),
(1519, 1, 0, 5, 1, 1520, 195),
(1521, 1, 1, 6, 0, 1522, 683),
(1523, 0, 1, 27, 0, 1524, 656),
(1525, 0, 0, 6, 1, 1526, 941),
(1527, 1, 0, 22, 1, 1528, 834),
(1529, 1, 0, 28, 0, 1530, 976),
(1531, 0, 0, 15, 1, 1532, 209),
(1533, 0, 1, 24, 1, 1534, 652),
(1535, 1, 0, 6, 1, 1536, 12),
(1537, 0, 1, 24, 1, 1538, 660),
(1539, 0, 0, 5, 0, 1540, 696),
(1541, 1, 0, 19, 0, 1542, 243),
(1543, 0, 0, 18, 0, 1544, 702),
(1545, 0, 0, 13, 1, 1546, 792),
(1547, 0, 0, 24, 0, 1548, 639),
(1549, 1, 0, 15, 1, 1550, 541),
(1551, 0, 0, 13, 0, 1552, 768),
(1553, 0, 1, 33, 1, 1554, 491),
(1555, 1, 0, 9, 0, 1556, 968),
(1557, 0, 1, 32, 1, 1558, 668),
(1559, 1, 1, 27, 0, 1560, 642),
(1561, 1, 1, 15, 0, 1562, 707),
(1563, 1, 0, 11, 0, 1564, 49),
(1565, 0, 0, 29, 0, 1566, 630),
(1567, 1, 1, 13, 0, 1568, 888),
(1569, 1, 1, 6, 0, 1570, 108),
(1571, 0, 0, 11, 1, 1572, 498),
(1573, 1, 0, 9, 0, 1574, 318),
(1575, 1, 0, 19, 1, 1576, 128),
(1577, 1, 0, 19, 1, 1578, 812),
(1579, 1, 1, 23, 1, 1580, 460),
(1581, 1, 1, 5, 0, 1582, 457),
(1583, 1, 0, 18, 1, 1584, 150),
(1585, 1, 1, 5, 1, 1586, 273),
(1587, 1, 1, 9, 1, 1588, 743),
(1589, 1, 0, 9, 1, 1590, 589),
(1591, 1, 1, 21, 0, 1592, 865),
(1593, 0, 1, 28, 1, 1594, 30),
(1595, 0, 0, 28, 1, 1596, 713),
(1597, 1, 1, 9, 0, 1598, 846),
(1599, 0, 0, 7, 0, 1600, 305),
(1601, 1, 0, 31, 1, 1602, 436),
(1603, 0, 1, 12, 0, 1604, 758),
(1605, 0, 1, 10, 1, 1606, 13),
(1607, 1, 1, 5, 0, 1608, 833),
(1609, 1, 0, 7, 1, 1610, 999),
(1611, 0, 1, 31, 0, 1612, 663),
(1613, 0, 1, 7, 0, 1614, 646),
(1615, 1, 1, 18, 0, 1616, 842),
(1617, 1, 1, 29, 0, 1618, 582),
(1619, 0, 1, 6, 0, 1620, 444),
(1621, 1, 0, 28, 0, 1622, 666),
(1623, 0, 0, 5, 0, 1624, 384),
(1625, 0, 0, 26, 1, 1626, 924),
(1627, 1, 0, 33, 1, 1628, 966),
(1629, 0, 1, 28, 1, 1630, 666),
(1631, 1, 1, 4, 1, 1632, 796),
(1633, 1, 1, 15, 0, 1634, 604),
(1635, 0, 1, 8, 1, 1636, 238),
(1637, 0, 0, 17, 0, 1638, 290),
(1639, 0, 1, 15, 1, 1640, 340),
(1641, 0, 0, 22, 0, 1642, 685),
(1643, 1, 0, 12, 0, 1644, 684),
(1645, 0, 0, 8, 1, 1646, 990),
(1647, 1, 1, 16, 0, 1648, 621),
(1649, 1, 1, 21, 0, 1650, 701),
(1651, 0, 1, 13, 1, 1652, 889),
(1653, 0, 1, 14, 1, 1654, 296),
(1655, 0, 0, 17, 0, 1656, 130),
(1657, 0, 0, 17, 1, 1658, 98),
(1659, 0, 1, 20, 1, 1660, 856),
(1661, 0, 0, 28, 1, 1662, 288),
(1663, 1, 0, 5, 0, 1664, 858),
(1665, 0, 0, 8, 1, 1666, 56),
(1667, 1, 1, 9, 1, 1668, 514),
(1669, 0, 0, 12, 1, 1670, 926),
(1671, 0, 0, 9, 0, 1672, 318),
(1673, 1, 0, 32, 1, 1674, 877),
(1675, 0, 1, 7, 0, 1676, 813),
(1677, 0, 0, 26, 1, 1678, 996),
(1679, 0, 1, 23, 0, 1680, 43),
(1681, 1, 0, 33, 1, 1682, 998),
(1683, 1, 0, 9, 0, 1684, 968),
(1685, 0, 0, 9, 1, 1686, 170),
(1687, 0, 0, 28, 1, 1688, 203),
(1689, 1, 1, 31, 1, 1690, 890),
(1691, 1, 1, 24, 1, 1692, 235),
(1693, 1, 1, 14, 0, 1694, 372),
(1695, 0, 0, 28, 0, 1696, 598),
(1697, 1, 1, 17, 1, 1698, 519),
(1699, 1, 0, 23, 1, 1700, 728),
(1701, 0, 0, 12, 1, 1702, 100),
(1703, 1, 0, 30, 0, 1704, 181),
(1705, 1, 0, 8, 0, 1706, 984),
(1707, 0, 0, 8, 0, 1708, 825),
(1709, 0, 0, 9, 0, 1710, 281),
(1711, 1, 1, 22, 0, 1712, 90),
(1713, 1, 0, 22, 0, 1714, 667),
(1715, 1, 0, 28, 0, 1716, 666),
(1717, 1, 1, 29, 0, 1718, 103),
(1719, 0, 1, 8, 1, 1720, 979),
(1721, 0, 0, 6, 1, 1722, 515),
(1723, 1, 1, 31, 0, 1724, 801),
(1725, 1, 0, 30, 1, 1726, 45),
(1727, 0, 1, 33, 1, 1728, 244),
(1729, 0, 0, 32, 0, 1730, 64),
(1731, 1, 0, 26, 0, 1732, 363),
(1733, 0, 0, 21, 1, 1734, 478),
(1735, 0, 0, 13, 0, 1736, 328),
(1737, 0, 1, 19, 1, 1738, 545),
(1739, 1, 0, 11, 0, 1740, 256),
(1741, 1, 1, 27, 1, 1742, 70),
(1743, 1, 1, 32, 1, 1744, 399),
(1745, 0, 0, 9, 0, 1746, 116),
(1747, 1, 1, 16, 1, 1748, 158),
(1749, 0, 1, 20, 1, 1750, 856),
(1751, 1, 1, 26, 0, 1752, 881),
(1753, 1, 1, 7, 0, 1754, 398),
(1755, 1, 0, 23, 0, 1756, 959),
(1757, 0, 1, 33, 0, 1758, 404),
(1759, 1, 1, 9, 0, 1760, 116),
(1761, 0, 0, 12, 0, 1762, 89),
(1763, 0, 1, 10, 1, 1764, 574),
(1765, 1, 1, 4, 1, 1766, 848),
(1767, 0, 1, 4, 0, 1768, 341),
(1769, 0, 0, 7, 1, 1770, 335),
(1771, 1, 1, 9, 1, 1772, 514),
(1773, 1, 0, 20, 0, 1774, 507),
(1775, 1, 0, 5, 1, 1776, 418),
(1777, 0, 0, 25, 0, 1778, 87),
(1779, 1, 1, 11, 1, 1780, 379),
(1781, 1, 0, 18, 1, 1782, 9),
(1783, 0, 0, 30, 1, 1784, 449),
(1785, 1, 0, 15, 1, 1786, 541),
(1787, 1, 0, 23, 0, 1788, 311),
(1789, 0, 1, 4, 1, 1790, 796),
(1791, 0, 1, 19, 1, 1792, 72),
(1793, 0, 0, 32, 1, 1794, 929),
(1795, 0, 1, 19, 0, 1796, 718),
(1797, 0, 0, 16, 0, 1798, 496),
(1799, 0, 0, 30, 1, 1800, 181),
(1801, 1, 0, 30, 0, 1802, 657),
(1803, 0, 0, 13, 1, 1804, 888),
(1805, 0, 0, 4, 0, 1806, 66),
(1807, 1, 0, 23, 1, 1808, 552),
(1809, 0, 1, 7, 1, 1810, 955),
(1811, 1, 0, 22, 0, 1812, 301),
(1813, 1, 0, 13, 1, 1814, 201),
(1815, 0, 1, 31, 1, 1816, 847),
(1817, 0, 0, 30, 0, 1818, 657),
(1819, 0, 1, 6, 0, 1820, 723),
(1821, 1, 1, 6, 1, 1822, 455),
(1823, 0, 0, 14, 0, 1824, 602),
(1825, 0, 1, 18, 0, 1826, 892),
(1827, 1, 0, 20, 0, 1828, 627),
(1829, 1, 1, 10, 0, 1830, 165),
(1831, 0, 1, 6, 0, 1832, 162),
(1833, 0, 0, 12, 0, 1834, 503),
(1835, 0, 0, 14, 1, 1836, 636),
(1837, 0, 1, 23, 1, 1838, 460),
(1839, 0, 0, 19, 0, 1840, 831),
(1841, 0, 1, 22, 1, 1842, 422),
(1843, 1, 1, 25, 0, 1844, 216),
(1845, 1, 1, 26, 1, 1846, 928),
(1847, 1, 1, 29, 0, 1848, 800),
(1849, 0, 0, 15, 0, 1850, 906),
(1851, 1, 0, 8, 1, 1852, 485),
(1853, 0, 0, 32, 1, 1854, 877),
(1855, 0, 1, 5, 1, 1856, 858),
(1857, 1, 1, 18, 0, 1858, 653),
(1859, 0, 0, 28, 0, 1860, 288),
(1861, 0, 1, 13, 0, 1862, 973),
(1863, 1, 1, 17, 0, 1864, 395),
(1865, 1, 1, 25, 0, 1866, 16),
(1867, 0, 0, 5, 0, 1868, 206),
(1869, 0, 1, 27, 0, 1870, 464),
(1871, 0, 0, 32, 0, 1872, 297),
(1873, 1, 1, 4, 1, 1874, 322),
(1875, 0, 0, 5, 0, 1876, 858),
(1877, 0, 0, 14, 0, 1878, 636),
(1879, 1, 0, 4, 0, 1880, 33),
(1881, 1, 0, 32, 0, 1882, 986),
(1883, 0, 1, 13, 0, 1884, 613),
(1885, 1, 0, 33, 0, 1886, 819),
(1887, 0, 1, 19, 0, 1888, 718),
(1889, 1, 0, 18, 1, 1890, 837),
(1891, 1, 1, 24, 1, 1892, 771),
(1893, 0, 1, 14, 1, 1894, 636),
(1895, 1, 0, 27, 0, 1896, 208),
(1897, 0, 1, 23, 0, 1898, 853),
(1899, 0, 0, 32, 0, 1900, 841),
(1901, 0, 0, 13, 0, 1902, 750),
(1903, 0, 1, 22, 0, 1904, 977),
(1905, 0, 1, 33, 0, 1906, 404),
(1907, 1, 0, 10, 0, 1908, 411),
(1909, 1, 1, 13, 0, 1910, 124),
(1911, 1, 0, 10, 0, 1912, 13),
(1913, 0, 0, 24, 1, 1914, 235),
(1915, 1, 0, 10, 1, 1916, 735),
(1917, 0, 1, 28, 0, 1918, 976),
(1919, 0, 1, 5, 0, 1920, 795),
(1921, 1, 0, 26, 1, 1922, 363),
(1923, 0, 0, 12, 1, 1924, 737),
(1925, 0, 1, 20, 1, 1926, 250),
(1927, 1, 1, 29, 1, 1928, 566),
(1929, 1, 1, 27, 0, 1930, 548),
(1931, 0, 0, 8, 0, 1932, 895),
(1933, 1, 1, 4, 1, 1934, 386),
(1935, 1, 0, 5, 0, 1936, 833),
(1937, 1, 0, 33, 0, 1938, 397),
(1939, 0, 1, 26, 0, 1940, 759),
(1941, 1, 0, 28, 0, 1942, 765),
(1943, 1, 0, 8, 1, 1944, 895),
(1945, 1, 1, 16, 1, 1946, 606),
(1947, 1, 1, 8, 0, 1948, 485),
(1949, 1, 0, 9, 1, 1950, 92),
(1951, 1, 1, 27, 1, 1952, 371),
(1953, 0, 0, 21, 1, 1954, 231),
(1955, 0, 0, 30, 0, 1956, 637),
(1957, 1, 1, 20, 1, 1958, 321),
(1959, 0, 0, 7, 0, 1960, 429),
(1961, 1, 1, 22, 1, 1962, 667),
(1963, 1, 0, 9, 1, 1964, 688),
(1965, 0, 0, 7, 1, 1966, 651),
(1967, 1, 1, 26, 1, 1968, 406),
(1969, 0, 0, 4, 0, 1970, 948),
(1971, 1, 0, 17, 1, 1972, 981),
(1973, 1, 1, 19, 0, 1974, 430),
(1975, 0, 1, 18, 0, 1976, 150),
(1977, 1, 1, 19, 1, 1978, 712),
(1979, 0, 1, 22, 1, 1980, 899),
(1981, 1, 1, 24, 0, 1982, 264),
(1983, 1, 1, 22, 0, 1984, 301),
(1985, 1, 0, 7, 0, 1986, 862),
(1987, 0, 1, 7, 0, 1988, 646),
(1989, 0, 0, 29, 1, 1990, 614),
(1991, 1, 0, 32, 1, 1992, 916),
(1993, 0, 0, 4, 0, 1994, 33),
(1995, 0, 1, 5, 1, 1996, 273),
(1997, 0, 0, 27, 1, 1998, 365),
(1999, 0, 1, 8, 1, 2000, 876);

--
-- Indexes for dumped tables
--

--
-- Indexes for table `dim_centre_hospitalier`
--
ALTER TABLE `dim_centre_hospitalier`
  ADD PRIMARY KEY (`id_centre_hospitalier`);

--
-- Indexes for table `dim_materiel`
--
ALTER TABLE `dim_materiel`
  ADD PRIMARY KEY (`IdMateriel`);

--
-- Indexes for table `dim_temp`
--
ALTER TABLE `dim_temp`
  ADD PRIMARY KEY (`IdTemp`);

--
-- Indexes for table `dim_zone`
--
ALTER TABLE `dim_zone`
  ADD PRIMARY KEY (`id_zone`);

--
-- Indexes for table `fait_suivi_equipement`
--
ALTER TABLE `fait_suivi_equipement`
  ADD PRIMARY KEY (`IdSuiviEquipement`);

--
-- AUTO_INCREMENT for dumped tables
--

--
-- AUTO_INCREMENT for table `dim_centre_hospitalier`
--
ALTER TABLE `dim_centre_hospitalier`
  MODIFY `id_centre_hospitalier` int(11) NOT NULL AUTO_INCREMENT, AUTO_INCREMENT=101;

--
-- AUTO_INCREMENT for table `dim_materiel`
--
ALTER TABLE `dim_materiel`
  MODIFY `IdMateriel` int(11) NOT NULL AUTO_INCREMENT, AUTO_INCREMENT=1001;

--
-- AUTO_INCREMENT for table `dim_temp`
--
ALTER TABLE `dim_temp`
  MODIFY `IdTemp` int(11) NOT NULL AUTO_INCREMENT, AUTO_INCREMENT=1001;

--
-- AUTO_INCREMENT for table `dim_zone`
--
ALTER TABLE `dim_zone`
  MODIFY `id_zone` int(11) NOT NULL AUTO_INCREMENT, AUTO_INCREMENT=301;

--
-- AUTO_INCREMENT for table `fait_suivi_equipement`
--
ALTER TABLE `fait_suivi_equipement`
  MODIFY `IdSuiviEquipement` int(11) NOT NULL AUTO_INCREMENT, AUTO_INCREMENT=2000;
COMMIT;

/*!40101 SET CHARACTER_SET_CLIENT=@OLD_CHARACTER_SET_CLIENT */;
/*!40101 SET CHARACTER_SET_RESULTS=@OLD_CHARACTER_SET_RESULTS */;
/*!40101 SET COLLATION_CONNECTION=@OLD_COLLATION_CONNECTION */;
