-- phpMyAdmin SQL Dump
-- version 4.9.5
-- https://www.phpmyadmin.net/
--
-- Host: localhost:3307
-- Generation Time: Sep 21, 2024 at 06:35 PM
-- Server version: 5.7.24
-- PHP Version: 7.4.1

SET SQL_MODE = "NO_AUTO_VALUE_ON_ZERO";
SET AUTOCOMMIT = 0;
START TRANSACTION;
SET time_zone = "+00:00";


/*!40101 SET @OLD_CHARACTER_SET_CLIENT=@@CHARACTER_SET_CLIENT */;
/*!40101 SET @OLD_CHARACTER_SET_RESULTS=@@CHARACTER_SET_RESULTS */;
/*!40101 SET @OLD_COLLATION_CONNECTION=@@COLLATION_CONNECTION */;
/*!40101 SET NAMES utf8mb4 */;

--
-- Database: `source_covid19`
--

-- --------------------------------------------------------

--
-- Table structure for table `centre_hospitalier_final`
--

CREATE TABLE `centre_hospitalier_final` (
  `id_Centre_hospitalier` int(11) NOT NULL,
  `nom_Centre_hospitalier` varchar(54) DEFAULT NULL,
  `capacite_acceuil` int(11) DEFAULT NULL,
  `id_Zone` int(11) DEFAULT NULL
) ENGINE=InnoDB DEFAULT CHARSET=utf8;

--
-- Dumping data for table `centre_hospitalier_final`
--

INSERT INTO `centre_hospitalier_final` (`id_Centre_hospitalier`, `nom_Centre_hospitalier`, `capacite_acceuil`, `id_Zone`) VALUES
(1, 'Clinique Casahous (Dakar)', 121, 208),
(2, 'Centre Hospitalier Universitaire (CHU) de Fann (Dakar)', 218, 253),
(3, 'Clinique Pasteur (Dakar)', 141, 7),
(4, 'Hôpital Principal de Dakar', 238, 86),
(5, 'Centre Hospitalier Universitaire (CHU) de Fann (Dakar)', 201, 155),
(6, 'Clinique du Cap (Dakar)', 64, 62),
(7, 'Centre Hospitalier Universitaire (CHU) de Fann (Dakar)', 115, 246),
(8, 'Clinique Pasteur (Dakar)', 239, 29),
(9, 'Centre Hospitalier Universitaire (CHU) de Fann (Dakar)', 77, 228),
(10, 'Clinique Madeleine (Dakar)', 165, 218),
(11, 'Hôpital Principal de Dakar', 92, 237),
(12, 'Clinique du Cap (Dakar)', 232, 128),
(13, 'Hôpital Régional de Ziguinchor (Ziguinchor)', 168, 195),
(14, 'Hôpital Régional de Saint-Louis (Saint-Louis)', 129, 138),
(15, 'Hôpital Régional de Saint-Louis (Saint-Louis)', 211, 104),
(16, 'Clinique Casahous (Dakar)', 153, 154),
(17, 'Hôpital Régional de Tambacounda (Tambacounda)', 162, 88),
(18, 'Clinique du Cap (Dakar)', 157, 191),
(19, 'Centre Hospitalier Universitaire (CHU) de Fann (Dakar)', 64, 28),
(20, 'Clinique Raby (Dakar)', 100, 266),
(21, 'Hôpital Général de Grand Yoff (HOGGY) (Dakar)', 161, 70),
(22, 'Hôpital de Thiaroye (Dakar)', 246, 103),
(23, 'Clinique du Cap (Dakar)', 178, 138),
(24, 'Hôpital Régional de Kaolack (Kaolack)', 120, 167),
(25, 'Clinique du Cap (Dakar)', 88, 274),
(26, 'Hôpital Régional de Saint-Louis (Saint-Louis)', 93, 221),
(27, 'Clinique Raby (Dakar)', 207, 90),
(28, 'Clinique Madeleine (Dakar)', 97, 196),
(29, 'Hôpital Général de Grand Yoff (HOGGY) (Dakar)', 124, 118),
(30, 'Clinique Raby (Dakar)', 190, 14),
(31, 'Hôpital Régional de Ziguinchor (Ziguinchor)', 118, 283),
(32, 'Clinique du Cap (Dakar)', 111, 48),
(33, 'Hôpital Régional de Saint-Louis (Saint-Louis)', 201, 28),
(34, 'Clinique Casahous (Dakar)', 248, 145),
(35, 'Clinique du Pont de Gueule Tapee (Dakar)', 154, 164),
(36, 'Clinique du Pont de Gueule Tapee (Dakar)', 208, 14),
(37, 'Hôpital de Thiaroye (Dakar)', 67, 39),
(38, 'Hôpital Général de Grand Yoff (HOGGY) (Dakar)', 237, 24),
(39, 'Hôpital Général de Grand Yoff (HOGGY) (Dakar)', 189, 241),
(40, 'Hôpital Aristide Le Dantec (Dakar)', 150, 263),
(41, 'Hôpital Régional de Tambacounda (Tambacounda)', 72, 28),
(42, 'Hôpital Régional de Tambacounda (Tambacounda)', 146, 207),
(43, 'Hôpital Principal de Dakar', 68, 47),
(44, 'Clinique Madeleine (Dakar)', 151, 13),
(45, 'Clinique Raby (Dakar)', 114, 136),
(46, 'Clinique Madeleine (Dakar)', 215, 196),
(47, 'Hôpital Régional de Kaolack (Kaolack)', 157, 147),
(48, 'Clinique Madeleine (Dakar)', 178, 280),
(49, 'Hôpital Régional de Saint-Louis (Saint-Louis)', 207, 118),
(50, 'Hôpital Général de Grand Yoff (HOGGY) (Dakar)', 234, 158),
(51, 'Clinique du Cap (Dakar)', 87, 150),
(52, 'Hôpital Aristide Le Dantec (Dakar)', 135, 183),
(53, 'Centre Hospitalier Universitaire (CHU) de Fann (Dakar)', 131, 62),
(54, 'Hôpital Aristide Le Dantec (Dakar)', 69, 41),
(55, 'Hôpital Régional de Ziguinchor (Ziguinchor)', 111, 115),
(56, 'Hôpital Principal de Dakar', 196, 46),
(57, 'Clinique Raby (Dakar)', 184, 197),
(58, 'Hôpital Régional de Ziguinchor (Ziguinchor)', 176, 254),
(59, 'Hôpital Régional de Kaolack (Kaolack)', 71, 126),
(60, 'Clinique du Pont de Gueule Tapee (Dakar)', 73, 147),
(61, 'Clinique du Pont de Gueule Tapee (Dakar)', 150, 254),
(62, 'Clinique du Pont de Gueule Tapee (Dakar)', 145, 113),
(63, 'Clinique Raby (Dakar)', 97, 97),
(64, 'Clinique Raby (Dakar)', 127, 47),
(65, 'Hôpital de Thiaroye (Dakar)', 69, 88),
(66, 'Clinique Madeleine (Dakar)', 142, 106),
(67, 'Clinique Madeleine (Dakar)', 101, 145),
(68, 'Hôpital Régional de Ziguinchor (Ziguinchor)', 213, 43),
(69, 'Centre Hospitalier Universitaire (CHU) de Fann (Dakar)', 216, 200),
(70, 'Clinique Casahous (Dakar)', 219, 259),
(71, 'Hôpital Régional de Ziguinchor (Ziguinchor)', 102, 207),
(72, 'Hôpital Principal de Dakar', 81, 189),
(73, 'Hôpital de Thiaroye (Dakar)', 172, 140),
(74, 'Centre Hospitalier Universitaire (CHU) de Fann (Dakar)', 165, 264),
(75, 'Hôpital Aristide Le Dantec (Dakar)', 76, 184),
(76, 'Hôpital Régional de Tambacounda (Tambacounda)', 227, 1),
(77, 'Hôpital Régional de Tambacounda (Tambacounda)', 102, 157),
(78, 'Clinique Raby (Dakar)', 152, 109),
(79, 'Hôpital Principal de Dakar', 226, 62),
(80, 'Hôpital de Thiaroye (Dakar)', 97, 29),
(81, 'Centre Hospitalier Universitaire (CHU) de Fann (Dakar)', 103, 26),
(82, 'Hôpital Régional de Ziguinchor (Ziguinchor)', 230, 230),
(83, 'Clinique Madeleine (Dakar)', 107, 67),
(84, 'Clinique Madeleine (Dakar)', 158, 296),
(85, 'Clinique Madeleine (Dakar)', 207, 113),
(86, 'Hôpital Régional de Kaolack (Kaolack)', 159, 247),
(87, 'Hôpital Régional de Tambacounda (Tambacounda)', 229, 145),
(88, 'Hôpital de Thiaroye (Dakar)', 219, 196),
(89, 'Centre Hospitalier Universitaire (CHU) de Fann (Dakar)', 80, 263),
(90, 'Hôpital Régional de Saint-Louis (Saint-Louis)', 105, 78),
(91, 'Hôpital Général de Grand Yoff (HOGGY) (Dakar)', 217, 54),
(92, 'Clinique du Pont de Gueule Tapee (Dakar)', 118, 295),
(93, 'Hôpital Régional de Tambacounda (Tambacounda)', 154, 48),
(94, 'Hôpital Régional de Kaolack (Kaolack)', 241, 63),
(95, 'Hôpital de Thiaroye (Dakar)', 204, 281),
(96, 'Hôpital Régional de Saint-Louis (Saint-Louis)', 76, 131),
(97, 'Clinique Raby (Dakar)', 197, 166),
(98, 'Hôpital Régional de Tambacounda (Tambacounda)', 86, 172),
(99, 'Clinique Raby (Dakar)', 146, 68),
(100, 'Hôpital Régional de Saint-Louis (Saint-Louis)', 245, 294);

-- --------------------------------------------------------

--
-- Table structure for table `consultation_patient`
--

CREATE TABLE `consultation_patient` (
  `id_Consultation_Patient` int(11) NOT NULL,
  `id_Patient` int(11) DEFAULT NULL,
  `id_personnel_Medical` int(11) DEFAULT NULL,
  `id_Centre_hospitalier` int(11) DEFAULT NULL,
  `id_Test` int(11) DEFAULT NULL,
  `nb_absence_Personnel` int(11) DEFAULT NULL,
  `nb_horaire_Personnel` int(11) DEFAULT NULL,
  `nb_retard_Personnel` int(11) DEFAULT NULL,
  `nb_Test_Positif` int(11) DEFAULT NULL,
  `date_hospitalisation` date DEFAULT NULL,
  `date_sortie` date DEFAULT NULL,
  `nb_patient_guerri` int(11) DEFAULT NULL,
  `satisfaction_Patient` int(11) DEFAULT NULL
) ENGINE=InnoDB DEFAULT CHARSET=utf8;

--
-- Dumping data for table `consultation_patient`
--

INSERT INTO `consultation_patient` (`id_Consultation_Patient`, `id_Patient`, `id_personnel_Medical`, `id_Centre_hospitalier`, `id_Test`, `nb_absence_Personnel`, `nb_horaire_Personnel`, `nb_retard_Personnel`, `nb_Test_Positif`, `date_hospitalisation`, `date_sortie`, `nb_patient_guerri`, `satisfaction_Patient`) VALUES
(1, 195, 156, 77, 8, 0, 11, 1, 0, '2021-02-07', '2023-12-24', 0, 0),
(2, 353, 179, 50, 3, 0, 8, 1, 1, '2021-11-11', '2023-09-20', 1, 0),
(3, 76, 18, 69, 1, 1, 14, 0, 1, '2020-12-01', '2024-06-18', 1, 0),
(4, 378, 120, 74, 7, 0, 8, 0, 1, '2020-02-25', '2024-05-16', 1, 0),
(5, 931, 73, 51, 8, 0, 15, 0, 1, '2020-09-15', '2024-06-28', 0, 0),
(6, 508, 108, 20, 6, 1, 10, 1, 0, '2021-07-21', '2024-05-16', 0, 0),
(7, 965, 123, 44, 3, 1, 18, 1, 0, '2020-07-13', '2024-05-02', 0, 0),
(8, 192, 127, 50, 7, 1, 15, 0, 1, '2020-07-25', '2024-05-24', 1, 1),
(9, 948, 145, 48, 4, 0, 8, 0, 0, '2021-03-10', '2023-10-30', 0, 0),
(10, 817, 13, 37, 2, 1, 11, 0, 1, '2020-09-25', '2024-01-06', 0, 0),
(11, 52, 96, 76, 8, 0, 12, 1, 0, '2020-11-05', '2024-06-28', 0, 0),
(12, 138, 106, 46, 6, 0, 16, 0, 0, '2019-12-06', '2024-05-19', 0, 0),
(13, 328, 39, 82, 1, 0, 9, 1, 0, '2021-07-02', '2023-11-14', 0, 0),
(14, 806, 152, 83, 7, 0, 12, 1, 1, '2021-03-28', '2023-10-23', 0, 1),
(15, 44, 161, 5, 3, 1, 10, 0, 0, '2020-12-04', '2024-06-26', 1, 1),
(16, 653, 13, 91, 8, 1, 11, 1, 0, '2020-02-26', '2023-12-13', 0, 0),
(17, 632, 154, 70, 1, 0, 12, 1, 0, '2020-04-29', '2024-05-19', 1, 1),
(18, 151, 42, 5, 6, 0, 17, 0, 1, '2019-12-14', '2024-06-16', 1, 1),
(19, 864, 149, 94, 2, 1, 15, 1, 1, '2021-02-13', '2024-01-28', 0, 1),
(20, 662, 69, 83, 2, 0, 14, 1, 0, '2020-03-08', '2024-02-12', 1, 1),
(21, 746, 185, 60, 8, 1, 14, 1, 1, '2020-05-09', '2024-04-19', 1, 1),
(22, 637, 119, 68, 4, 1, 9, 0, 1, '2020-01-07', '2024-05-04', 1, 0),
(23, 588, 160, 91, 5, 0, 10, 0, 1, '2021-09-29', '2023-09-08', 1, 0),
(24, 105, 70, 33, 4, 0, 15, 0, 0, '2020-08-02', '2024-01-12', 1, 1),
(25, 505, 175, 91, 6, 1, 12, 1, 1, '2020-01-06', '2024-06-19', 0, 0),
(26, 294, 44, 35, 3, 0, 16, 1, 1, '2020-01-02', '2024-04-05', 0, 1),
(27, 687, 144, 3, 5, 1, 9, 0, 1, '2020-09-24', '2024-07-12', 0, 0),
(28, 366, 124, 80, 4, 0, 9, 0, 1, '2020-09-09', '2023-11-19', 1, 0),
(29, 483, 100, 83, 2, 0, 13, 0, 0, '2021-12-09', '2023-09-02', 1, 1),
(30, 486, 66, 99, 7, 0, 17, 1, 1, '2020-08-19', '2024-02-08', 1, 0),
(31, 6, 105, 14, 7, 0, 11, 0, 0, '2021-02-22', '2024-04-08', 0, 1),
(32, 76, 177, 25, 5, 0, 11, 1, 1, '2021-12-05', '2023-08-19', 0, 1),
(33, 115, 198, 81, 6, 1, 9, 1, 1, '2021-10-15', '2023-12-07', 0, 0),
(34, 151, 82, 32, 6, 1, 17, 1, 1, '2021-08-17', '2023-11-25', 0, 0),
(35, 635, 184, 48, 1, 0, 12, 1, 0, '2021-12-26', '2024-07-05', 0, 0),
(36, 453, 41, 65, 2, 0, 9, 0, 0, '2021-09-21', '2023-10-22', 0, 0),
(37, 624, 123, 70, 2, 1, 11, 0, 0, '2020-07-27', '2023-08-01', 1, 0),
(38, 655, 154, 82, 2, 1, 9, 0, 1, '2021-10-24', '2024-06-06', 0, 0),
(39, 627, 136, 58, 7, 0, 8, 0, 0, '2020-08-11', '2023-09-16', 1, 1),
(40, 608, 169, 38, 2, 0, 13, 0, 0, '2020-11-08', '2023-12-20', 0, 0),
(41, 493, 91, 63, 1, 1, 16, 0, 0, '2020-08-15', '2024-02-26', 0, 0),
(42, 476, 120, 23, 4, 0, 17, 0, 0, '2020-02-17', '2023-11-27', 0, 1),
(43, 835, 67, 75, 8, 1, 8, 1, 0, '2020-05-16', '2024-06-21', 1, 0),
(44, 937, 34, 55, 8, 1, 12, 1, 0, '2020-02-01', '2024-06-17', 1, 0),
(45, 967, 77, 40, 1, 1, 12, 0, 0, '2020-07-29', '2024-05-04', 0, 1),
(46, 960, 98, 22, 1, 1, 18, 1, 0, '2021-01-28', '2023-07-19', 0, 0),
(47, 386, 195, 74, 2, 1, 14, 1, 0, '2020-04-06', '2024-07-04', 1, 0),
(48, 957, 190, 78, 7, 1, 16, 1, 1, '2021-08-08', '2024-06-07', 0, 0),
(49, 736, 130, 88, 2, 1, 11, 0, 1, '2020-11-02', '2023-08-19', 1, 1),
(50, 620, 181, 31, 4, 1, 12, 1, 0, '2021-01-29', '2023-12-08', 0, 0),
(51, 934, 66, 29, 5, 0, 14, 0, 1, '2021-02-26', '2024-04-19', 0, 0),
(52, 470, 129, 91, 6, 0, 10, 0, 0, '2021-12-03', '2024-01-05', 0, 1),
(53, 334, 1, 15, 2, 1, 14, 1, 1, '2020-08-03', '2024-07-08', 0, 1),
(54, 898, 196, 51, 6, 1, 16, 1, 1, '2021-06-03', '2023-07-16', 0, 1),
(55, 297, 192, 11, 3, 1, 12, 0, 1, '2021-11-14', '2023-10-15', 0, 1),
(56, 280, 72, 92, 4, 0, 10, 1, 1, '2020-03-08', '2024-04-01', 1, 1),
(57, 906, 176, 36, 6, 0, 13, 1, 0, '2021-05-25', '2024-07-02', 1, 0),
(58, 186, 189, 26, 4, 1, 15, 1, 1, '2019-10-31', '2024-03-23', 1, 0),
(59, 155, 164, 61, 4, 0, 10, 0, 1, '2020-07-31', '2024-06-14', 0, 0),
(60, 9, 102, 47, 3, 0, 13, 0, 1, '2021-12-24', '2024-05-09', 1, 0),
(61, 158, 8, 64, 5, 0, 16, 0, 1, '2021-06-23', '2023-10-22', 1, 0),
(62, 466, 191, 22, 3, 0, 13, 1, 1, '2020-10-06', '2023-10-17', 0, 0),
(63, 637, 55, 50, 5, 0, 9, 1, 0, '2021-09-05', '2024-07-02', 1, 1),
(64, 341, 39, 47, 3, 0, 17, 0, 1, '2020-01-15', '2024-03-21', 1, 0),
(65, 472, 17, 41, 1, 1, 9, 0, 0, '2020-09-08', '2024-06-10', 1, 1),
(66, 272, 87, 81, 1, 0, 13, 0, 1, '2021-09-10', '2023-09-05', 1, 0),
(67, 440, 117, 31, 2, 1, 15, 0, 0, '2020-11-22', '2024-02-09', 0, 0),
(68, 605, 151, 30, 7, 1, 13, 0, 0, '2020-10-18', '2024-06-09', 1, 0),
(69, 23, 148, 84, 8, 0, 12, 0, 0, '2020-03-11', '2023-11-23', 0, 0),
(70, 440, 124, 62, 4, 0, 18, 0, 1, '2021-12-03', '2024-06-24', 0, 1),
(71, 601, 18, 50, 7, 1, 10, 0, 1, '2020-02-07', '2023-07-21', 1, 1),
(72, 792, 152, 22, 2, 1, 16, 1, 1, '2021-03-10', '2024-03-25', 1, 0),
(73, 872, 109, 14, 2, 1, 9, 0, 0, '2021-03-29', '2024-04-19', 0, 0),
(74, 846, 55, 99, 8, 1, 10, 0, 0, '2021-03-26', '2023-10-30', 0, 1),
(75, 832, 170, 52, 2, 1, 16, 1, 0, '2021-01-20', '2024-04-03', 0, 1),
(76, 710, 165, 13, 7, 1, 14, 1, 1, '2020-01-22', '2024-05-02', 0, 0),
(77, 108, 131, 47, 7, 0, 15, 0, 0, '2020-12-25', '2023-08-03', 1, 0),
(78, 434, 162, 93, 8, 0, 12, 0, 0, '2021-09-05', '2024-05-26', 1, 1),
(79, 843, 163, 60, 6, 0, 13, 0, 1, '2021-09-29', '2024-04-27', 0, 1),
(80, 374, 196, 7, 3, 1, 11, 1, 0, '2021-06-11', '2024-06-15', 1, 0),
(81, 524, 2, 29, 6, 0, 12, 0, 0, '2021-06-07', '2024-01-07', 0, 1),
(82, 189, 67, 20, 7, 1, 11, 1, 1, '2020-04-05', '2023-09-06', 0, 0),
(83, 260, 119, 85, 6, 1, 18, 0, 1, '2020-02-17', '2024-07-11', 1, 1),
(84, 648, 23, 72, 8, 1, 14, 1, 1, '2020-03-07', '2024-01-19', 1, 1),
(85, 65, 32, 85, 6, 0, 12, 1, 0, '2021-10-23', '2024-03-20', 1, 0),
(86, 455, 90, 70, 6, 0, 12, 0, 1, '2020-03-11', '2023-08-24', 1, 0),
(87, 25, 199, 35, 7, 1, 18, 1, 0, '2020-02-17', '2023-09-13', 0, 0),
(88, 638, 190, 7, 3, 0, 13, 1, 0, '2020-03-16', '2023-12-16', 0, 1),
(89, 529, 135, 26, 4, 1, 17, 0, 0, '2019-12-02', '2024-04-29', 1, 1),
(90, 977, 146, 34, 1, 1, 15, 1, 1, '2020-10-26', '2024-04-01', 0, 1),
(91, 276, 6, 63, 2, 1, 14, 0, 1, '2020-01-02', '2023-12-18', 0, 1),
(92, 813, 16, 47, 3, 1, 14, 1, 0, '2020-11-29', '2023-12-12', 1, 1),
(93, 501, 129, 26, 4, 1, 13, 1, 1, '2021-08-01', '2024-05-14', 0, 0),
(94, 535, 120, 10, 7, 0, 10, 0, 1, '2020-08-28', '2023-09-20', 1, 1),
(95, 804, 130, 91, 5, 1, 13, 1, 1, '2020-12-06', '2024-05-19', 0, 0),
(96, 435, 16, 49, 6, 0, 10, 1, 1, '2020-09-14', '2024-04-11', 1, 1),
(97, 73, 159, 57, 4, 1, 12, 1, 1, '2020-10-01', '2024-04-02', 1, 0),
(98, 493, 34, 45, 3, 1, 14, 1, 0, '2021-01-14', '2023-09-13', 0, 1),
(99, 514, 2, 56, 7, 1, 13, 0, 0, '2021-01-31', '2024-04-25', 1, 1),
(100, 794, 8, 49, 2, 1, 17, 0, 1, '2020-04-17', '2023-12-30', 1, 0),
(101, 990, 21, 75, 8, 0, 17, 1, 0, '2021-12-13', '2023-08-31', 1, 0),
(102, 357, 29, 22, 5, 1, 10, 1, 0, '2021-12-08', '2023-07-30', 1, 1),
(103, 882, 25, 81, 3, 1, 12, 0, 0, '2021-04-10', '2024-03-20', 0, 1),
(104, 611, 100, 67, 3, 0, 12, 0, 0, '2021-04-03', '2024-06-15', 0, 1),
(105, 173, 117, 77, 7, 1, 18, 0, 0, '2020-04-11', '2024-01-26', 0, 0),
(106, 704, 154, 98, 6, 0, 14, 0, 0, '2020-04-30', '2024-03-25', 1, 1),
(107, 177, 118, 67, 8, 0, 10, 0, 1, '2020-07-21', '2023-08-04', 0, 1),
(108, 645, 47, 79, 3, 1, 9, 1, 1, '2021-01-03', '2023-09-09', 1, 0),
(109, 400, 28, 100, 1, 0, 14, 0, 1, '2020-03-10', '2024-04-29', 0, 0),
(110, 823, 191, 4, 5, 0, 14, 0, 0, '2021-11-12', '2023-10-29', 0, 0),
(111, 793, 170, 51, 5, 0, 13, 0, 0, '2020-04-11', '2024-04-14', 1, 1),
(112, 121, 156, 16, 4, 0, 13, 0, 0, '2020-04-16', '2024-06-20', 0, 0),
(113, 344, 114, 26, 3, 1, 14, 1, 0, '2021-08-24', '2024-05-25', 1, 0),
(114, 535, 184, 1, 2, 0, 15, 0, 0, '2021-06-19', '2023-12-10', 0, 0),
(115, 23, 18, 58, 1, 0, 8, 1, 1, '2021-09-15', '2024-04-26', 0, 1),
(116, 342, 181, 42, 7, 1, 11, 1, 0, '2020-12-24', '2023-07-22', 0, 1),
(117, 582, 23, 10, 5, 1, 15, 0, 0, '2020-07-10', '2024-07-01', 1, 1),
(118, 106, 172, 84, 3, 0, 11, 0, 1, '2021-05-04', '2023-09-23', 0, 0),
(119, 69, 88, 19, 5, 0, 9, 1, 0, '2019-10-30', '2024-03-19', 1, 0),
(120, 256, 138, 81, 5, 1, 8, 1, 0, '2020-01-28', '2023-07-20', 0, 1),
(121, 911, 54, 32, 3, 0, 11, 1, 0, '2020-02-08', '2023-08-12', 0, 1),
(122, 935, 175, 30, 4, 0, 10, 1, 1, '2021-10-18', '2023-09-27', 1, 1),
(123, 889, 146, 51, 3, 0, 17, 1, 0, '2021-09-05', '2023-09-30', 0, 1),
(124, 312, 141, 86, 8, 1, 15, 0, 1, '2021-12-30', '2024-06-01', 1, 1),
(125, 350, 100, 8, 6, 0, 12, 0, 0, '2020-01-15', '2023-11-22', 0, 1),
(126, 450, 192, 67, 6, 1, 8, 0, 0, '2019-11-02', '2023-09-22', 1, 0),
(127, 534, 178, 10, 1, 1, 10, 1, 1, '2020-11-16', '2023-11-22', 0, 1),
(128, 362, 6, 80, 7, 0, 17, 1, 1, '2021-12-08', '2024-04-12', 1, 1),
(129, 616, 25, 63, 6, 1, 9, 1, 1, '2021-01-19', '2023-09-10', 1, 1),
(130, 657, 70, 72, 1, 1, 15, 1, 0, '2021-04-22', '2024-04-24', 0, 0),
(131, 247, 11, 95, 8, 0, 17, 0, 1, '2021-04-06', '2024-03-04', 1, 1),
(132, 992, 60, 36, 5, 0, 13, 1, 0, '2020-11-10', '2024-02-05', 0, 0),
(133, 88, 90, 57, 5, 1, 14, 1, 1, '2021-01-09', '2023-10-17', 0, 1),
(134, 274, 1, 54, 3, 0, 17, 0, 0, '2020-04-17', '2024-01-16', 1, 0),
(135, 217, 11, 11, 5, 0, 18, 1, 1, '2021-08-17', '2023-11-06', 1, 0),
(136, 597, 175, 60, 6, 1, 11, 1, 1, '2021-05-21', '2023-12-05', 0, 0),
(137, 445, 47, 17, 4, 0, 15, 1, 1, '2021-08-01', '2023-09-21', 0, 0),
(138, 138, 157, 91, 6, 0, 9, 1, 1, '2020-11-29', '2024-01-26', 0, 0),
(139, 872, 79, 62, 3, 0, 8, 0, 1, '2020-07-27', '2023-10-20', 1, 1),
(140, 435, 75, 79, 1, 1, 16, 0, 1, '2021-01-15', '2024-01-17', 0, 1),
(141, 649, 185, 10, 4, 0, 9, 0, 1, '2020-03-30', '2023-09-09', 1, 0),
(142, 7, 127, 19, 7, 1, 17, 0, 0, '2019-11-14', '2024-04-18', 1, 1),
(143, 202, 64, 5, 7, 1, 13, 0, 0, '2021-01-06', '2024-03-29', 1, 1),
(144, 783, 77, 71, 4, 0, 15, 0, 1, '2021-08-28', '2024-04-24', 0, 0),
(145, 57, 111, 53, 2, 1, 14, 0, 1, '2021-12-06', '2024-06-07', 0, 0),
(146, 625, 173, 61, 7, 0, 8, 0, 1, '2020-06-20', '2024-06-27', 0, 0),
(147, 915, 120, 24, 2, 0, 8, 1, 1, '2019-12-03', '2023-10-14', 1, 1),
(148, 98, 143, 8, 2, 1, 17, 1, 0, '2020-07-12', '2023-07-29', 1, 0),
(149, 237, 111, 72, 2, 0, 9, 1, 0, '2021-05-17', '2023-08-04', 1, 0),
(150, 392, 8, 34, 2, 1, 18, 1, 0, '2020-02-28', '2023-09-03', 1, 1),
(151, 899, 197, 21, 3, 1, 9, 0, 1, '2020-08-22', '2023-11-17', 1, 0),
(152, 194, 150, 85, 2, 0, 10, 1, 0, '2019-10-28', '2024-06-14', 1, 0),
(153, 494, 177, 66, 8, 1, 13, 1, 0, '2020-11-29', '2024-05-06', 0, 1),
(154, 544, 46, 74, 6, 0, 17, 0, 0, '2020-03-02', '2023-11-22', 1, 0),
(155, 267, 44, 36, 4, 1, 11, 0, 0, '2020-01-24', '2023-10-15', 1, 0),
(156, 997, 99, 1, 8, 1, 18, 0, 0, '2021-03-10', '2024-03-09', 1, 0),
(157, 7, 173, 82, 8, 0, 16, 1, 1, '2021-11-04', '2023-12-02', 0, 1),
(158, 553, 103, 20, 8, 1, 13, 1, 1, '2020-10-29', '2024-07-02', 1, 1),
(159, 297, 183, 58, 8, 0, 16, 0, 1, '2020-08-29', '2024-03-09', 0, 0),
(160, 63, 134, 30, 2, 1, 16, 0, 1, '2020-10-23', '2024-05-14', 0, 0),
(161, 477, 152, 90, 7, 1, 9, 0, 1, '2020-12-20', '2023-08-05', 1, 1),
(162, 601, 157, 47, 1, 0, 9, 1, 0, '2021-03-21', '2024-04-11', 0, 0),
(163, 738, 94, 15, 2, 1, 13, 0, 1, '2020-10-14', '2024-01-10', 0, 0),
(164, 19, 171, 55, 8, 1, 11, 1, 1, '2021-10-31', '2024-06-17', 0, 1),
(165, 60, 174, 50, 1, 0, 16, 1, 0, '2020-12-20', '2023-11-20', 0, 1),
(166, 27, 100, 32, 5, 0, 8, 0, 0, '2020-05-10', '2023-10-28', 0, 0),
(167, 565, 151, 61, 6, 0, 14, 0, 0, '2021-06-23', '2024-01-22', 1, 0),
(168, 810, 110, 73, 5, 1, 12, 1, 0, '2020-12-22', '2024-07-12', 1, 0),
(169, 589, 90, 53, 4, 0, 17, 0, 1, '2021-05-29', '2023-10-24', 0, 0),
(170, 439, 148, 22, 5, 0, 17, 1, 1, '2021-06-27', '2024-01-21', 0, 1),
(171, 563, 142, 18, 5, 1, 11, 1, 0, '2021-04-22', '2024-05-10', 0, 1),
(172, 696, 192, 49, 7, 0, 17, 1, 1, '2020-04-22', '2023-10-27', 0, 0),
(173, 939, 194, 10, 2, 0, 14, 1, 0, '2020-10-30', '2023-12-05', 0, 1),
(174, 660, 95, 23, 6, 1, 18, 1, 1, '2021-08-11', '2024-07-01', 1, 1),
(175, 67, 121, 17, 5, 0, 16, 1, 0, '2021-10-26', '2023-12-05', 1, 0),
(176, 241, 187, 44, 8, 1, 10, 1, 1, '2020-02-08', '2024-05-15', 0, 1),
(177, 370, 19, 47, 5, 1, 14, 1, 1, '2020-04-06', '2023-09-26', 1, 1),
(178, 848, 126, 98, 8, 1, 15, 1, 0, '2021-05-27', '2024-04-26', 0, 0),
(179, 826, 156, 74, 8, 1, 13, 0, 0, '2021-11-13', '2024-02-09', 0, 0),
(180, 199, 40, 27, 8, 1, 13, 1, 1, '2021-07-06', '2023-09-14', 1, 0),
(181, 921, 174, 97, 1, 0, 17, 0, 1, '2020-02-12', '2023-09-23', 0, 1),
(182, 820, 200, 5, 4, 1, 15, 1, 0, '2021-02-05', '2023-10-31', 1, 1),
(183, 740, 153, 18, 7, 1, 11, 0, 1, '2020-05-09', '2024-03-19', 1, 1),
(184, 704, 90, 50, 6, 1, 11, 1, 1, '2020-04-18', '2024-01-12', 1, 0),
(185, 829, 160, 93, 1, 0, 13, 0, 0, '2021-05-06', '2023-12-29', 0, 1),
(186, 760, 21, 39, 6, 0, 16, 1, 0, '2020-02-01', '2024-06-16', 0, 1),
(187, 206, 1, 69, 7, 0, 14, 1, 1, '2021-04-01', '2024-07-01', 0, 1),
(188, 438, 135, 21, 6, 1, 15, 0, 1, '2020-05-29', '2023-07-20', 0, 0),
(189, 438, 28, 25, 1, 0, 18, 0, 0, '2020-10-10', '2023-10-04', 1, 0),
(190, 752, 140, 92, 1, 1, 18, 0, 0, '2021-11-24', '2023-11-21', 0, 0),
(191, 482, 67, 38, 6, 0, 10, 0, 1, '2021-09-10', '2023-08-09', 0, 0),
(192, 923, 34, 81, 4, 0, 12, 0, 1, '2021-08-28', '2024-03-21', 1, 1),
(193, 226, 31, 16, 8, 1, 15, 0, 0, '2021-09-12', '2024-07-06', 1, 1),
(194, 976, 117, 25, 8, 1, 10, 0, 1, '2021-12-05', '2024-05-25', 0, 1),
(195, 20, 114, 51, 7, 1, 10, 1, 1, '2020-12-07', '2024-06-12', 1, 1),
(196, 518, 171, 70, 4, 1, 13, 0, 0, '2020-11-26', '2024-03-23', 0, 0),
(197, 528, 67, 43, 1, 1, 9, 1, 0, '2020-08-31', '2024-06-22', 1, 0),
(198, 145, 37, 89, 2, 0, 16, 0, 0, '2020-04-04', '2023-09-27', 0, 1),
(199, 888, 82, 69, 8, 0, 18, 1, 1, '2021-03-22', '2024-01-14', 0, 0),
(200, 665, 17, 70, 4, 1, 11, 1, 0, '2020-09-19', '2024-01-25', 0, 0),
(201, 1, 93, 26, 6, 1, 14, 1, 1, '2021-11-16', '2024-05-05', 1, 1),
(202, 257, 64, 3, 7, 0, 14, 1, 0, '2021-10-22', '2024-06-02', 0, 1),
(203, 751, 19, 60, 5, 0, 14, 0, 0, '2020-09-11', '2024-02-29', 1, 0),
(204, 1, 33, 73, 3, 0, 12, 1, 0, '2019-12-29', '2024-04-02', 1, 1),
(205, 130, 167, 19, 8, 1, 15, 1, 0, '2021-06-19', '2023-09-20', 1, 1),
(206, 324, 139, 84, 5, 0, 18, 0, 1, '2021-11-27', '2024-02-29', 0, 1),
(207, 459, 6, 40, 2, 0, 8, 1, 1, '2021-04-20', '2024-06-18', 1, 0),
(208, 64, 178, 64, 4, 0, 15, 0, 1, '2020-09-28', '2024-03-08', 0, 0),
(209, 717, 127, 20, 4, 0, 14, 0, 1, '2021-08-31', '2024-03-10', 1, 1),
(210, 166, 183, 93, 5, 0, 12, 1, 1, '2020-02-21', '2024-04-18', 1, 1),
(211, 852, 23, 67, 6, 1, 9, 1, 0, '2020-12-14', '2024-01-25', 0, 1),
(212, 861, 63, 56, 7, 0, 18, 1, 1, '2021-01-13', '2024-04-16', 0, 0),
(213, 296, 41, 70, 6, 1, 10, 0, 0, '2019-12-12', '2023-08-22', 0, 1),
(214, 721, 197, 43, 8, 1, 14, 1, 0, '2020-12-19', '2024-01-15', 0, 0),
(215, 233, 23, 73, 1, 1, 13, 0, 0, '2020-08-06', '2023-07-30', 0, 0),
(216, 476, 193, 4, 4, 1, 9, 1, 0, '2021-04-23', '2023-11-17', 1, 1),
(217, 152, 177, 36, 5, 1, 10, 0, 1, '2021-09-18', '2024-05-09', 0, 0),
(218, 236, 161, 88, 6, 1, 8, 0, 1, '2020-04-22', '2023-10-29', 0, 0),
(219, 791, 111, 74, 4, 1, 14, 0, 1, '2020-12-22', '2024-06-30', 1, 1),
(220, 411, 111, 36, 6, 1, 12, 0, 1, '2021-05-21', '2023-08-30', 1, 0),
(221, 854, 168, 38, 8, 1, 15, 0, 1, '2019-12-07', '2023-11-16', 1, 0),
(222, 465, 14, 96, 7, 0, 16, 0, 1, '2020-12-06', '2023-12-29', 1, 1),
(223, 154, 151, 57, 2, 0, 15, 0, 1, '2020-03-10', '2024-02-23', 1, 0),
(224, 833, 74, 28, 4, 1, 13, 1, 0, '2020-11-26', '2023-12-02', 1, 1),
(225, 732, 197, 85, 8, 0, 15, 1, 1, '2021-11-15', '2023-09-01', 1, 0),
(226, 561, 34, 64, 1, 1, 15, 1, 0, '2021-08-30', '2023-08-12', 1, 1),
(227, 773, 4, 58, 3, 1, 17, 0, 0, '2021-03-08', '2023-07-20', 1, 0),
(228, 735, 177, 93, 7, 1, 8, 0, 0, '2020-07-19', '2023-09-18', 0, 0),
(229, 580, 81, 87, 8, 0, 14, 0, 1, '2021-02-25', '2024-02-17', 0, 0),
(230, 955, 105, 16, 3, 0, 14, 1, 1, '2020-04-18', '2024-02-07', 0, 1),
(231, 687, 167, 88, 5, 1, 9, 0, 0, '2020-03-25', '2023-11-12', 1, 1),
(232, 499, 15, 86, 3, 0, 14, 1, 0, '2020-05-15', '2023-09-02', 0, 1),
(233, 824, 175, 46, 3, 1, 17, 1, 1, '2020-04-02', '2024-06-20', 0, 1),
(234, 205, 116, 72, 3, 1, 10, 1, 1, '2019-10-27', '2024-05-30', 0, 0),
(235, 206, 1, 88, 2, 0, 12, 0, 0, '2020-10-16', '2024-05-09', 1, 1),
(236, 945, 173, 54, 2, 0, 17, 1, 1, '2021-02-08', '2023-09-14', 1, 1),
(237, 786, 133, 44, 6, 0, 12, 1, 1, '2021-11-19', '2023-10-04', 1, 1),
(238, 885, 99, 51, 3, 0, 18, 0, 1, '2021-09-05', '2024-02-13', 1, 1),
(239, 301, 48, 23, 6, 0, 17, 0, 0, '2020-06-10', '2024-03-22', 1, 0),
(240, 933, 50, 16, 5, 1, 16, 0, 0, '2021-11-10', '2023-09-21', 1, 1),
(241, 450, 2, 62, 8, 0, 13, 0, 1, '2020-08-13', '2023-09-23', 0, 1),
(242, 452, 140, 56, 6, 0, 14, 0, 1, '2019-10-25', '2023-10-17', 0, 1),
(243, 988, 146, 34, 7, 1, 13, 1, 0, '2020-12-01', '2023-11-29', 0, 1),
(244, 894, 192, 15, 5, 1, 16, 1, 1, '2021-06-19', '2024-03-19', 0, 0),
(245, 723, 156, 15, 5, 1, 12, 0, 1, '2021-06-11', '2024-03-06', 0, 1),
(246, 427, 57, 88, 8, 1, 8, 0, 1, '2021-10-30', '2024-04-08', 0, 1),
(247, 986, 168, 64, 8, 1, 9, 0, 0, '2021-05-05', '2024-04-06', 0, 0),
(248, 434, 109, 25, 5, 0, 13, 0, 0, '2021-06-26', '2024-02-24', 0, 0),
(249, 882, 106, 24, 5, 0, 15, 0, 1, '2020-10-11', '2023-12-16', 0, 0),
(250, 106, 87, 79, 1, 0, 16, 1, 0, '2020-03-19', '2023-08-08', 0, 1),
(251, 498, 6, 71, 2, 1, 14, 1, 1, '2020-04-22', '2024-05-04', 0, 1),
(252, 609, 33, 76, 3, 0, 9, 1, 0, '2021-08-04', '2024-03-12', 0, 0),
(253, 800, 116, 35, 4, 1, 15, 1, 1, '2020-03-03', '2024-05-16', 1, 0),
(254, 146, 191, 90, 6, 1, 17, 1, 1, '2020-11-19', '2024-04-02', 0, 0),
(255, 353, 32, 63, 3, 1, 11, 0, 1, '2021-04-06', '2024-05-06', 0, 0),
(256, 515, 127, 60, 6, 1, 11, 0, 0, '2020-08-09', '2023-09-22', 1, 1),
(257, 794, 140, 71, 4, 0, 10, 1, 0, '2021-07-15', '2024-06-21', 0, 0),
(258, 602, 2, 69, 3, 1, 8, 1, 0, '2020-05-12', '2024-03-14', 0, 1),
(259, 613, 101, 98, 6, 1, 16, 1, 0, '2020-03-14', '2024-05-25', 1, 0),
(260, 375, 114, 56, 1, 0, 9, 0, 0, '2020-03-24', '2024-07-04', 0, 0),
(261, 596, 172, 94, 1, 0, 17, 0, 1, '2020-01-10', '2023-08-17', 1, 1),
(262, 105, 111, 69, 8, 0, 13, 1, 1, '2019-11-24', '2024-04-22', 1, 0),
(263, 200, 102, 76, 1, 0, 17, 0, 1, '2021-01-21', '2024-05-22', 0, 0),
(264, 694, 21, 42, 6, 1, 8, 1, 0, '2021-12-27', '2024-07-11', 0, 0),
(265, 983, 2, 22, 4, 1, 18, 1, 0, '2019-10-26', '2024-07-05', 0, 0),
(266, 31, 50, 25, 8, 0, 9, 1, 1, '2021-06-06', '2023-11-12', 0, 1),
(267, 202, 200, 4, 8, 1, 16, 1, 0, '2019-12-24', '2024-06-08', 0, 1),
(268, 268, 134, 44, 4, 1, 8, 0, 0, '2021-11-29', '2024-03-09', 0, 0),
(269, 412, 166, 18, 2, 0, 9, 0, 1, '2021-03-21', '2024-02-27', 1, 0),
(270, 885, 2, 74, 3, 0, 11, 0, 0, '2020-07-21', '2023-10-17', 0, 1),
(271, 488, 170, 38, 8, 0, 16, 0, 0, '2020-03-01', '2024-05-27', 1, 0),
(272, 646, 169, 20, 2, 1, 18, 1, 0, '2021-02-25', '2023-08-07', 1, 0),
(273, 282, 63, 19, 5, 1, 11, 1, 1, '2021-02-08', '2024-02-14', 0, 0),
(274, 462, 139, 20, 8, 0, 12, 1, 1, '2020-08-11', '2023-08-05', 0, 1),
(275, 591, 111, 92, 7, 0, 14, 1, 0, '2021-11-24', '2023-07-27', 1, 1),
(276, 198, 195, 44, 6, 0, 13, 1, 1, '2020-09-10', '2024-07-03', 1, 1),
(277, 122, 123, 18, 7, 0, 18, 0, 0, '2020-03-15', '2023-11-28', 1, 1),
(278, 218, 168, 66, 5, 0, 14, 0, 0, '2020-12-28', '2023-08-26', 0, 1),
(279, 437, 15, 82, 8, 1, 18, 0, 1, '2020-09-03', '2024-04-22', 1, 0),
(280, 750, 148, 94, 3, 0, 9, 0, 0, '2021-11-28', '2024-03-25', 1, 1),
(281, 485, 37, 28, 6, 0, 15, 0, 0, '2021-09-25', '2023-07-26', 0, 1),
(282, 853, 198, 43, 8, 0, 18, 1, 1, '2021-01-18', '2024-05-29', 1, 0),
(283, 274, 84, 38, 1, 1, 18, 0, 0, '2020-05-06', '2024-05-09', 0, 1),
(284, 506, 182, 54, 2, 1, 10, 0, 1, '2021-10-22', '2023-07-17', 0, 0),
(285, 990, 99, 37, 7, 1, 13, 1, 1, '2020-09-04', '2023-12-14', 0, 1),
(286, 240, 32, 76, 5, 1, 17, 0, 1, '2020-04-10', '2024-03-07', 1, 1),
(287, 443, 178, 57, 8, 1, 12, 0, 0, '2020-05-15', '2023-07-18', 0, 0),
(288, 769, 193, 85, 3, 1, 12, 1, 0, '2021-10-10', '2023-11-03', 1, 0),
(289, 160, 95, 41, 3, 0, 18, 0, 1, '2021-10-05', '2024-03-25', 0, 1),
(290, 282, 66, 28, 4, 0, 16, 1, 0, '2020-05-03', '2023-12-13', 0, 0),
(291, 144, 1, 63, 3, 0, 18, 1, 0, '2021-12-26', '2023-12-13', 0, 1),
(292, 761, 189, 7, 2, 1, 14, 1, 0, '2020-06-20', '2023-07-28', 1, 1),
(293, 276, 142, 3, 3, 0, 9, 0, 0, '2021-06-14', '2023-12-18', 0, 0),
(294, 188, 11, 76, 7, 0, 17, 1, 0, '2021-06-11', '2023-10-08', 0, 1),
(295, 894, 150, 16, 1, 1, 8, 0, 0, '2021-12-26', '2023-09-20', 1, 0),
(296, 6, 52, 30, 3, 1, 16, 1, 0, '2020-04-24', '2024-07-12', 1, 0),
(297, 550, 142, 16, 3, 1, 16, 1, 0, '2021-09-30', '2024-04-13', 1, 1),
(298, 160, 85, 9, 5, 0, 9, 0, 1, '2020-07-15', '2024-01-19', 1, 1),
(299, 911, 134, 89, 6, 0, 9, 0, 1, '2021-04-09', '2024-06-26', 1, 0),
(300, 789, 191, 24, 7, 1, 9, 0, 0, '2020-02-29', '2023-12-31', 0, 1),
(301, 820, 95, 80, 4, 1, 13, 1, 1, '2019-12-12', '2024-01-24', 1, 1),
(302, 474, 127, 4, 4, 0, 9, 0, 1, '2021-08-12', '2023-08-05', 0, 0),
(303, 890, 31, 1, 5, 1, 15, 0, 0, '2019-10-16', '2023-12-01', 0, 0),
(304, 156, 67, 64, 3, 1, 10, 0, 1, '2020-03-04', '2023-09-06', 0, 1),
(305, 979, 68, 87, 1, 1, 12, 0, 1, '2021-02-18', '2023-11-27', 0, 1),
(306, 803, 2, 82, 7, 0, 18, 1, 0, '2021-09-20', '2023-08-31', 0, 1),
(307, 844, 8, 89, 8, 0, 16, 1, 0, '2021-11-28', '2024-03-19', 0, 0),
(308, 725, 131, 76, 1, 0, 16, 0, 1, '2021-01-22', '2023-08-19', 1, 1),
(309, 263, 67, 97, 5, 1, 12, 1, 1, '2020-04-23', '2023-08-12', 1, 1),
(310, 97, 127, 82, 3, 1, 12, 1, 1, '2020-08-31', '2024-04-19', 1, 0),
(311, 395, 63, 48, 3, 0, 15, 0, 0, '2021-09-28', '2024-01-09', 1, 0),
(312, 704, 103, 27, 2, 1, 12, 1, 0, '2020-10-19', '2024-01-13', 0, 0),
(313, 666, 65, 36, 1, 0, 13, 0, 1, '2020-12-01', '2024-04-06', 0, 1),
(314, 228, 47, 30, 8, 0, 9, 0, 0, '2021-05-23', '2024-04-07', 0, 0),
(315, 955, 192, 4, 8, 0, 17, 1, 0, '2021-10-08', '2023-12-19', 1, 0),
(316, 631, 190, 70, 5, 1, 10, 0, 1, '2021-06-20', '2023-11-09', 0, 0),
(317, 22, 140, 7, 2, 1, 15, 1, 1, '2020-06-26', '2023-10-14', 0, 1),
(318, 734, 119, 87, 1, 0, 15, 1, 0, '2021-05-05', '2023-09-14', 1, 0),
(319, 526, 58, 15, 6, 1, 10, 1, 1, '2021-11-28', '2023-10-15', 1, 0),
(320, 475, 199, 81, 5, 0, 15, 1, 1, '2020-01-11', '2023-12-31', 0, 1),
(321, 43, 57, 13, 7, 0, 8, 0, 1, '2021-07-10', '2023-11-06', 1, 0),
(322, 25, 121, 78, 6, 0, 17, 0, 0, '2020-12-28', '2024-01-16', 1, 0),
(323, 764, 160, 69, 6, 1, 18, 0, 1, '2021-07-03', '2023-08-30', 1, 1),
(324, 972, 140, 54, 8, 1, 17, 1, 1, '2020-02-03', '2023-11-02', 1, 0),
(325, 92, 164, 65, 4, 0, 12, 0, 1, '2021-01-31', '2023-11-03', 0, 1),
(326, 782, 148, 90, 7, 0, 8, 1, 1, '2021-08-03', '2023-12-23', 0, 1),
(327, 569, 31, 95, 6, 1, 13, 1, 1, '2021-10-26', '2024-07-15', 1, 1),
(328, 933, 154, 90, 2, 0, 15, 1, 1, '2020-05-18', '2023-07-31', 0, 1),
(329, 283, 125, 85, 2, 1, 17, 1, 0, '2021-02-07', '2024-04-24', 1, 1),
(330, 874, 146, 99, 7, 0, 17, 0, 1, '2020-07-02', '2024-05-30', 0, 1),
(331, 138, 149, 44, 8, 0, 8, 1, 0, '2019-11-05', '2024-06-29', 0, 1),
(332, 533, 195, 29, 1, 0, 17, 1, 0, '2020-02-05', '2024-03-17', 1, 1),
(333, 68, 115, 70, 1, 0, 8, 1, 0, '2020-12-06', '2023-07-25', 1, 1),
(334, 779, 94, 80, 7, 1, 17, 0, 1, '2020-07-30', '2023-10-03', 0, 0),
(335, 292, 118, 74, 5, 0, 18, 1, 0, '2020-11-21', '2024-04-18', 1, 0),
(336, 171, 158, 83, 3, 1, 10, 1, 1, '2021-04-04', '2023-08-15', 0, 1),
(337, 843, 123, 9, 2, 0, 18, 1, 0, '2019-12-15', '2023-12-20', 1, 1),
(338, 123, 94, 10, 2, 0, 9, 0, 0, '2020-12-18', '2023-08-05', 1, 1),
(339, 839, 176, 65, 1, 1, 9, 1, 1, '2021-02-22', '2023-10-06', 0, 1),
(340, 958, 194, 77, 6, 1, 13, 0, 0, '2020-04-22', '2024-04-15', 1, 0),
(341, 787, 119, 32, 2, 1, 13, 1, 1, '2021-11-05', '2024-02-24', 0, 1),
(342, 305, 68, 14, 6, 1, 15, 1, 0, '2021-10-17', '2024-07-02', 1, 1),
(343, 286, 42, 78, 7, 0, 11, 0, 0, '2019-12-10', '2023-11-09', 0, 0),
(344, 274, 127, 100, 5, 0, 10, 0, 1, '2021-08-28', '2024-06-13', 0, 0),
(345, 160, 42, 43, 6, 1, 17, 1, 1, '2020-07-25', '2024-06-17', 0, 1),
(346, 5, 27, 25, 7, 1, 13, 1, 0, '2020-09-03', '2023-11-20', 1, 0),
(347, 76, 123, 62, 2, 1, 9, 1, 1, '2020-02-28', '2024-07-04', 0, 0),
(348, 541, 106, 45, 1, 1, 13, 1, 0, '2021-09-08', '2023-12-31', 0, 1),
(349, 830, 9, 9, 8, 1, 12, 0, 1, '2020-10-05', '2023-07-30', 1, 0),
(350, 307, 143, 6, 3, 0, 17, 0, 0, '2020-12-07', '2024-04-13', 0, 0),
(351, 93, 110, 86, 4, 1, 17, 1, 1, '2020-06-27', '2023-11-26', 1, 0),
(352, 289, 22, 2, 2, 1, 9, 0, 1, '2021-12-12', '2024-03-19', 0, 1),
(353, 788, 28, 71, 5, 0, 13, 1, 1, '2020-10-24', '2023-12-01', 1, 1),
(354, 582, 92, 43, 8, 1, 11, 1, 1, '2021-09-02', '2023-11-14', 0, 0),
(355, 236, 149, 95, 6, 0, 12, 0, 1, '2020-05-25', '2023-12-05', 1, 0),
(356, 954, 180, 61, 7, 1, 12, 1, 0, '2021-09-25', '2023-11-26', 0, 0),
(357, 761, 162, 27, 3, 1, 8, 1, 1, '2020-06-19', '2023-12-06', 1, 0),
(358, 66, 194, 69, 8, 0, 15, 0, 1, '2020-08-08', '2024-02-27', 0, 0),
(359, 974, 124, 4, 2, 1, 10, 0, 1, '2020-08-20', '2023-10-04', 1, 1),
(360, 373, 161, 44, 5, 0, 12, 1, 0, '2020-04-13', '2024-07-07', 1, 1),
(361, 986, 14, 4, 1, 0, 18, 1, 1, '2020-09-12', '2023-09-23', 0, 1),
(362, 460, 171, 60, 2, 0, 9, 1, 0, '2020-03-19', '2023-10-31', 0, 0),
(363, 903, 64, 84, 8, 1, 10, 1, 0, '2021-02-14', '2024-04-22', 1, 0),
(364, 433, 39, 11, 2, 1, 8, 1, 1, '2021-04-02', '2023-11-18', 0, 1),
(365, 728, 119, 94, 5, 1, 12, 1, 1, '2019-12-07', '2024-03-10', 1, 0),
(366, 982, 45, 3, 4, 0, 12, 1, 0, '2021-04-16', '2024-06-15', 1, 0),
(367, 273, 109, 97, 4, 1, 15, 1, 1, '2021-01-05', '2023-11-19', 0, 0),
(368, 367, 40, 45, 4, 1, 18, 0, 0, '2021-01-09', '2023-09-09', 1, 0),
(369, 917, 107, 90, 7, 1, 17, 0, 0, '2021-01-07', '2023-12-08', 1, 1),
(370, 416, 81, 82, 5, 1, 17, 0, 0, '2020-02-02', '2023-11-01', 0, 1),
(371, 577, 63, 5, 1, 1, 12, 1, 1, '2020-09-27', '2023-11-22', 0, 1),
(372, 873, 170, 97, 5, 1, 11, 1, 0, '2020-12-24', '2023-08-17', 1, 0),
(373, 448, 10, 62, 5, 1, 12, 0, 1, '2021-01-21', '2023-07-21', 0, 1),
(374, 224, 24, 32, 6, 0, 13, 0, 0, '2020-12-16', '2024-05-05', 0, 1),
(375, 250, 148, 77, 4, 0, 17, 0, 1, '2021-01-11', '2023-11-28', 0, 1),
(376, 465, 71, 25, 2, 1, 10, 0, 0, '2021-07-12', '2024-06-06', 1, 0),
(377, 864, 132, 24, 2, 1, 18, 0, 0, '2021-11-04', '2023-12-30', 1, 0),
(378, 293, 100, 2, 3, 0, 10, 1, 1, '2019-12-12', '2024-01-12', 0, 0),
(379, 66, 71, 44, 7, 1, 8, 1, 0, '2020-10-25', '2024-04-22', 1, 1),
(380, 295, 199, 43, 7, 1, 9, 0, 0, '2020-06-26', '2023-11-02', 0, 0),
(381, 588, 9, 28, 8, 1, 9, 0, 0, '2021-01-16', '2023-11-03', 1, 0),
(382, 652, 79, 16, 5, 1, 16, 1, 0, '2020-12-15', '2024-06-07', 0, 1),
(383, 251, 25, 56, 8, 1, 9, 0, 1, '2021-02-01', '2024-05-17', 1, 0),
(384, 122, 48, 31, 2, 1, 16, 0, 1, '2019-11-04', '2024-06-23', 1, 1),
(385, 171, 30, 88, 3, 1, 17, 0, 0, '2020-03-06', '2024-06-14', 1, 0),
(386, 927, 125, 94, 2, 1, 8, 0, 1, '2020-01-18', '2024-04-26', 0, 0),
(387, 187, 141, 71, 5, 1, 8, 1, 0, '2021-12-13', '2023-11-01', 1, 0),
(388, 554, 23, 10, 2, 1, 9, 1, 1, '2021-05-25', '2024-02-28', 0, 0),
(389, 894, 195, 94, 7, 0, 13, 0, 1, '2020-05-30', '2024-01-14', 0, 0),
(390, 209, 165, 87, 6, 0, 8, 0, 0, '2020-11-13', '2023-10-03', 1, 0),
(391, 932, 78, 58, 4, 1, 14, 1, 1, '2021-02-17', '2023-10-01', 0, 0),
(392, 604, 167, 42, 1, 1, 17, 0, 1, '2020-07-14', '2023-12-31', 0, 0),
(393, 441, 52, 81, 3, 0, 10, 0, 0, '2019-11-25', '2024-06-11', 1, 1),
(394, 977, 65, 96, 5, 1, 12, 1, 0, '2021-07-24', '2023-11-15', 1, 0),
(395, 326, 114, 15, 4, 1, 17, 0, 1, '2021-02-01', '2024-01-26', 1, 0),
(396, 290, 151, 24, 4, 0, 18, 0, 1, '2020-01-09', '2023-08-20', 1, 1),
(397, 24, 184, 68, 2, 0, 11, 0, 0, '2020-07-21', '2023-11-23', 0, 1),
(398, 533, 181, 49, 7, 1, 15, 1, 0, '2021-05-02', '2024-05-12', 0, 0),
(399, 108, 165, 99, 6, 0, 12, 1, 1, '2021-04-13', '2023-11-27', 1, 0),
(400, 313, 143, 77, 5, 0, 12, 0, 0, '2021-09-15', '2023-12-07', 1, 0),
(401, 959, 168, 82, 7, 0, 13, 0, 0, '2021-02-07', '2023-07-26', 0, 0),
(402, 660, 79, 31, 2, 1, 18, 0, 0, '2019-12-04', '2024-06-14', 1, 1),
(403, 61, 132, 59, 4, 0, 11, 1, 1, '2020-07-14', '2024-02-08', 1, 0),
(404, 824, 155, 93, 2, 1, 11, 1, 1, '2021-05-11', '2023-09-12', 1, 0),
(405, 932, 127, 12, 6, 1, 9, 0, 1, '2019-11-03', '2023-09-18', 1, 1),
(406, 994, 56, 51, 6, 0, 17, 1, 1, '2019-11-29', '2024-05-08', 0, 1),
(407, 701, 199, 97, 5, 1, 16, 1, 1, '2021-09-23', '2023-10-20', 1, 0),
(408, 917, 156, 77, 3, 0, 18, 0, 0, '2020-11-10', '2023-11-28', 0, 0),
(409, 405, 84, 79, 6, 0, 14, 0, 1, '2021-02-21', '2023-12-19', 1, 1),
(410, 34, 101, 22, 5, 0, 10, 1, 0, '2021-06-01', '2023-09-09', 1, 0),
(411, 53, 22, 69, 8, 1, 14, 1, 0, '2021-04-24', '2023-10-03', 1, 1),
(412, 137, 44, 66, 8, 0, 8, 1, 1, '2020-06-24', '2024-04-08', 0, 0),
(413, 915, 146, 23, 4, 1, 15, 1, 1, '2019-10-16', '2023-12-14', 1, 1),
(414, 520, 66, 62, 4, 1, 12, 0, 0, '2021-02-27', '2023-12-03', 0, 0),
(415, 860, 79, 32, 2, 0, 13, 1, 0, '2019-11-12', '2024-07-03', 0, 1),
(416, 460, 145, 92, 7, 0, 12, 1, 1, '2021-07-25', '2023-07-30', 0, 1),
(417, 324, 200, 61, 5, 1, 8, 0, 1, '2021-12-29', '2024-01-23', 1, 0),
(418, 202, 89, 78, 7, 1, 16, 0, 0, '2020-04-24', '2023-08-11', 1, 1),
(419, 218, 175, 32, 2, 0, 8, 0, 0, '2019-12-01', '2023-12-30', 1, 1),
(420, 600, 31, 54, 1, 1, 9, 1, 0, '2020-10-10', '2023-11-12', 0, 1),
(421, 576, 26, 65, 2, 1, 15, 1, 0, '2021-08-22', '2024-01-15', 1, 1),
(422, 684, 156, 15, 2, 0, 13, 0, 0, '2021-11-25', '2024-01-09', 1, 1),
(423, 843, 92, 28, 3, 0, 16, 1, 1, '2021-12-06', '2023-11-24', 1, 1),
(424, 293, 69, 26, 1, 1, 14, 0, 0, '2020-12-31', '2023-12-02', 0, 1),
(425, 950, 1, 59, 3, 1, 18, 0, 0, '2020-02-27', '2023-09-03', 0, 1),
(426, 510, 170, 72, 3, 0, 10, 1, 1, '2019-10-16', '2023-10-29', 1, 0),
(427, 957, 113, 14, 1, 0, 11, 0, 0, '2020-06-30', '2024-04-28', 1, 0),
(428, 984, 101, 6, 1, 0, 8, 1, 1, '2020-12-01', '2023-08-17', 0, 0),
(429, 228, 145, 66, 5, 0, 13, 0, 1, '2020-04-12', '2023-10-03', 0, 1),
(430, 33, 198, 64, 5, 1, 12, 1, 1, '2019-11-28', '2024-03-02', 1, 0),
(431, 635, 51, 36, 3, 1, 16, 0, 1, '2020-01-24', '2023-11-10', 0, 0),
(432, 158, 56, 77, 2, 0, 10, 1, 1, '2020-04-15', '2023-09-26', 1, 0),
(433, 902, 82, 58, 2, 1, 11, 0, 1, '2021-10-26', '2023-08-12', 0, 0),
(434, 581, 127, 94, 5, 0, 13, 1, 0, '2021-09-20', '2023-09-06', 1, 1),
(435, 77, 110, 64, 8, 1, 13, 0, 1, '2019-12-02', '2024-04-25', 1, 1),
(436, 507, 172, 42, 3, 1, 14, 1, 1, '2020-10-14', '2024-06-13', 0, 1),
(437, 211, 100, 36, 6, 0, 13, 1, 0, '2020-03-27', '2024-05-19', 1, 1),
(438, 218, 85, 74, 4, 1, 15, 0, 1, '2020-09-01', '2024-03-28', 1, 1),
(439, 38, 7, 37, 7, 1, 9, 0, 1, '2021-10-03', '2024-03-11', 1, 0),
(440, 232, 193, 92, 7, 0, 17, 0, 0, '2021-10-13', '2023-09-08', 1, 0),
(441, 768, 95, 18, 7, 1, 11, 1, 1, '2021-10-30', '2024-03-02', 0, 0),
(442, 847, 10, 8, 7, 1, 8, 0, 1, '2020-02-11', '2023-08-20', 1, 1),
(443, 464, 70, 66, 6, 1, 12, 0, 0, '2021-01-22', '2023-11-19', 1, 0),
(444, 150, 183, 29, 5, 1, 8, 1, 0, '2020-09-01', '2024-06-29', 1, 1),
(445, 615, 43, 52, 7, 1, 17, 1, 1, '2021-06-23', '2023-10-17', 0, 1),
(446, 988, 47, 85, 5, 1, 16, 1, 1, '2020-03-15', '2024-04-11', 1, 1),
(447, 491, 117, 51, 5, 0, 13, 0, 1, '2019-11-29', '2024-05-04', 0, 0),
(448, 835, 53, 7, 2, 1, 10, 0, 0, '2020-08-18', '2024-02-26', 0, 1),
(449, 824, 134, 46, 8, 1, 12, 1, 0, '2019-11-03', '2023-08-25', 0, 1),
(450, 64, 198, 69, 6, 0, 15, 0, 0, '2021-06-27', '2023-12-13', 1, 1),
(451, 302, 18, 17, 6, 1, 14, 0, 0, '2021-02-01', '2024-01-29', 1, 1),
(452, 606, 174, 93, 7, 0, 13, 1, 0, '2020-12-12', '2024-02-08', 0, 0),
(453, 407, 45, 13, 4, 1, 8, 0, 1, '2020-11-21', '2023-08-25', 0, 0),
(454, 87, 91, 28, 3, 0, 13, 0, 1, '2019-12-17', '2023-10-10', 1, 1),
(455, 532, 27, 41, 2, 0, 18, 1, 1, '2021-01-20', '2024-04-18', 0, 1),
(456, 565, 112, 23, 5, 0, 14, 1, 1, '2020-02-01', '2023-09-05', 1, 1),
(457, 625, 160, 9, 3, 0, 15, 0, 0, '2020-07-17', '2023-10-24', 0, 0),
(458, 611, 1, 41, 4, 1, 18, 1, 1, '2021-09-06', '2023-12-07', 1, 0),
(459, 877, 39, 66, 5, 0, 8, 1, 0, '2019-10-27', '2023-10-01', 1, 1),
(460, 826, 8, 20, 5, 0, 15, 0, 1, '2021-11-26', '2023-09-11', 1, 0),
(461, 686, 161, 92, 6, 0, 8, 0, 1, '2021-11-13', '2023-08-20', 1, 0),
(462, 990, 16, 69, 4, 0, 17, 0, 1, '2020-12-27', '2023-09-01', 1, 1),
(463, 647, 72, 12, 4, 0, 16, 0, 0, '2021-05-08', '2023-12-21', 1, 0),
(464, 18, 65, 4, 5, 0, 15, 0, 0, '2020-10-02', '2023-07-18', 1, 0),
(465, 539, 179, 51, 6, 0, 11, 0, 1, '2019-11-05', '2023-12-28', 0, 1),
(466, 406, 116, 61, 1, 1, 14, 1, 0, '2019-12-06', '2023-08-27', 0, 0),
(467, 183, 135, 96, 3, 0, 8, 1, 0, '2020-05-20', '2024-06-12', 0, 1),
(468, 216, 159, 2, 5, 0, 13, 0, 1, '2020-05-06', '2023-12-23', 1, 1),
(469, 215, 111, 33, 2, 1, 13, 1, 1, '2020-09-17', '2023-10-11', 1, 0),
(470, 760, 129, 7, 8, 1, 10, 1, 1, '2021-09-18', '2024-06-18', 0, 1),
(471, 566, 165, 23, 5, 0, 12, 0, 1, '2020-07-13', '2023-12-07', 0, 1),
(472, 328, 179, 80, 8, 0, 9, 1, 0, '2019-12-03', '2024-03-11', 1, 0),
(473, 616, 108, 62, 2, 0, 11, 1, 1, '2021-10-26', '2024-05-28', 1, 1),
(474, 972, 142, 95, 3, 0, 14, 0, 1, '2019-11-14', '2024-03-01', 0, 0),
(475, 673, 27, 78, 2, 0, 9, 0, 0, '2020-06-20', '2024-02-09', 0, 0),
(476, 806, 141, 15, 3, 0, 14, 1, 1, '2021-09-17', '2023-09-28', 0, 1),
(477, 951, 100, 87, 3, 1, 17, 1, 1, '2021-08-10', '2023-08-26', 0, 0),
(478, 377, 101, 26, 1, 0, 11, 0, 1, '2021-10-02', '2023-08-10', 0, 1),
(479, 715, 132, 74, 1, 1, 18, 1, 1, '2021-03-30', '2024-06-27', 1, 1),
(480, 483, 53, 64, 5, 1, 17, 1, 1, '2021-03-10', '2024-06-27', 1, 0),
(481, 810, 39, 98, 7, 0, 17, 0, 0, '2021-05-20', '2023-08-14', 1, 0),
(482, 180, 118, 40, 6, 1, 17, 1, 0, '2020-05-03', '2023-10-23', 1, 0),
(483, 499, 117, 20, 7, 1, 13, 0, 0, '2020-09-11', '2023-10-30', 1, 0),
(484, 701, 151, 82, 7, 0, 8, 0, 1, '2020-06-17', '2023-10-11', 1, 0),
(485, 428, 192, 30, 7, 1, 11, 0, 1, '2020-05-02', '2023-12-25', 1, 0),
(486, 708, 174, 93, 5, 0, 15, 0, 1, '2020-03-23', '2023-12-30', 0, 1),
(487, 228, 166, 27, 2, 0, 15, 0, 0, '2021-12-20', '2024-04-15', 1, 0),
(488, 304, 62, 59, 8, 0, 16, 1, 1, '2020-05-21', '2023-11-30', 1, 0),
(489, 264, 113, 3, 8, 0, 8, 1, 1, '2021-12-16', '2023-12-05', 1, 1),
(490, 215, 120, 87, 3, 1, 12, 0, 1, '2021-05-21', '2024-06-17', 1, 0),
(491, 106, 74, 68, 8, 0, 17, 0, 1, '2021-01-08', '2023-11-03', 1, 1),
(492, 207, 94, 91, 3, 1, 8, 1, 1, '2021-08-27', '2024-02-26', 1, 0),
(493, 858, 160, 87, 8, 0, 18, 0, 1, '2019-12-05', '2024-03-17', 1, 1),
(494, 319, 97, 12, 8, 0, 16, 1, 1, '2020-02-17', '2024-05-12', 0, 1),
(495, 153, 16, 54, 6, 0, 16, 1, 1, '2020-08-17', '2024-06-11', 1, 0),
(496, 773, 172, 70, 6, 1, 13, 1, 0, '2020-12-08', '2024-06-19', 1, 1),
(497, 524, 62, 59, 3, 0, 17, 1, 0, '2020-05-28', '2023-11-04', 0, 0),
(498, 436, 111, 57, 6, 0, 8, 1, 1, '2021-12-07', '2023-12-25', 1, 1),
(499, 561, 6, 98, 5, 0, 13, 0, 0, '2020-11-20', '2024-04-10', 0, 1),
(500, 379, 97, 71, 5, 1, 14, 1, 0, '2021-08-24', '2023-08-07', 1, 0),
(501, 533, 139, 54, 7, 1, 13, 0, 1, '2021-12-07', '2024-01-26', 1, 0),
(502, 810, 60, 75, 6, 0, 12, 1, 1, '2021-10-03', '2023-10-23', 0, 0),
(503, 378, 138, 34, 3, 0, 15, 0, 1, '2021-05-28', '2023-09-11', 1, 1),
(504, 199, 160, 45, 6, 1, 16, 0, 1, '2020-03-23', '2024-02-28', 1, 0),
(505, 276, 43, 83, 4, 1, 13, 1, 1, '2020-04-19', '2024-04-03', 1, 1),
(506, 857, 180, 59, 5, 1, 9, 0, 1, '2021-09-27', '2024-05-22', 1, 0),
(507, 591, 116, 53, 1, 0, 10, 0, 1, '2021-04-20', '2023-10-25', 0, 0),
(508, 851, 112, 66, 6, 0, 10, 1, 1, '2019-12-30', '2024-02-04', 1, 0),
(509, 218, 168, 93, 8, 1, 13, 0, 0, '2019-12-05', '2023-08-01', 1, 0),
(510, 132, 177, 36, 4, 0, 18, 0, 1, '2021-05-04', '2024-05-16', 1, 1),
(511, 587, 17, 35, 6, 1, 9, 0, 0, '2021-02-02', '2024-02-28', 1, 1),
(512, 915, 58, 44, 4, 0, 10, 0, 1, '2021-09-10', '2024-05-25', 1, 1),
(513, 934, 159, 31, 2, 1, 11, 1, 0, '2021-09-19', '2024-03-22', 0, 1),
(514, 981, 55, 55, 2, 0, 15, 1, 1, '2020-05-28', '2023-08-16', 0, 0),
(515, 824, 41, 59, 7, 0, 18, 1, 0, '2021-07-06', '2023-12-06', 1, 0),
(516, 797, 89, 48, 7, 1, 10, 0, 1, '2020-07-30', '2024-06-21', 0, 0),
(517, 845, 100, 54, 1, 1, 11, 1, 0, '2021-08-05', '2024-07-14', 0, 1),
(518, 620, 159, 2, 1, 0, 14, 0, 1, '2020-09-04', '2024-02-22', 0, 0),
(519, 356, 88, 9, 6, 1, 11, 1, 0, '2021-05-14', '2023-11-17', 0, 1),
(520, 205, 70, 41, 7, 1, 11, 0, 1, '2020-11-06', '2024-04-23', 1, 0),
(521, 310, 38, 16, 2, 1, 17, 1, 0, '2019-11-22', '2023-10-06', 1, 0),
(522, 644, 177, 48, 2, 0, 17, 0, 0, '2021-05-09', '2023-08-12', 1, 1),
(523, 986, 141, 95, 3, 0, 12, 1, 0, '2021-04-17', '2024-01-02', 0, 0),
(524, 217, 138, 95, 8, 1, 9, 0, 0, '2020-04-19', '2023-09-04', 1, 0),
(525, 567, 142, 93, 1, 1, 13, 1, 0, '2021-10-12', '2023-07-27', 0, 0),
(526, 910, 181, 84, 6, 1, 8, 1, 1, '2020-12-01', '2024-03-28', 0, 0),
(527, 762, 107, 56, 7, 0, 12, 1, 0, '2021-04-17', '2023-09-26', 0, 0),
(528, 458, 56, 9, 4, 0, 9, 0, 0, '2021-06-26', '2024-03-23', 1, 1),
(529, 894, 72, 95, 6, 1, 18, 1, 0, '2019-11-04', '2024-06-21', 1, 0),
(530, 327, 58, 9, 5, 0, 10, 0, 0, '2021-03-29', '2023-10-28', 0, 0),
(531, 58, 7, 52, 8, 1, 13, 1, 1, '2020-02-09', '2023-09-11', 0, 1),
(532, 574, 128, 29, 2, 1, 12, 0, 0, '2021-01-22', '2023-09-09', 0, 1),
(533, 78, 192, 40, 5, 0, 17, 0, 0, '2020-03-13', '2024-02-02', 1, 1),
(534, 17, 164, 62, 6, 1, 9, 1, 0, '2020-02-25', '2024-06-07', 1, 1),
(535, 455, 5, 78, 6, 0, 13, 0, 1, '2020-02-25', '2024-03-25', 1, 1),
(536, 418, 122, 5, 8, 0, 9, 0, 0, '2021-08-01', '2024-05-13', 1, 1),
(537, 614, 45, 57, 2, 0, 18, 0, 0, '2020-02-19', '2023-08-15', 1, 0),
(538, 404, 107, 98, 7, 0, 14, 0, 1, '2021-05-14', '2023-11-13', 1, 0),
(539, 142, 24, 50, 4, 1, 17, 0, 1, '2019-12-15', '2024-05-25', 1, 0),
(540, 431, 98, 70, 1, 1, 8, 0, 1, '2020-04-10', '2024-05-06', 0, 1),
(541, 431, 91, 24, 1, 0, 18, 1, 1, '2021-12-18', '2024-01-02', 0, 1),
(542, 819, 188, 16, 3, 0, 12, 0, 1, '2020-03-26', '2024-02-05', 0, 0),
(543, 190, 36, 70, 7, 0, 18, 1, 0, '2019-11-21', '2024-06-20', 0, 1),
(544, 40, 148, 77, 5, 0, 12, 0, 0, '2021-05-16', '2024-03-22', 1, 0),
(545, 600, 179, 14, 1, 0, 15, 0, 1, '2020-08-18', '2024-04-09', 0, 1),
(546, 345, 124, 14, 6, 1, 9, 1, 1, '2019-11-21', '2024-02-10', 1, 1),
(547, 684, 78, 39, 1, 1, 16, 1, 1, '2020-04-13', '2023-12-12', 0, 0),
(548, 291, 185, 60, 1, 0, 10, 1, 1, '2020-01-26', '2024-06-19', 0, 0),
(549, 264, 186, 93, 2, 1, 18, 0, 0, '2020-11-23', '2023-08-21', 0, 1),
(550, 941, 6, 52, 3, 1, 14, 1, 0, '2021-06-13', '2024-02-20', 0, 1),
(551, 900, 138, 33, 5, 1, 15, 0, 1, '2020-10-11', '2023-11-19', 1, 1),
(552, 428, 159, 75, 1, 1, 11, 1, 1, '2021-03-24', '2023-09-08', 0, 0),
(553, 148, 178, 64, 1, 0, 9, 0, 1, '2021-02-09', '2024-05-01', 1, 0),
(554, 65, 92, 42, 2, 0, 16, 1, 0, '2021-01-10', '2024-05-06', 1, 0),
(555, 97, 118, 5, 5, 0, 18, 1, 1, '2020-04-13', '2024-06-20', 1, 1),
(556, 519, 154, 44, 4, 1, 11, 1, 0, '2020-05-21', '2023-09-10', 0, 0),
(557, 651, 200, 55, 5, 0, 8, 0, 0, '2021-02-27', '2023-12-13', 1, 1),
(558, 362, 94, 83, 5, 1, 12, 0, 1, '2021-07-15', '2023-12-17', 0, 0),
(559, 865, 14, 87, 3, 0, 10, 1, 0, '2021-10-22', '2024-03-07', 1, 0),
(560, 179, 151, 50, 1, 0, 15, 1, 0, '2020-12-26', '2023-10-16', 1, 0),
(561, 613, 169, 99, 4, 0, 8, 1, 1, '2020-11-09', '2024-07-11', 0, 1),
(562, 75, 55, 48, 7, 0, 8, 1, 0, '2020-08-24', '2023-07-27', 0, 0),
(563, 598, 179, 69, 1, 0, 11, 1, 0, '2020-02-03', '2023-08-03', 0, 1),
(564, 425, 19, 18, 1, 0, 11, 1, 1, '2020-11-17', '2024-06-19', 0, 1),
(565, 845, 57, 6, 6, 0, 14, 1, 1, '2020-12-23', '2023-09-08', 1, 1),
(566, 963, 147, 79, 8, 0, 10, 0, 1, '2021-02-20', '2023-10-30', 1, 1),
(567, 880, 165, 99, 4, 0, 10, 1, 1, '2021-09-15', '2023-08-17', 0, 0),
(568, 407, 7, 96, 2, 1, 14, 1, 0, '2020-08-14', '2024-02-02', 0, 1),
(569, 924, 20, 32, 4, 1, 8, 1, 0, '2021-10-29', '2023-09-18', 1, 0),
(570, 87, 22, 20, 2, 0, 13, 1, 1, '2021-10-17', '2024-03-19', 1, 1),
(571, 899, 138, 51, 7, 0, 13, 1, 1, '2021-08-21', '2024-06-15', 0, 1),
(572, 248, 64, 37, 1, 1, 15, 1, 1, '2019-11-05', '2023-10-10', 1, 0),
(573, 251, 7, 83, 3, 1, 9, 0, 1, '2020-01-10', '2024-06-30', 1, 0),
(574, 117, 120, 37, 3, 1, 16, 0, 0, '2021-09-17', '2023-11-07', 1, 1),
(575, 875, 161, 15, 4, 1, 17, 1, 0, '2019-12-15', '2023-07-23', 1, 1),
(576, 164, 81, 75, 4, 0, 10, 1, 1, '2021-12-27', '2024-02-13', 0, 1),
(577, 919, 101, 6, 6, 1, 8, 1, 0, '2021-05-24', '2024-06-19', 0, 0),
(578, 893, 2, 27, 5, 0, 10, 1, 1, '2019-10-23', '2024-02-15', 0, 0),
(579, 747, 2, 38, 8, 1, 18, 1, 0, '2021-06-07', '2023-07-23', 1, 1),
(580, 376, 41, 43, 1, 1, 9, 0, 0, '2020-05-24', '2023-07-29', 0, 1),
(581, 754, 37, 88, 3, 1, 12, 0, 1, '2020-03-27', '2023-11-21', 1, 1),
(582, 194, 92, 4, 2, 1, 13, 1, 1, '2020-07-16', '2023-10-31', 0, 0),
(583, 335, 17, 52, 8, 0, 12, 0, 1, '2020-12-30', '2024-02-11', 0, 1),
(584, 371, 54, 84, 7, 1, 13, 1, 1, '2021-11-03', '2023-10-20', 0, 0),
(585, 452, 10, 16, 6, 1, 17, 1, 0, '2021-06-11', '2024-03-12', 1, 0),
(586, 62, 163, 73, 5, 1, 12, 0, 1, '2020-10-28', '2024-05-07', 0, 0),
(587, 601, 145, 11, 7, 0, 9, 1, 1, '2021-10-09', '2023-10-11', 0, 1),
(588, 969, 61, 10, 8, 0, 16, 1, 0, '2021-03-11', '2023-09-19', 1, 0),
(589, 455, 34, 33, 1, 1, 12, 0, 1, '2021-08-31', '2023-09-27', 0, 1),
(590, 760, 78, 10, 7, 1, 18, 1, 0, '2020-10-03', '2024-04-29', 0, 0),
(591, 902, 168, 50, 5, 0, 17, 1, 1, '2021-05-31', '2024-01-21', 0, 1),
(592, 488, 131, 20, 3, 1, 8, 1, 0, '2020-10-20', '2024-01-08', 1, 1),
(593, 31, 135, 10, 5, 0, 15, 0, 0, '2021-08-03', '2024-06-25', 0, 1),
(594, 665, 26, 47, 3, 1, 11, 1, 0, '2021-02-06', '2024-04-06', 1, 0),
(595, 859, 159, 1, 3, 1, 10, 1, 0, '2019-12-10', '2024-01-25', 0, 1),
(596, 507, 101, 3, 7, 1, 11, 1, 1, '2021-09-18', '2024-02-25', 1, 1),
(597, 658, 110, 90, 2, 1, 14, 1, 1, '2021-06-20', '2024-03-12', 1, 1),
(598, 217, 120, 52, 2, 1, 15, 0, 0, '2020-10-11', '2024-06-07', 1, 0),
(599, 751, 76, 63, 2, 0, 18, 0, 0, '2020-07-24', '2024-01-05', 0, 1),
(600, 382, 179, 76, 1, 0, 8, 1, 0, '2021-09-09', '2023-11-09', 1, 1),
(601, 325, 127, 68, 1, 1, 11, 1, 0, '2020-09-28', '2024-05-28', 0, 0),
(602, 707, 14, 45, 1, 0, 18, 1, 0, '2021-01-17', '2024-05-28', 1, 0),
(603, 783, 26, 86, 3, 0, 12, 0, 0, '2020-08-26', '2023-12-07', 0, 1),
(604, 492, 126, 78, 5, 0, 15, 0, 0, '2021-06-30', '2024-02-16', 0, 1),
(605, 795, 27, 81, 5, 0, 15, 1, 0, '2020-12-27', '2023-10-13', 1, 0),
(606, 558, 18, 89, 2, 1, 13, 0, 1, '2020-10-25', '2024-04-01', 0, 0),
(607, 573, 7, 46, 1, 1, 17, 1, 0, '2020-08-18', '2024-01-14', 0, 0),
(608, 351, 2, 8, 4, 0, 12, 0, 1, '2021-08-12', '2023-11-25', 1, 0),
(609, 290, 138, 17, 5, 0, 8, 0, 0, '2020-01-12', '2023-09-15', 1, 1),
(610, 842, 108, 2, 8, 0, 14, 0, 0, '2020-05-15', '2024-03-15', 1, 0),
(611, 510, 181, 57, 5, 1, 16, 1, 0, '2020-10-08', '2023-08-02', 1, 1),
(612, 998, 60, 31, 1, 1, 9, 1, 0, '2021-03-26', '2023-08-18', 0, 0),
(613, 997, 14, 84, 3, 0, 17, 1, 0, '2020-12-06', '2024-02-29', 0, 0),
(614, 311, 174, 61, 2, 0, 13, 0, 1, '2020-06-11', '2024-06-02', 0, 1),
(615, 649, 107, 76, 6, 0, 11, 0, 1, '2019-12-22', '2024-01-16', 0, 1),
(616, 169, 192, 22, 6, 1, 9, 1, 1, '2021-01-23', '2024-07-01', 1, 1),
(617, 395, 17, 12, 1, 1, 8, 0, 1, '2021-09-07', '2024-04-13', 1, 0),
(618, 960, 140, 5, 3, 1, 16, 0, 1, '2021-06-22', '2024-04-16', 1, 1),
(619, 965, 61, 12, 4, 0, 17, 1, 0, '2021-09-11', '2024-03-20', 1, 0),
(620, 646, 190, 20, 3, 1, 10, 0, 1, '2021-12-04', '2024-06-01', 0, 1),
(621, 745, 199, 73, 3, 0, 10, 1, 1, '2020-09-13', '2023-09-21', 0, 0),
(622, 88, 111, 9, 8, 1, 8, 1, 0, '2020-08-28', '2023-12-24', 1, 0),
(623, 496, 19, 20, 7, 0, 13, 1, 0, '2020-09-22', '2023-10-09', 1, 0),
(624, 346, 185, 59, 2, 1, 17, 0, 1, '2019-11-15', '2023-10-12', 1, 0),
(625, 747, 64, 33, 4, 1, 16, 0, 0, '2021-06-28', '2023-12-14', 1, 1),
(626, 113, 38, 45, 3, 0, 15, 1, 0, '2021-03-19', '2023-10-11', 1, 1),
(627, 460, 29, 97, 1, 1, 14, 0, 1, '2021-07-03', '2023-12-30', 0, 0),
(628, 201, 158, 87, 2, 1, 9, 1, 1, '2020-12-09', '2023-12-17', 1, 0),
(629, 414, 9, 29, 8, 0, 14, 0, 0, '2020-11-27', '2023-09-27', 1, 0),
(630, 163, 37, 64, 3, 1, 18, 0, 0, '2020-06-11', '2024-05-24', 0, 1),
(631, 196, 142, 11, 6, 1, 13, 1, 1, '2021-03-21', '2024-03-07', 0, 1),
(632, 924, 177, 21, 3, 1, 13, 1, 0, '2019-12-01', '2024-06-20', 1, 1),
(633, 667, 174, 20, 5, 1, 11, 0, 1, '2020-01-09', '2023-07-29', 0, 0),
(634, 168, 102, 15, 3, 0, 15, 0, 0, '2020-12-09', '2024-01-15', 0, 1),
(635, 934, 63, 82, 3, 1, 16, 0, 1, '2020-09-02', '2024-03-22', 1, 1),
(636, 771, 42, 52, 3, 1, 16, 1, 1, '2021-05-15', '2024-01-29', 1, 0),
(637, 905, 103, 23, 1, 1, 16, 1, 1, '2021-02-27', '2023-12-09', 1, 0),
(638, 908, 168, 28, 2, 1, 15, 0, 1, '2021-01-08', '2023-08-26', 0, 1),
(639, 849, 176, 12, 4, 1, 18, 0, 0, '2020-10-06', '2023-08-29', 0, 0),
(640, 853, 32, 1, 4, 0, 18, 0, 0, '2019-11-04', '2023-09-01', 1, 1),
(641, 459, 60, 55, 5, 0, 9, 0, 1, '2020-09-05', '2024-01-09', 1, 0),
(642, 22, 197, 93, 1, 0, 17, 1, 1, '2021-03-15', '2024-02-16', 1, 1),
(643, 553, 127, 68, 1, 1, 13, 1, 1, '2020-08-14', '2023-12-13', 0, 1),
(644, 800, 18, 90, 3, 1, 13, 0, 0, '2021-08-19', '2024-02-26', 1, 1),
(645, 185, 195, 78, 1, 1, 17, 0, 0, '2020-06-16', '2024-06-14', 0, 0),
(646, 719, 120, 27, 7, 1, 12, 0, 1, '2021-12-03', '2024-04-15', 1, 0),
(647, 967, 77, 88, 5, 0, 17, 0, 1, '2020-06-14', '2024-04-07', 0, 1),
(648, 54, 149, 47, 6, 0, 16, 0, 0, '2021-03-10', '2023-10-21', 1, 1),
(649, 144, 97, 81, 2, 0, 12, 1, 0, '2021-08-02', '2024-07-09', 1, 0),
(650, 484, 172, 42, 8, 1, 8, 0, 0, '2021-03-15', '2024-06-18', 1, 0),
(651, 134, 104, 46, 3, 0, 18, 1, 1, '2020-07-10', '2023-10-09', 1, 1),
(652, 799, 141, 22, 6, 1, 14, 1, 0, '2021-11-24', '2023-11-11', 1, 0),
(653, 443, 136, 31, 3, 0, 15, 1, 0, '2021-04-01', '2023-10-24', 0, 1),
(654, 394, 64, 73, 5, 1, 14, 0, 1, '2021-05-15', '2024-04-28', 1, 0),
(655, 655, 181, 42, 6, 0, 18, 1, 1, '2020-03-28', '2024-04-01', 0, 1),
(656, 178, 134, 29, 2, 1, 18, 0, 0, '2020-02-14', '2023-10-08', 0, 1),
(657, 686, 57, 85, 2, 0, 11, 1, 1, '2020-02-01', '2024-01-26', 0, 1),
(658, 518, 128, 77, 6, 1, 15, 1, 0, '2021-01-26', '2024-02-29', 1, 1),
(659, 835, 83, 92, 8, 1, 14, 0, 0, '2020-05-19', '2024-06-08', 1, 1),
(660, 94, 163, 83, 4, 0, 16, 0, 0, '2021-09-30', '2023-09-07', 0, 1),
(661, 527, 21, 97, 2, 0, 15, 0, 0, '2019-11-26', '2024-01-04', 1, 1),
(662, 453, 193, 85, 4, 1, 12, 0, 1, '2020-11-03', '2023-07-19', 1, 0),
(663, 453, 71, 26, 6, 1, 11, 1, 0, '2020-09-14', '2023-12-27', 0, 0),
(664, 656, 75, 75, 2, 1, 15, 0, 0, '2020-08-24', '2024-02-03', 0, 0),
(665, 755, 21, 96, 1, 1, 10, 1, 1, '2020-04-10', '2023-10-08', 1, 1),
(666, 921, 115, 58, 5, 1, 10, 0, 1, '2021-07-20', '2024-06-20', 0, 0),
(667, 77, 58, 22, 5, 1, 12, 1, 1, '2021-03-09', '2024-02-11', 0, 0),
(668, 761, 9, 77, 6, 1, 14, 1, 1, '2020-10-09', '2024-06-18', 0, 1),
(669, 715, 108, 45, 2, 1, 14, 0, 0, '2020-10-29', '2023-09-06', 0, 1),
(670, 644, 199, 75, 2, 0, 12, 1, 0, '2021-09-10', '2024-03-30', 1, 0),
(671, 922, 86, 15, 8, 1, 12, 0, 0, '2021-08-27', '2023-10-28', 1, 0),
(672, 195, 144, 19, 6, 1, 11, 0, 1, '2021-11-16', '2024-01-02', 0, 0),
(673, 956, 78, 16, 3, 1, 13, 1, 1, '2021-01-07', '2024-07-10', 0, 1),
(674, 264, 142, 92, 6, 1, 11, 1, 0, '2020-03-08', '2023-09-11', 0, 1),
(675, 832, 131, 1, 7, 0, 16, 0, 1, '2021-01-18', '2024-04-06', 1, 0),
(676, 686, 144, 9, 8, 0, 16, 1, 1, '2021-11-19', '2024-01-08', 1, 0),
(677, 925, 163, 5, 3, 0, 17, 0, 1, '2021-03-20', '2023-08-10', 0, 1),
(678, 498, 33, 49, 6, 0, 14, 1, 1, '2021-04-13', '2024-05-30', 0, 1),
(679, 241, 53, 19, 5, 1, 8, 0, 0, '2020-04-23', '2023-09-27', 1, 0),
(680, 746, 88, 69, 1, 1, 18, 1, 0, '2020-02-01', '2024-02-27', 1, 1),
(681, 753, 37, 7, 7, 0, 9, 0, 1, '2020-02-07', '2023-11-24', 0, 0),
(682, 157, 115, 52, 5, 1, 12, 0, 1, '2021-05-26', '2023-10-23', 1, 1),
(683, 750, 30, 92, 4, 1, 12, 0, 1, '2021-12-24', '2024-06-13', 1, 1),
(684, 561, 144, 30, 1, 0, 10, 1, 0, '2021-10-24', '2023-08-30', 0, 0),
(685, 39, 140, 98, 4, 1, 10, 1, 0, '2021-07-27', '2024-02-11', 0, 1),
(686, 551, 106, 84, 4, 0, 15, 1, 1, '2020-05-17', '2024-07-11', 0, 0),
(687, 33, 96, 13, 5, 0, 13, 1, 0, '2019-12-30', '2024-04-16', 0, 0),
(688, 23, 89, 85, 4, 1, 13, 0, 0, '2020-01-14', '2024-06-29', 1, 1),
(689, 925, 44, 17, 7, 1, 13, 1, 1, '2020-05-18', '2023-11-30', 1, 0),
(690, 125, 120, 89, 7, 1, 10, 0, 1, '2020-11-20', '2024-07-03', 0, 1),
(691, 317, 96, 33, 3, 1, 18, 0, 0, '2021-06-04', '2023-09-11', 0, 0),
(692, 944, 64, 36, 5, 0, 8, 0, 1, '2020-11-26', '2023-09-01', 1, 0),
(693, 990, 41, 81, 7, 1, 13, 1, 1, '2021-06-22', '2024-05-26', 1, 0),
(694, 16, 26, 10, 3, 0, 10, 0, 0, '2020-07-16', '2023-11-04', 1, 1),
(695, 950, 156, 10, 4, 0, 17, 1, 0, '2020-07-13', '2024-06-25', 1, 0),
(696, 144, 92, 31, 2, 1, 12, 1, 0, '2021-06-19', '2023-12-05', 1, 1),
(697, 212, 112, 17, 1, 0, 18, 1, 0, '2020-09-04', '2024-03-02', 1, 1),
(698, 767, 151, 1, 5, 1, 8, 0, 0, '2020-09-25', '2024-07-15', 1, 0),
(699, 581, 19, 36, 8, 0, 11, 1, 0, '2021-10-05', '2023-12-01', 1, 0),
(700, 611, 139, 63, 2, 1, 17, 0, 1, '2021-03-27', '2023-08-31', 1, 0),
(701, 550, 151, 61, 5, 1, 8, 1, 1, '2021-09-12', '2023-07-22', 0, 1),
(702, 167, 178, 48, 6, 0, 10, 0, 0, '2020-03-17', '2024-07-13', 0, 0),
(703, 661, 168, 81, 8, 0, 9, 1, 1, '2020-12-16', '2023-08-10', 0, 0),
(704, 498, 43, 21, 3, 1, 10, 1, 1, '2020-06-06', '2024-02-11', 0, 0),
(705, 960, 34, 3, 7, 1, 8, 1, 0, '2019-12-23', '2023-08-13', 1, 1),
(706, 947, 194, 31, 4, 1, 18, 0, 0, '2019-10-23', '2024-04-08', 1, 0),
(707, 347, 141, 18, 6, 0, 11, 0, 0, '2021-09-03', '2024-05-04', 1, 0),
(708, 14, 42, 57, 7, 1, 18, 0, 0, '2021-03-09', '2024-04-03', 1, 0),
(709, 637, 134, 7, 4, 1, 13, 1, 1, '2020-05-02', '2024-05-23', 0, 1),
(710, 27, 145, 89, 4, 0, 9, 0, 0, '2021-01-04', '2024-02-01', 0, 0),
(711, 791, 63, 20, 5, 0, 11, 1, 1, '2021-03-10', '2023-09-07', 0, 0),
(712, 910, 197, 33, 5, 0, 11, 0, 0, '2021-05-14', '2024-02-22', 1, 0),
(713, 799, 1, 37, 6, 0, 13, 0, 0, '2021-04-27', '2023-12-11', 0, 1),
(714, 25, 74, 42, 1, 0, 9, 1, 1, '2020-12-27', '2023-07-28', 0, 1),
(715, 707, 97, 44, 5, 0, 10, 0, 1, '2021-04-03', '2024-03-27', 1, 0),
(716, 282, 67, 50, 2, 0, 11, 1, 0, '2021-01-11', '2023-08-17', 1, 1),
(717, 726, 123, 91, 6, 0, 11, 0, 1, '2021-06-20', '2023-09-24', 0, 1),
(718, 502, 5, 18, 8, 1, 12, 1, 0, '2021-12-27', '2023-08-31', 0, 1),
(719, 654, 18, 3, 3, 0, 12, 1, 1, '2021-04-10', '2024-04-05', 0, 0),
(720, 295, 194, 72, 8, 0, 15, 0, 1, '2021-11-16', '2023-07-29', 0, 0),
(721, 677, 187, 56, 1, 1, 13, 0, 0, '2020-02-14', '2023-09-04', 1, 0),
(722, 171, 18, 78, 4, 0, 11, 1, 0, '2021-02-21', '2024-07-11', 0, 0),
(723, 992, 158, 31, 2, 0, 13, 1, 0, '2020-09-28', '2024-02-28', 1, 1),
(724, 794, 21, 86, 1, 0, 18, 1, 0, '2019-11-04', '2023-09-11', 1, 0),
(725, 548, 78, 95, 1, 1, 10, 0, 1, '2020-11-21', '2024-03-04', 1, 0),
(726, 148, 12, 15, 7, 1, 10, 0, 0, '2021-11-12', '2023-11-20', 1, 0),
(727, 150, 91, 27, 5, 0, 15, 1, 1, '2021-08-14', '2023-11-15', 0, 0),
(728, 174, 177, 99, 7, 0, 15, 0, 1, '2020-11-22', '2023-09-23', 0, 0),
(729, 871, 193, 50, 4, 1, 10, 0, 0, '2021-01-10', '2024-04-17', 1, 1),
(730, 664, 181, 17, 5, 0, 18, 0, 0, '2021-10-04', '2024-06-28', 1, 0);
INSERT INTO `consultation_patient` (`id_Consultation_Patient`, `id_Patient`, `id_personnel_Medical`, `id_Centre_hospitalier`, `id_Test`, `nb_absence_Personnel`, `nb_horaire_Personnel`, `nb_retard_Personnel`, `nb_Test_Positif`, `date_hospitalisation`, `date_sortie`, `nb_patient_guerri`, `satisfaction_Patient`) VALUES
(731, 261, 153, 84, 2, 0, 9, 1, 1, '2021-03-03', '2024-05-03', 1, 1),
(732, 138, 45, 94, 8, 0, 14, 1, 1, '2020-12-31', '2024-01-08', 0, 0),
(733, 69, 8, 68, 7, 1, 11, 1, 1, '2021-09-13', '2024-06-12', 1, 0),
(734, 801, 182, 5, 5, 1, 12, 0, 0, '2021-03-26', '2023-12-02', 0, 1),
(735, 868, 52, 16, 4, 0, 16, 1, 1, '2021-05-12', '2023-09-14', 1, 1),
(736, 939, 126, 56, 7, 1, 16, 1, 1, '2020-10-23', '2023-07-20', 0, 0),
(737, 262, 114, 3, 1, 1, 18, 1, 0, '2021-03-09', '2023-10-28', 0, 0),
(738, 920, 8, 6, 3, 1, 13, 0, 0, '2020-10-21', '2024-04-01', 0, 1),
(739, 456, 121, 68, 1, 1, 12, 0, 1, '2021-04-06', '2024-03-14', 0, 0),
(740, 299, 106, 39, 5, 1, 14, 0, 0, '2019-12-12', '2023-08-11', 1, 1),
(741, 228, 96, 68, 5, 1, 13, 0, 0, '2020-05-05', '2024-03-13', 0, 1),
(742, 715, 92, 84, 4, 1, 18, 1, 0, '2020-11-03', '2024-01-05', 1, 1),
(743, 24, 37, 56, 8, 1, 10, 1, 0, '2021-05-18', '2023-12-10', 0, 0),
(744, 722, 86, 28, 7, 0, 14, 1, 1, '2021-02-28', '2024-01-20', 1, 1),
(745, 58, 57, 85, 3, 1, 10, 1, 1, '2021-08-21', '2023-12-14', 1, 0),
(746, 55, 20, 86, 2, 0, 17, 0, 1, '2021-05-01', '2023-11-13', 0, 0),
(747, 826, 155, 18, 2, 0, 11, 1, 0, '2021-09-03', '2023-12-12', 0, 1),
(748, 496, 29, 25, 8, 1, 18, 1, 0, '2020-06-26', '2024-05-20', 0, 0),
(749, 742, 171, 60, 2, 1, 18, 1, 1, '2021-04-30', '2024-04-16', 1, 0),
(750, 489, 108, 77, 7, 1, 16, 0, 1, '2020-01-19', '2024-04-06', 1, 0),
(751, 477, 95, 22, 1, 1, 8, 1, 0, '2020-07-26', '2023-08-23', 0, 0),
(752, 506, 14, 68, 1, 0, 9, 1, 0, '2019-11-26', '2023-10-23', 0, 1),
(753, 186, 65, 30, 5, 1, 13, 1, 1, '2021-11-24', '2023-12-10', 1, 0),
(754, 154, 77, 18, 7, 1, 15, 0, 1, '2021-10-23', '2023-09-12', 0, 1),
(755, 120, 65, 12, 5, 1, 17, 1, 0, '2020-08-02', '2024-01-21', 0, 1),
(756, 582, 66, 60, 3, 0, 11, 1, 0, '2020-08-08', '2023-07-28', 1, 1),
(757, 301, 118, 59, 3, 0, 16, 0, 0, '2021-07-04', '2024-03-03', 0, 1),
(758, 315, 3, 38, 4, 1, 14, 1, 1, '2020-02-02', '2023-09-04', 1, 0),
(759, 86, 112, 26, 1, 0, 10, 0, 0, '2021-04-20', '2024-03-07', 1, 1),
(760, 139, 30, 44, 1, 0, 14, 0, 0, '2020-02-23', '2023-08-24', 0, 1),
(761, 875, 111, 30, 4, 1, 8, 0, 0, '2020-12-15', '2024-01-31', 0, 0),
(762, 722, 173, 1, 4, 1, 18, 0, 0, '2020-04-06', '2023-12-11', 1, 1),
(763, 642, 145, 46, 7, 0, 13, 0, 1, '2019-10-28', '2024-07-15', 0, 1),
(764, 986, 84, 55, 5, 0, 8, 0, 0, '2021-11-09', '2023-07-21', 0, 1),
(765, 110, 170, 32, 1, 1, 12, 0, 1, '2021-04-04', '2023-11-20', 0, 0),
(766, 42, 47, 41, 2, 1, 10, 0, 0, '2021-08-14', '2023-11-20', 0, 1),
(767, 759, 175, 14, 2, 0, 12, 0, 0, '2021-08-04', '2023-08-13', 0, 0),
(768, 86, 85, 25, 5, 1, 8, 1, 0, '2019-12-22', '2024-05-01', 1, 0),
(769, 232, 110, 54, 5, 0, 10, 1, 1, '2021-01-21', '2024-07-14', 1, 0),
(770, 672, 46, 76, 5, 1, 16, 0, 1, '2021-02-08', '2023-07-23', 1, 1),
(771, 312, 104, 51, 7, 1, 17, 0, 0, '2019-12-23', '2023-09-29', 1, 1),
(772, 257, 113, 87, 1, 0, 15, 1, 1, '2020-07-09', '2024-02-14', 1, 1),
(773, 326, 42, 89, 6, 1, 12, 0, 1, '2020-07-09', '2023-08-18', 0, 0),
(774, 612, 167, 13, 5, 0, 13, 0, 1, '2020-07-30', '2024-01-12', 1, 0),
(775, 933, 140, 36, 2, 0, 15, 1, 0, '2021-09-14', '2023-08-31', 1, 0),
(776, 63, 31, 71, 5, 1, 9, 1, 1, '2021-12-24', '2024-02-15', 1, 1),
(777, 331, 26, 91, 2, 0, 11, 0, 1, '2021-01-06', '2023-09-28', 0, 0),
(778, 431, 71, 25, 6, 1, 14, 0, 1, '2021-11-03', '2024-02-25', 1, 0),
(779, 714, 102, 73, 4, 0, 11, 0, 1, '2019-10-16', '2023-10-16', 1, 0),
(780, 848, 67, 39, 8, 1, 13, 1, 0, '2019-10-28', '2023-10-01', 0, 0),
(781, 663, 50, 63, 1, 0, 18, 1, 0, '2020-01-31', '2023-09-09', 0, 0),
(782, 168, 160, 73, 3, 0, 13, 0, 0, '2021-05-29', '2023-12-25', 1, 1),
(783, 359, 124, 92, 3, 1, 16, 1, 0, '2021-05-10', '2024-02-10', 1, 1),
(784, 541, 23, 92, 7, 0, 11, 0, 0, '2020-10-23', '2024-07-12', 0, 0),
(785, 622, 98, 12, 7, 0, 10, 1, 1, '2021-03-18', '2024-01-12', 1, 0),
(786, 353, 49, 30, 7, 0, 13, 0, 1, '2021-01-04', '2024-06-06', 0, 0),
(787, 107, 167, 65, 6, 1, 10, 1, 0, '2021-07-05', '2024-02-16', 1, 1),
(788, 678, 109, 51, 8, 0, 10, 0, 0, '2021-04-23', '2023-09-12', 1, 0),
(789, 112, 159, 41, 6, 1, 9, 0, 0, '2020-10-29', '2023-10-27', 0, 1),
(790, 687, 106, 6, 2, 0, 16, 0, 0, '2021-09-27', '2023-11-12', 1, 1),
(791, 795, 199, 78, 8, 0, 11, 1, 0, '2020-06-06', '2023-10-25', 1, 1),
(792, 686, 59, 25, 2, 0, 8, 1, 0, '2021-12-11', '2024-05-31', 1, 1),
(793, 536, 194, 96, 2, 1, 15, 1, 0, '2020-12-13', '2024-06-10', 0, 1),
(794, 945, 143, 21, 1, 0, 18, 0, 1, '2020-05-11', '2023-09-24', 1, 0),
(795, 90, 12, 69, 4, 0, 9, 1, 0, '2019-10-18', '2023-11-01', 0, 0),
(796, 512, 200, 61, 1, 1, 18, 1, 0, '2020-07-18', '2024-06-14', 0, 1),
(797, 550, 15, 55, 2, 1, 11, 1, 0, '2020-08-22', '2024-05-21', 0, 1),
(798, 482, 105, 1, 2, 1, 12, 1, 1, '2020-11-08', '2024-07-03', 0, 0),
(799, 737, 128, 25, 7, 1, 10, 1, 0, '2020-10-14', '2024-04-12', 0, 0),
(800, 772, 22, 8, 5, 1, 17, 1, 1, '2021-10-26', '2023-10-29', 1, 0),
(801, 430, 130, 90, 4, 0, 11, 0, 0, '2021-04-14', '2024-06-30', 1, 0),
(802, 904, 154, 81, 6, 1, 15, 0, 1, '2020-11-15', '2024-06-12', 0, 0),
(803, 585, 9, 31, 6, 1, 16, 1, 1, '2019-11-18', '2023-12-25', 1, 0),
(804, 387, 78, 3, 8, 1, 13, 0, 0, '2021-03-02', '2024-05-11', 0, 1),
(805, 268, 128, 69, 7, 0, 13, 1, 0, '2021-04-14', '2024-02-05', 1, 0),
(806, 366, 70, 58, 2, 1, 12, 0, 1, '2019-10-20', '2024-06-12', 0, 1),
(807, 408, 154, 73, 2, 1, 17, 0, 0, '2020-09-25', '2024-07-15', 0, 1),
(808, 834, 17, 80, 6, 0, 12, 0, 0, '2020-03-15', '2023-12-30', 1, 0),
(809, 165, 65, 10, 4, 1, 11, 0, 0, '2021-08-23', '2023-09-06', 1, 1),
(810, 714, 45, 16, 4, 0, 18, 0, 0, '2019-12-09', '2024-04-30', 1, 0),
(811, 258, 127, 11, 8, 0, 9, 1, 0, '2021-02-16', '2024-04-29', 1, 1),
(812, 849, 166, 27, 6, 1, 10, 0, 0, '2021-04-11', '2023-12-19', 1, 1),
(813, 642, 48, 44, 1, 1, 18, 1, 0, '2021-04-07', '2023-11-07', 0, 1),
(814, 906, 14, 4, 2, 1, 13, 0, 0, '2021-11-22', '2024-03-14', 0, 0),
(815, 841, 67, 32, 5, 0, 9, 0, 0, '2020-11-25', '2023-10-08', 1, 0),
(816, 941, 132, 35, 6, 1, 16, 1, 1, '2021-04-17', '2023-10-25', 1, 0),
(817, 487, 41, 79, 3, 1, 9, 1, 1, '2021-07-28', '2024-03-02', 1, 1),
(818, 89, 93, 32, 4, 1, 9, 0, 1, '2020-01-12', '2023-08-19', 0, 0),
(819, 488, 14, 94, 7, 0, 18, 1, 1, '2020-01-27', '2023-12-01', 1, 0),
(820, 242, 89, 2, 2, 0, 16, 1, 1, '2020-05-18', '2024-06-12', 0, 1),
(821, 982, 147, 59, 2, 0, 17, 0, 0, '2021-08-14', '2024-02-22', 0, 1),
(822, 826, 1, 23, 3, 0, 13, 0, 1, '2020-09-13', '2024-02-24', 0, 1),
(823, 215, 101, 39, 2, 0, 18, 0, 0, '2021-11-21', '2023-11-19', 1, 0),
(824, 618, 64, 33, 3, 1, 13, 1, 1, '2021-01-14', '2024-01-20', 0, 0),
(825, 473, 28, 20, 4, 0, 14, 0, 1, '2019-11-26', '2023-08-05', 0, 1),
(826, 486, 28, 32, 4, 0, 16, 1, 1, '2019-12-03', '2024-01-27', 0, 1),
(827, 714, 198, 12, 1, 1, 10, 1, 0, '2020-07-16', '2023-09-18', 0, 1),
(828, 631, 176, 76, 5, 1, 17, 1, 1, '2020-04-22', '2024-01-16', 0, 0),
(829, 267, 145, 48, 5, 1, 18, 1, 0, '2019-11-01', '2023-12-15', 0, 0),
(830, 916, 175, 99, 4, 0, 13, 0, 1, '2020-12-15', '2024-04-30', 0, 1),
(831, 483, 119, 60, 8, 1, 16, 0, 0, '2021-01-19', '2023-10-08', 1, 0),
(832, 858, 58, 27, 4, 0, 16, 0, 0, '2021-10-11', '2023-08-10', 1, 0),
(833, 754, 90, 49, 3, 1, 18, 1, 1, '2021-09-16', '2023-09-19', 0, 1),
(834, 869, 103, 93, 7, 1, 10, 1, 0, '2021-05-07', '2024-02-26', 1, 1),
(835, 12, 198, 14, 1, 1, 16, 0, 1, '2020-01-09', '2024-03-26', 1, 1),
(836, 312, 67, 57, 2, 1, 14, 0, 0, '2021-04-12', '2023-12-12', 0, 0),
(837, 250, 129, 85, 6, 1, 17, 0, 0, '2019-10-26', '2024-03-09', 1, 0),
(838, 888, 16, 90, 2, 1, 15, 1, 0, '2021-12-03', '2023-10-16', 1, 1),
(839, 282, 132, 81, 7, 0, 11, 0, 0, '2021-09-03', '2024-02-26', 1, 1),
(840, 720, 75, 14, 6, 0, 9, 0, 0, '2021-06-24', '2023-10-11', 0, 0),
(841, 781, 61, 65, 7, 1, 11, 1, 1, '2019-11-26', '2024-04-08', 1, 0),
(842, 311, 32, 13, 3, 1, 11, 1, 1, '2021-03-22', '2024-02-15', 1, 0),
(843, 670, 6, 69, 1, 0, 17, 0, 1, '2021-01-28', '2024-06-14', 1, 1),
(844, 296, 187, 90, 2, 0, 15, 1, 0, '2021-10-06', '2024-01-19', 1, 1),
(845, 871, 158, 42, 7, 0, 9, 0, 1, '2021-01-27', '2024-02-12', 1, 0),
(846, 469, 7, 31, 6, 1, 13, 0, 0, '2020-08-10', '2024-06-22', 1, 0),
(847, 552, 39, 62, 2, 0, 10, 0, 0, '2021-05-21', '2024-04-27', 0, 0),
(848, 64, 105, 28, 1, 0, 18, 1, 1, '2021-08-25', '2023-07-25', 0, 1),
(849, 603, 130, 29, 4, 0, 8, 1, 0, '2020-08-23', '2024-07-06', 1, 0),
(850, 688, 39, 82, 3, 0, 12, 1, 1, '2019-12-09', '2023-08-19', 0, 0),
(851, 838, 130, 39, 5, 1, 11, 0, 1, '2021-12-07', '2023-12-20', 0, 0),
(852, 762, 15, 74, 2, 0, 14, 1, 1, '2020-12-10', '2024-04-11', 0, 1),
(853, 724, 183, 74, 2, 1, 9, 1, 0, '2021-10-29', '2024-04-03', 0, 1),
(854, 348, 41, 24, 7, 1, 11, 0, 1, '2021-01-24', '2024-05-09', 1, 0),
(855, 72, 25, 64, 8, 0, 13, 0, 0, '2020-05-08', '2024-01-04', 0, 1),
(856, 374, 24, 76, 2, 0, 9, 0, 1, '2020-08-01', '2024-07-11', 0, 1),
(857, 98, 164, 71, 7, 1, 11, 1, 1, '2021-08-09', '2023-08-08', 1, 0),
(858, 608, 55, 46, 2, 0, 12, 1, 1, '2021-03-16', '2023-10-13', 1, 1),
(859, 62, 71, 68, 2, 1, 14, 1, 0, '2021-10-15', '2023-12-11', 1, 0),
(860, 507, 14, 50, 1, 0, 18, 0, 1, '2020-09-27', '2024-04-26', 0, 1),
(861, 357, 187, 62, 2, 1, 10, 0, 0, '2021-08-22', '2023-10-23', 1, 0),
(862, 941, 190, 93, 2, 1, 8, 1, 0, '2020-06-11', '2024-01-17', 0, 0),
(863, 574, 115, 97, 4, 1, 13, 1, 0, '2020-03-04', '2023-09-17', 0, 1),
(864, 555, 119, 16, 5, 1, 15, 0, 0, '2021-11-18', '2024-06-29', 0, 1),
(865, 205, 56, 98, 3, 1, 18, 0, 1, '2019-11-08', '2024-05-21', 1, 0),
(866, 59, 152, 91, 8, 1, 17, 1, 0, '2020-11-29', '2023-12-18', 1, 0),
(867, 2, 36, 20, 3, 0, 9, 1, 0, '2020-09-01', '2023-08-27', 0, 0),
(868, 946, 131, 4, 1, 0, 15, 0, 0, '2020-04-11', '2023-10-21', 0, 1),
(869, 722, 95, 48, 3, 1, 9, 1, 0, '2021-06-21', '2024-07-09', 0, 0),
(870, 638, 176, 68, 6, 1, 15, 1, 0, '2020-04-01', '2024-04-28', 0, 0),
(871, 956, 110, 56, 7, 0, 9, 1, 0, '2020-03-26', '2023-09-12', 0, 1),
(872, 301, 5, 96, 5, 0, 18, 0, 1, '2020-10-01', '2023-11-12', 0, 1),
(873, 457, 46, 50, 5, 0, 10, 1, 1, '2020-02-08', '2023-09-03', 0, 1),
(874, 301, 111, 57, 2, 0, 15, 0, 1, '2020-05-07', '2023-12-16', 1, 1),
(875, 436, 140, 85, 2, 0, 17, 1, 1, '2020-03-01', '2023-10-19', 1, 0),
(876, 23, 138, 3, 4, 0, 14, 1, 0, '2021-12-02', '2023-12-18', 1, 0),
(877, 53, 186, 2, 2, 0, 12, 0, 0, '2021-11-26', '2024-03-31', 1, 1),
(878, 473, 181, 74, 6, 0, 9, 0, 1, '2020-05-28', '2023-07-22', 1, 1),
(879, 56, 89, 44, 7, 1, 10, 0, 1, '2021-01-15', '2023-12-24', 0, 0),
(880, 356, 174, 57, 5, 0, 8, 1, 0, '2021-11-16', '2023-12-02', 0, 1),
(881, 630, 39, 62, 5, 1, 12, 0, 1, '2020-02-05', '2023-08-10', 0, 1),
(882, 208, 139, 76, 4, 1, 11, 1, 1, '2019-11-26', '2023-08-23', 1, 0),
(883, 84, 83, 87, 8, 0, 16, 0, 0, '2019-11-07', '2024-05-16', 1, 0),
(884, 723, 155, 90, 6, 1, 9, 0, 1, '2021-10-05', '2023-11-25', 0, 1),
(885, 905, 19, 70, 2, 1, 9, 1, 0, '2020-07-07', '2023-11-30', 0, 0),
(886, 157, 71, 37, 8, 1, 17, 1, 0, '2020-06-11', '2023-11-04', 0, 1),
(887, 307, 40, 6, 2, 1, 11, 0, 0, '2020-09-29', '2023-09-13', 1, 1),
(888, 886, 21, 55, 2, 0, 16, 1, 0, '2021-01-21', '2024-02-03', 0, 1),
(889, 263, 163, 52, 5, 0, 15, 1, 0, '2020-12-10', '2024-06-18', 1, 0),
(890, 953, 111, 58, 3, 0, 17, 0, 1, '2020-01-06', '2024-02-12', 1, 1),
(891, 948, 174, 55, 1, 0, 8, 1, 1, '2020-07-12', '2024-04-18', 0, 0),
(892, 843, 115, 15, 5, 0, 12, 0, 0, '2020-09-08', '2024-05-07', 0, 0),
(893, 232, 113, 30, 4, 0, 8, 1, 0, '2020-09-01', '2024-06-05', 0, 0),
(894, 756, 19, 93, 3, 1, 18, 0, 0, '2020-01-03', '2024-05-25', 1, 0),
(895, 251, 157, 70, 8, 1, 12, 1, 1, '2021-11-12', '2023-09-16', 0, 1),
(896, 560, 15, 56, 4, 1, 8, 0, 1, '2021-06-02', '2024-06-27', 0, 1),
(897, 116, 160, 28, 4, 1, 11, 1, 0, '2019-12-29', '2024-03-24', 1, 0),
(898, 194, 144, 47, 6, 1, 8, 1, 0, '2021-03-25', '2023-11-28', 1, 1),
(899, 875, 36, 85, 3, 1, 9, 1, 1, '2020-06-01', '2023-11-23', 1, 0),
(900, 547, 6, 55, 7, 0, 13, 1, 1, '2021-09-17', '2023-11-29', 0, 0),
(901, 432, 194, 55, 6, 1, 8, 0, 0, '2021-04-16', '2024-04-30', 0, 0),
(902, 638, 115, 17, 2, 0, 17, 0, 0, '2021-11-18', '2023-10-21', 0, 0),
(903, 416, 187, 9, 4, 1, 18, 0, 0, '2019-11-22', '2023-10-23', 1, 1),
(904, 767, 131, 55, 3, 0, 18, 0, 0, '2021-01-28', '2024-03-18', 1, 1),
(905, 124, 18, 13, 6, 1, 10, 0, 0, '2021-02-21', '2024-03-11', 1, 1),
(906, 958, 189, 82, 6, 1, 16, 1, 0, '2020-07-21', '2023-11-27', 1, 1),
(907, 244, 4, 84, 7, 1, 18, 1, 0, '2020-07-09', '2024-01-19', 0, 1),
(908, 810, 36, 33, 5, 0, 8, 1, 0, '2021-03-15', '2024-05-31', 0, 1),
(909, 270, 7, 1, 8, 1, 15, 0, 1, '2021-12-06', '2024-04-22', 0, 1),
(910, 978, 22, 82, 2, 0, 18, 0, 1, '2020-07-27', '2023-11-28', 1, 0),
(911, 294, 21, 66, 4, 0, 10, 0, 1, '2021-11-05', '2023-09-20', 1, 1),
(912, 190, 138, 3, 3, 0, 9, 1, 0, '2021-12-09', '2024-02-10', 0, 0),
(913, 194, 152, 90, 5, 0, 10, 0, 1, '2020-01-30', '2023-07-28', 0, 0),
(914, 58, 84, 58, 7, 0, 10, 1, 1, '2021-08-31', '2024-06-10', 0, 0),
(915, 370, 9, 56, 1, 0, 15, 1, 1, '2021-04-15', '2023-10-29', 0, 1),
(916, 260, 106, 30, 7, 1, 8, 1, 1, '2021-09-03', '2024-05-14', 1, 0),
(917, 483, 20, 6, 6, 1, 18, 0, 1, '2021-10-08', '2023-07-29', 1, 1),
(918, 320, 49, 75, 6, 0, 18, 1, 1, '2021-05-30', '2024-03-12', 1, 0),
(919, 93, 98, 60, 5, 0, 16, 0, 0, '2020-08-07', '2024-02-08', 1, 0),
(920, 76, 3, 28, 4, 1, 16, 1, 1, '2020-11-05', '2024-05-26', 1, 0),
(921, 948, 25, 92, 4, 1, 12, 1, 1, '2021-04-25', '2023-11-27', 1, 1),
(922, 790, 27, 46, 8, 1, 10, 1, 1, '2021-03-15', '2023-08-01', 1, 1),
(923, 156, 132, 23, 3, 1, 13, 0, 0, '2020-04-05', '2024-06-03', 0, 0),
(924, 71, 153, 43, 2, 1, 11, 0, 1, '2021-08-04', '2024-05-11', 0, 0),
(925, 53, 79, 1, 7, 0, 15, 0, 0, '2021-12-14', '2023-09-24', 0, 1),
(926, 818, 13, 35, 3, 1, 10, 1, 0, '2021-04-15', '2023-12-01', 0, 1),
(927, 848, 136, 90, 3, 0, 13, 1, 1, '2019-11-04', '2024-04-06', 0, 0),
(928, 827, 153, 44, 1, 0, 9, 1, 1, '2020-11-21', '2024-04-02', 0, 0),
(929, 848, 22, 81, 4, 0, 8, 0, 0, '2020-12-11', '2024-07-05', 0, 0),
(930, 192, 72, 50, 2, 0, 11, 1, 0, '2020-01-31', '2023-08-18', 0, 1),
(931, 865, 19, 56, 4, 1, 18, 0, 1, '2021-10-15', '2024-02-29', 0, 1),
(932, 1000, 70, 47, 5, 1, 13, 1, 1, '2019-10-25', '2024-04-07', 1, 1),
(933, 609, 26, 6, 5, 1, 11, 1, 1, '2021-09-12', '2024-05-06', 1, 0),
(934, 211, 64, 100, 2, 0, 10, 0, 1, '2019-11-24', '2023-08-06', 0, 1),
(935, 686, 126, 12, 5, 1, 18, 1, 1, '2021-03-30', '2024-05-11', 0, 0),
(936, 354, 140, 55, 4, 0, 17, 1, 0, '2021-10-26', '2023-10-22', 0, 1),
(937, 750, 187, 16, 3, 1, 11, 1, 0, '2021-07-07', '2024-01-05', 0, 0),
(938, 78, 164, 47, 2, 0, 16, 1, 1, '2021-11-02', '2024-06-27', 0, 0),
(939, 412, 49, 56, 6, 1, 17, 0, 1, '2020-08-03', '2024-05-24', 0, 1),
(940, 935, 120, 14, 4, 1, 18, 1, 1, '2020-08-25', '2023-08-01', 1, 0),
(941, 860, 63, 7, 7, 1, 9, 0, 1, '2020-11-22', '2023-10-20', 1, 0),
(942, 589, 181, 78, 6, 1, 10, 1, 1, '2020-05-01', '2024-06-06', 1, 1),
(943, 735, 123, 65, 4, 1, 11, 0, 0, '2021-02-19', '2024-07-07', 0, 0),
(944, 935, 45, 14, 5, 0, 16, 0, 0, '2021-07-16', '2023-07-29', 0, 1),
(945, 74, 146, 50, 2, 0, 10, 0, 1, '2020-01-07', '2023-09-22', 0, 0),
(946, 878, 128, 91, 5, 1, 14, 1, 1, '2021-03-04', '2024-03-28', 0, 1),
(947, 908, 122, 68, 8, 1, 12, 1, 1, '2020-05-26', '2024-04-04', 1, 0),
(948, 863, 3, 38, 4, 0, 9, 1, 0, '2021-10-17', '2024-03-03', 1, 1),
(949, 712, 56, 64, 5, 0, 10, 0, 0, '2021-10-12', '2024-06-15', 1, 1),
(950, 678, 35, 82, 5, 1, 15, 1, 0, '2019-12-03', '2023-11-19', 1, 1),
(951, 714, 75, 51, 4, 1, 16, 0, 0, '2021-01-17', '2023-09-12', 1, 1),
(952, 794, 5, 72, 1, 0, 17, 0, 0, '2021-12-24', '2024-01-31', 1, 1),
(953, 323, 119, 31, 5, 1, 18, 0, 1, '2020-02-08', '2023-08-11', 0, 0),
(954, 774, 132, 86, 7, 0, 12, 1, 0, '2021-12-08', '2023-10-15', 1, 0),
(955, 845, 158, 92, 2, 0, 10, 0, 1, '2021-04-23', '2024-06-12', 0, 1),
(956, 399, 121, 32, 7, 1, 14, 1, 0, '2020-01-23', '2024-01-08', 1, 0),
(957, 705, 183, 79, 7, 1, 11, 1, 0, '2020-10-26', '2024-07-09', 0, 0),
(958, 63, 183, 68, 3, 1, 10, 1, 1, '2020-11-22', '2023-10-24', 1, 1),
(959, 1000, 71, 25, 7, 0, 9, 0, 0, '2020-04-05', '2023-09-06', 0, 0),
(960, 344, 156, 36, 1, 0, 10, 0, 1, '2020-01-30', '2024-04-10', 0, 0),
(961, 291, 133, 2, 4, 1, 18, 0, 0, '2020-07-21', '2023-12-14', 0, 0),
(962, 618, 102, 96, 5, 1, 18, 1, 0, '2019-12-26', '2024-03-08', 1, 0),
(963, 35, 9, 100, 2, 1, 9, 0, 1, '2021-05-03', '2024-03-17', 1, 1),
(964, 624, 194, 59, 4, 0, 10, 0, 0, '2021-07-16', '2024-06-15', 1, 0),
(965, 459, 113, 52, 3, 0, 16, 1, 0, '2021-07-01', '2023-11-15', 0, 1),
(966, 127, 115, 49, 1, 0, 10, 0, 0, '2021-09-28', '2024-06-11', 0, 0),
(967, 10, 132, 4, 8, 1, 12, 0, 0, '2020-05-12', '2024-05-26', 1, 0),
(968, 826, 31, 97, 2, 0, 13, 0, 0, '2021-08-03', '2023-08-18', 1, 0),
(969, 155, 39, 75, 1, 0, 18, 0, 1, '2021-06-10', '2024-02-22', 1, 1),
(970, 863, 159, 22, 4, 0, 8, 1, 0, '2020-08-15', '2023-08-21', 0, 0),
(971, 54, 104, 14, 7, 0, 17, 1, 0, '2021-08-21', '2023-09-12', 1, 1),
(972, 263, 193, 43, 6, 0, 8, 0, 1, '2020-09-17', '2023-09-08', 1, 0),
(973, 249, 152, 55, 7, 0, 18, 1, 1, '2020-04-22', '2024-02-04', 0, 1),
(974, 996, 166, 22, 1, 0, 9, 1, 0, '2021-10-03', '2023-12-25', 0, 1),
(975, 509, 33, 49, 6, 0, 13, 0, 0, '2020-02-08', '2024-04-21', 1, 1),
(976, 822, 21, 34, 5, 1, 8, 0, 1, '2019-12-29', '2024-02-23', 0, 1),
(977, 953, 194, 93, 7, 1, 17, 0, 0, '2021-01-17', '2023-08-20', 0, 1),
(978, 621, 132, 96, 6, 1, 17, 0, 1, '2021-09-08', '2024-04-02', 1, 0),
(979, 249, 157, 6, 4, 1, 14, 1, 0, '2019-11-23', '2023-12-31', 0, 0),
(980, 810, 179, 42, 6, 1, 11, 0, 0, '2020-06-26', '2024-05-26', 1, 1),
(981, 730, 194, 69, 8, 1, 17, 1, 0, '2021-07-26', '2024-01-20', 1, 0),
(982, 159, 85, 69, 3, 1, 17, 0, 1, '2020-04-05', '2023-09-25', 0, 0),
(983, 417, 11, 71, 4, 1, 17, 0, 0, '2021-12-09', '2024-05-18', 1, 0),
(984, 909, 121, 28, 6, 1, 13, 0, 0, '2021-09-08', '2023-12-23', 0, 0),
(985, 146, 65, 29, 5, 1, 14, 1, 1, '2021-03-08', '2023-10-10', 0, 1),
(986, 374, 167, 50, 7, 0, 13, 1, 0, '2021-02-13', '2023-12-26', 1, 1),
(987, 895, 2, 87, 2, 0, 16, 0, 1, '2020-02-28', '2024-02-06', 0, 1),
(988, 576, 170, 56, 2, 0, 16, 0, 1, '2021-12-01', '2024-04-28', 1, 1),
(989, 83, 150, 90, 1, 1, 15, 1, 0, '2019-12-20', '2023-12-17', 1, 0),
(990, 935, 26, 51, 8, 0, 13, 0, 0, '2019-12-30', '2023-11-01', 0, 1),
(991, 580, 49, 69, 4, 0, 14, 1, 1, '2021-01-30', '2024-03-08', 0, 1),
(992, 654, 31, 79, 7, 1, 13, 0, 1, '2020-05-10', '2023-08-28', 1, 1),
(993, 372, 195, 57, 5, 1, 18, 1, 0, '2020-09-24', '2023-10-17', 0, 0),
(994, 955, 4, 10, 2, 1, 10, 1, 0, '2020-12-13', '2024-06-02', 1, 0),
(995, 184, 92, 39, 8, 1, 16, 0, 1, '2021-08-31', '2024-07-10', 1, 0),
(996, 472, 90, 4, 2, 0, 15, 0, 1, '2020-10-04', '2024-03-14', 0, 0),
(997, 67, 26, 55, 1, 0, 11, 0, 1, '2021-11-01', '2024-05-01', 0, 1),
(998, 169, 123, 38, 4, 0, 15, 1, 0, '2020-04-05', '2024-03-16', 0, 1),
(999, 98, 63, 94, 7, 0, 11, 0, 0, '2021-05-07', '2024-01-25', 0, 0),
(1000, 570, 179, 75, 2, 0, 11, 0, 1, '2020-06-22', '2024-04-26', 0, 0);

-- --------------------------------------------------------

--
-- Table structure for table `gestion_ressources`
--

CREATE TABLE `gestion_ressources` (
  `id_Gestion_des_Ressources` int(11) DEFAULT NULL,
  `nombre_vaccin_disponible` int(11) DEFAULT NULL,
  `marque_ressource_materielle` varchar(8) DEFAULT NULL,
  `ressource_materielle_commandees` int(11) DEFAULT NULL,
  `ressource_materielle_deteriorees` int(11) DEFAULT NULL,
  `id_vaccin` int(11) DEFAULT NULL,
  `id_materiel_hospitalier` int(11) DEFAULT NULL,
  `ressource_materielle_disponibles` int(11) DEFAULT NULL
) ENGINE=InnoDB DEFAULT CHARSET=utf8;

--
-- Dumping data for table `gestion_ressources`
--

INSERT INTO `gestion_ressources` (`id_Gestion_des_Ressources`, `nombre_vaccin_disponible`, `marque_ressource_materielle`, `ressource_materielle_commandees`, `ressource_materielle_deteriorees`, `id_vaccin`, `id_materiel_hospitalier`, `ressource_materielle_disponibles`) VALUES
(1, 0, 'SAMSUNG', 0, 1, 1, 80, 0),
(2, 1, 'MOTOROLA', 0, 1, 8, 427, 0),
(3, 1, 'HUAWEI', 0, 1, 6, 551, 0),
(4, 0, 'LG', 0, 1, 9, 85, 0),
(5, 0, 'HP', 1, 0, 2, 9, 0),
(6, 1, 'HUAWEI', 1, 1, 11, 415, 1),
(7, 0, 'MOTOROLA', 0, 0, 1, 175, 1),
(8, 1, 'HP', 1, 1, 8, 302, 1),
(9, 1, 'SAMSUNG', 0, 0, 4, 462, 0),
(10, 1, 'HUAWEI', 0, 1, 1, 728, 1),
(11, 1, 'HP', 1, 1, 1, 837, 0),
(12, 1, 'LG', 1, 0, 11, 396, 1),
(13, 1, 'HP', 0, 1, 1, 144, 0),
(14, 1, 'HUAWEI', 0, 1, 3, 456, 1),
(15, 0, 'HP', 1, 1, 5, 934, 0),
(16, 1, 'MOTOROLA', 0, 1, 6, 126, 0),
(17, 1, 'MOTOROLA', 0, 0, 4, 517, 1),
(18, 1, 'HP', 0, 0, 1, 235, 1),
(19, 1, 'HP', 0, 1, 5, 337, 1),
(20, 0, 'LG', 1, 1, 5, 92, 0),
(21, 0, 'MOTOROLA', 0, 1, 5, 512, 0),
(22, 1, 'MOTOROLA', 1, 1, 1, 633, 1),
(23, 0, 'HUAWEI', 1, 0, 1, 910, 0),
(24, 0, 'HP', 1, 1, 6, 79, 0),
(25, 0, 'LG', 0, 0, 8, 944, 1),
(26, 1, 'LG', 0, 1, 6, 993, 0),
(27, 1, 'MOTOROLA', 0, 1, 9, 223, 0),
(28, 0, 'LG', 1, 0, 7, 271, 0),
(29, 1, 'SAMSUNG', 1, 1, 4, 512, 0),
(30, 1, 'SAMSUNG', 0, 0, 11, 217, 0),
(31, 1, 'LG', 1, 0, 5, 129, 0),
(32, 0, 'SAMSUNG', 0, 0, 9, 477, 0),
(33, 1, 'MOTOROLA', 0, 1, 7, 993, 1),
(34, 1, 'HP', 1, 1, 7, 531, 1),
(35, 1, 'SAMSUNG', 0, 1, 9, 622, 1),
(36, 1, 'HUAWEI', 1, 1, 6, 518, 1),
(37, 0, 'HP', 0, 0, 1, 657, 1),
(38, 1, 'HP', 1, 0, 3, 37, 1),
(39, 0, 'HP', 1, 1, 3, 125, 0),
(40, 1, 'SAMSUNG', 0, 1, 2, 847, 1),
(41, 0, 'HP', 1, 0, 8, 895, 1),
(42, 1, 'HP', 1, 1, 7, 466, 1),
(43, 0, 'LG', 1, 1, 11, 419, 1),
(44, 1, 'MOTOROLA', 0, 0, 10, 395, 1),
(45, 0, 'HUAWEI', 1, 1, 10, 865, 1),
(46, 1, 'LG', 1, 0, 9, 702, 1),
(47, 0, 'MOTOROLA', 1, 1, 2, 440, 0),
(48, 1, 'HUAWEI', 1, 1, 2, 15, 0),
(49, 0, 'HUAWEI', 1, 1, 4, 76, 1),
(50, 0, 'SAMSUNG', 0, 1, 8, 975, 1),
(51, 0, 'SAMSUNG', 0, 0, 10, 299, 0),
(52, 0, 'MOTOROLA', 1, 1, 5, 386, 1),
(53, 1, 'MOTOROLA', 0, 1, 3, 34, 0),
(54, 0, 'SAMSUNG', 0, 1, 7, 718, 0),
(55, 0, 'HUAWEI', 0, 0, 7, 21, 0),
(56, 0, 'HP', 1, 1, 2, 58, 1),
(57, 1, 'MOTOROLA', 0, 0, 9, 183, 0),
(58, 0, 'HUAWEI', 0, 0, 8, 309, 1),
(59, 0, 'HP', 0, 0, 6, 425, 0),
(60, 1, 'MOTOROLA', 0, 0, 11, 902, 1),
(61, 1, 'LG', 0, 1, 10, 965, 1),
(62, 0, 'SAMSUNG', 1, 0, 5, 451, 0),
(63, 1, 'HP', 0, 1, 4, 767, 0),
(64, 1, 'SAMSUNG', 1, 1, 8, 306, 0),
(65, 0, 'HP', 1, 1, 5, 308, 0),
(66, 0, 'MOTOROLA', 1, 1, 11, 595, 0),
(67, 1, 'SAMSUNG', 1, 1, 3, 942, 1),
(68, 0, 'MOTOROLA', 0, 1, 2, 683, 0),
(69, 0, 'SAMSUNG', 1, 0, 10, 42, 0),
(70, 1, 'SAMSUNG', 1, 0, 5, 496, 1),
(71, 0, 'SAMSUNG', 1, 0, 11, 554, 0),
(72, 1, 'MOTOROLA', 0, 1, 9, 95, 1),
(73, 1, 'LG', 1, 0, 7, 568, 1),
(74, 1, 'SAMSUNG', 1, 0, 2, 502, 1),
(75, 0, 'HP', 1, 0, 3, 594, 1),
(76, 1, 'MOTOROLA', 0, 1, 11, 136, 1),
(77, 0, 'HUAWEI', 0, 0, 1, 754, 1),
(78, 1, 'SAMSUNG', 1, 1, 10, 192, 1),
(79, 1, 'LG', 0, 0, 11, 964, 0),
(80, 0, 'SAMSUNG', 0, 1, 2, 551, 1),
(81, 0, 'MOTOROLA', 0, 0, 4, 96, 1),
(82, 0, 'MOTOROLA', 0, 1, 6, 526, 1),
(83, 0, 'HUAWEI', 0, 0, 11, 700, 1),
(84, 1, 'LG', 0, 1, 3, 741, 1),
(85, 1, 'HUAWEI', 1, 1, 7, 450, 0),
(86, 0, 'LG', 1, 1, 6, 983, 0),
(87, 0, 'SAMSUNG', 1, 0, 11, 485, 0),
(88, 0, 'HUAWEI', 1, 1, 5, 479, 0),
(89, 0, 'HP', 0, 0, 3, 748, 0),
(90, 1, 'HP', 0, 0, 9, 350, 0),
(91, 1, 'HP', 0, 1, 7, 978, 0),
(92, 0, 'SAMSUNG', 0, 1, 9, 580, 1),
(93, 1, 'SAMSUNG', 1, 1, 7, 11, 0),
(94, 0, 'HP', 1, 0, 10, 888, 1),
(95, 1, 'HP', 0, 1, 2, 720, 1),
(96, 1, 'HUAWEI', 0, 0, 11, 710, 1),
(97, 1, 'LG', 0, 1, 4, 443, 1),
(98, 1, 'HP', 1, 1, 4, 317, 1),
(99, 0, 'HUAWEI', 1, 0, 3, 606, 1),
(100, 1, 'LG', 1, 0, 10, 61, 1),
(101, 0, 'SAMSUNG', 1, 1, 6, 877, 1),
(102, 1, 'HP', 1, 1, 3, 150, 0),
(103, 0, 'SAMSUNG', 1, 1, 8, 584, 1),
(104, 0, 'MOTOROLA', 0, 1, 8, 752, 0),
(105, 0, 'MOTOROLA', 1, 1, 5, 181, 0),
(106, 0, 'HUAWEI', 0, 0, 10, 142, 1),
(107, 1, 'HP', 1, 0, 7, 480, 1),
(108, 1, 'SAMSUNG', 1, 1, 9, 600, 0),
(109, 1, 'HUAWEI', 1, 1, 3, 963, 1),
(110, 0, 'SAMSUNG', 1, 0, 1, 115, 1),
(111, 1, 'LG', 0, 0, 11, 702, 1),
(112, 0, 'MOTOROLA', 1, 1, 3, 421, 0),
(113, 0, 'HUAWEI', 0, 0, 5, 549, 1),
(114, 0, 'LG', 0, 1, 6, 865, 0),
(115, 1, 'SAMSUNG', 1, 0, 11, 196, 0),
(116, 0, 'MOTOROLA', 0, 1, 11, 690, 1),
(117, 0, 'HUAWEI', 0, 0, 6, 314, 0),
(118, 1, 'HP', 0, 1, 3, 253, 1),
(119, 1, 'SAMSUNG', 0, 0, 11, 126, 1),
(120, 0, 'SAMSUNG', 0, 0, 8, 619, 1),
(121, 1, 'SAMSUNG', 0, 0, 11, 12, 1),
(122, 1, 'HP', 1, 0, 2, 939, 1),
(123, 1, 'SAMSUNG', 0, 1, 3, 316, 1),
(124, 0, 'LG', 1, 1, 2, 870, 1),
(125, 1, 'HP', 0, 0, 1, 38, 1),
(126, 1, 'HP', 1, 1, 2, 117, 1),
(127, 0, 'HUAWEI', 1, 1, 7, 964, 0),
(128, 1, 'MOTOROLA', 1, 1, 9, 942, 0),
(129, 0, 'HUAWEI', 1, 0, 6, 452, 1),
(130, 1, 'SAMSUNG', 1, 0, 2, 330, 0),
(131, 1, 'SAMSUNG', 1, 1, 2, 691, 0),
(132, 0, 'LG', 0, 1, 5, 295, 0),
(133, 0, 'HUAWEI', 0, 1, 7, 33, 1),
(134, 1, 'HP', 0, 0, 5, 93, 1),
(135, 0, 'HUAWEI', 1, 0, 2, 395, 1),
(136, 1, 'MOTOROLA', 1, 0, 1, 298, 0),
(137, 1, 'SAMSUNG', 0, 0, 8, 912, 0),
(138, 0, 'SAMSUNG', 0, 0, 9, 596, 0),
(139, 0, 'HP', 1, 1, 10, 785, 1),
(140, 0, 'HP', 0, 0, 11, 337, 0),
(141, 0, 'MOTOROLA', 0, 0, 6, 108, 0),
(142, 1, 'HUAWEI', 0, 0, 10, 793, 1),
(143, 1, 'LG', 0, 1, 3, 92, 0),
(144, 0, 'HP', 0, 1, 5, 10, 1),
(145, 0, 'LG', 0, 1, 8, 883, 0),
(146, 1, 'HUAWEI', 1, 1, 5, 981, 0),
(147, 0, 'HP', 0, 0, 6, 162, 0),
(148, 0, 'SAMSUNG', 1, 0, 9, 542, 1),
(149, 0, 'HP', 1, 1, 5, 947, 0),
(150, 1, 'LG', 1, 1, 10, 966, 1),
(151, 0, 'LG', 0, 1, 9, 496, 0),
(152, 1, 'MOTOROLA', 1, 1, 3, 291, 1),
(153, 0, 'SAMSUNG', 1, 0, 7, 335, 0),
(154, 1, 'MOTOROLA', 1, 0, 11, 14, 1),
(155, 1, 'HUAWEI', 0, 0, 11, 930, 0),
(156, 0, 'SAMSUNG', 1, 1, 7, 186, 0),
(157, 0, 'HP', 0, 1, 3, 576, 0),
(158, 1, 'HUAWEI', 1, 1, 7, 695, 0),
(159, 1, 'SAMSUNG', 0, 0, 3, 242, 0),
(160, 1, 'MOTOROLA', 0, 0, 11, 327, 1),
(161, 1, 'HP', 0, 1, 6, 242, 0),
(162, 1, 'HP', 1, 1, 5, 783, 1),
(163, 1, 'SAMSUNG', 1, 1, 3, 368, 1),
(164, 0, 'MOTOROLA', 0, 0, 9, 822, 1),
(165, 1, 'HP', 1, 1, 8, 749, 0),
(166, 1, 'HP', 0, 0, 10, 38, 1),
(167, 1, 'HP', 1, 1, 3, 686, 1),
(168, 0, 'SAMSUNG', 1, 1, 7, 502, 1),
(169, 1, 'HUAWEI', 1, 1, 7, 41, 0),
(170, 1, 'SAMSUNG', 1, 0, 3, 796, 0),
(171, 0, 'LG', 1, 1, 1, 229, 0),
(172, 1, 'MOTOROLA', 1, 1, 5, 846, 0),
(173, 1, 'LG', 1, 0, 6, 302, 1),
(174, 0, 'HP', 0, 0, 9, 965, 0),
(175, 0, 'SAMSUNG', 0, 0, 4, 730, 0),
(176, 0, 'HUAWEI', 0, 0, 5, 788, 0),
(177, 0, 'LG', 1, 1, 5, 995, 1),
(178, 1, 'HP', 0, 0, 9, 91, 1),
(179, 1, 'SAMSUNG', 0, 0, 5, 337, 1),
(180, 1, 'HP', 1, 1, 7, 177, 0),
(181, 1, 'HP', 0, 0, 9, 965, 0),
(182, 1, 'HUAWEI', 0, 0, 4, 273, 1),
(183, 0, 'SAMSUNG', 0, 0, 8, 895, 1),
(184, 1, 'LG', 0, 0, 7, 210, 1),
(185, 0, 'HP', 0, 1, 5, 632, 1),
(186, 1, 'HP', 0, 0, 9, 318, 1),
(187, 0, 'MOTOROLA', 1, 0, 9, 622, 0),
(188, 0, 'MOTOROLA', 0, 1, 11, 101, 0),
(189, 1, 'HP', 0, 0, 3, 722, 0),
(190, 1, 'SAMSUNG', 1, 1, 6, 24, 0),
(191, 0, 'LG', 0, 1, 11, 925, 1),
(192, 1, 'HP', 0, 0, 9, 511, 1),
(193, 0, 'HP', 0, 1, 9, 1000, 1),
(194, 0, 'LG', 1, 1, 3, 914, 0),
(195, 1, 'LG', 1, 0, 4, 165, 0),
(196, 1, 'HP', 1, 0, 7, 831, 0),
(197, 0, 'HUAWEI', 1, 0, 6, 715, 1),
(198, 1, 'HP', 1, 0, 6, 810, 1),
(199, 1, 'MOTOROLA', 0, 0, 4, 287, 0),
(200, 0, 'HUAWEI', 0, 0, 8, 221, 1),
(201, 0, 'HUAWEI', 0, 0, 4, 573, 1),
(202, 0, 'MOTOROLA', 1, 0, 5, 615, 1),
(203, 0, 'LG', 0, 1, 9, 172, 0),
(204, 0, 'HP', 0, 1, 3, 615, 1),
(205, 1, 'LG', 1, 0, 7, 862, 0),
(206, 0, 'HP', 1, 1, 7, 924, 1),
(207, 0, 'HP', 0, 0, 1, 595, 1),
(208, 0, 'SAMSUNG', 1, 1, 9, 183, 0),
(209, 1, 'HP', 0, 0, 10, 316, 1),
(210, 1, 'MOTOROLA', 0, 1, 2, 918, 1),
(211, 1, 'LG', 0, 0, 7, 585, 1),
(212, 0, 'HP', 1, 1, 3, 465, 0),
(213, 1, 'MOTOROLA', 1, 0, 11, 877, 1),
(214, 1, 'HUAWEI', 1, 0, 4, 439, 0),
(215, 0, 'MOTOROLA', 0, 1, 2, 593, 0),
(216, 1, 'SAMSUNG', 0, 0, 10, 845, 0),
(217, 0, 'LG', 0, 0, 1, 76, 0),
(218, 0, 'HUAWEI', 0, 1, 1, 118, 0),
(219, 1, 'LG', 0, 1, 7, 877, 0),
(220, 0, 'HP', 0, 1, 2, 117, 0),
(221, 1, 'LG', 0, 0, 2, 886, 1),
(222, 0, 'MOTOROLA', 1, 1, 11, 662, 0),
(223, 0, 'MOTOROLA', 1, 0, 5, 862, 0),
(224, 0, 'MOTOROLA', 0, 0, 4, 137, 0),
(225, 0, 'MOTOROLA', 1, 0, 4, 465, 1),
(226, 0, 'HUAWEI', 0, 1, 6, 368, 1),
(227, 0, 'MOTOROLA', 1, 1, 5, 122, 0),
(228, 1, 'SAMSUNG', 1, 1, 4, 942, 1),
(229, 1, 'LG', 1, 1, 4, 147, 0),
(230, 0, 'MOTOROLA', 1, 1, 3, 632, 1),
(231, 1, 'MOTOROLA', 0, 1, 4, 766, 0),
(232, 0, 'HUAWEI', 0, 1, 1, 615, 1),
(233, 1, 'LG', 0, 0, 5, 550, 1),
(234, 0, 'LG', 0, 1, 11, 671, 0),
(235, 0, 'HUAWEI', 1, 0, 2, 775, 1),
(236, 1, 'SAMSUNG', 1, 0, 4, 462, 0),
(237, 1, 'LG', 0, 0, 6, 803, 1),
(238, 0, 'SAMSUNG', 1, 0, 8, 488, 0),
(239, 1, 'LG', 1, 0, 5, 732, 0),
(240, 0, 'SAMSUNG', 0, 1, 2, 177, 1),
(241, 0, 'SAMSUNG', 0, 1, 9, 48, 0),
(242, 1, 'LG', 1, 1, 11, 612, 0),
(243, 0, 'HP', 1, 0, 1, 290, 1),
(244, 0, 'HP', 0, 1, 9, 978, 1),
(245, 0, 'HP', 0, 0, 11, 758, 0),
(246, 1, 'LG', 0, 0, 2, 509, 1),
(247, 1, 'HP', 0, 1, 1, 271, 0),
(248, 0, 'MOTOROLA', 1, 0, 7, 202, 0),
(249, 0, 'MOTOROLA', 1, 0, 6, 806, 1),
(250, 0, 'LG', 1, 0, 5, 511, 0),
(251, 0, 'HUAWEI', 0, 1, 2, 6, 0),
(252, 1, 'SAMSUNG', 0, 1, 2, 233, 1),
(253, 1, 'HP', 1, 1, 8, 658, 1),
(254, 1, 'HUAWEI', 1, 0, 2, 401, 1),
(255, 1, 'MOTOROLA', 1, 1, 8, 629, 0),
(256, 1, 'SAMSUNG', 1, 0, 2, 556, 1),
(257, 0, 'HP', 0, 0, 10, 840, 0),
(258, 0, 'HUAWEI', 0, 1, 2, 518, 1),
(259, 1, 'HP', 1, 0, 5, 241, 0),
(260, 0, 'HUAWEI', 1, 0, 11, 974, 1),
(261, 0, 'MOTOROLA', 0, 0, 6, 892, 1),
(262, 0, 'LG', 1, 0, 2, 848, 1),
(263, 1, 'SAMSUNG', 1, 1, 6, 978, 1),
(264, 1, 'MOTOROLA', 1, 1, 9, 505, 1),
(265, 0, 'HP', 1, 1, 5, 455, 1),
(266, 1, 'SAMSUNG', 0, 0, 7, 292, 0),
(267, 1, 'HP', 0, 0, 9, 67, 0),
(268, 1, 'MOTOROLA', 0, 0, 7, 282, 1),
(269, 1, 'SAMSUNG', 0, 0, 9, 254, 0),
(270, 1, 'LG', 1, 0, 3, 834, 1),
(271, 1, 'HP', 0, 1, 4, 62, 1),
(272, 1, 'SAMSUNG', 0, 1, 8, 716, 0),
(273, 1, 'MOTOROLA', 0, 1, 2, 503, 0),
(274, 0, 'HUAWEI', 0, 1, 4, 89, 1),
(275, 1, 'MOTOROLA', 0, 0, 6, 650, 0),
(276, 0, 'MOTOROLA', 1, 0, 1, 422, 1),
(277, 1, 'HUAWEI', 1, 1, 5, 785, 0),
(278, 1, 'MOTOROLA', 0, 0, 8, 310, 1),
(279, 1, 'SAMSUNG', 1, 1, 7, 549, 0),
(280, 0, 'LG', 0, 0, 7, 952, 1),
(281, 1, 'MOTOROLA', 1, 1, 5, 244, 1),
(282, 1, 'HP', 1, 1, 9, 349, 1),
(283, 1, 'SAMSUNG', 1, 1, 7, 83, 0),
(284, 0, 'SAMSUNG', 0, 0, 10, 278, 0),
(285, 1, 'LG', 0, 1, 10, 814, 0),
(286, 0, 'HP', 1, 0, 6, 723, 0),
(287, 0, 'SAMSUNG', 1, 0, 4, 644, 1),
(288, 0, 'MOTOROLA', 0, 0, 7, 678, 0),
(289, 0, 'HUAWEI', 0, 1, 9, 364, 0),
(290, 1, 'HP', 0, 0, 4, 920, 0),
(291, 1, 'HP', 0, 1, 2, 590, 0),
(292, 0, 'LG', 1, 1, 7, 114, 1),
(293, 0, 'HUAWEI', 1, 1, 11, 523, 0),
(294, 0, 'MOTOROLA', 0, 0, 11, 999, 0),
(295, 1, 'SAMSUNG', 0, 1, 11, 550, 1),
(296, 1, 'MOTOROLA', 1, 1, 5, 365, 0),
(297, 0, 'HUAWEI', 1, 1, 9, 552, 0),
(298, 1, 'HUAWEI', 1, 1, 10, 396, 1),
(299, 1, 'HP', 0, 0, 9, 67, 0),
(300, 1, 'LG', 0, 1, 1, 789, 1),
(301, 1, 'HP', 0, 1, 8, 675, 1),
(302, 1, 'SAMSUNG', 0, 0, 2, 696, 1),
(303, 0, 'HUAWEI', 0, 1, 3, 379, 0),
(304, 0, 'LG', 1, 0, 6, 601, 0),
(305, 0, 'SAMSUNG', 0, 1, 5, 737, 1),
(306, 1, 'MOTOROLA', 1, 0, 9, 488, 0),
(307, 1, 'HP', 0, 0, 1, 370, 1),
(308, 1, 'LG', 0, 1, 4, 397, 0),
(309, 1, 'SAMSUNG', 0, 0, 7, 961, 0),
(310, 1, 'SAMSUNG', 0, 1, 7, 607, 1),
(311, 0, 'SAMSUNG', 0, 1, 11, 518, 0),
(312, 1, 'MOTOROLA', 0, 0, 6, 267, 0),
(313, 0, 'SAMSUNG', 0, 1, 4, 406, 1),
(314, 0, 'MOTOROLA', 0, 1, 1, 308, 0),
(315, 1, 'MOTOROLA', 1, 0, 11, 516, 1),
(316, 0, 'SAMSUNG', 0, 1, 7, 492, 0),
(317, 1, 'HUAWEI', 1, 1, 2, 874, 0),
(318, 0, 'MOTOROLA', 0, 1, 8, 687, 0),
(319, 0, 'HUAWEI', 1, 0, 9, 785, 0),
(320, 1, 'HP', 0, 1, 11, 135, 0),
(321, 1, 'HUAWEI', 1, 0, 6, 292, 0),
(322, 0, 'LG', 1, 1, 9, 770, 1),
(323, 1, 'SAMSUNG', 1, 0, 10, 830, 1),
(324, 1, 'LG', 0, 0, 5, 273, 0),
(325, 0, 'MOTOROLA', 1, 1, 4, 321, 0),
(326, 0, 'HP', 0, 0, 1, 800, 0),
(327, 1, 'SAMSUNG', 0, 0, 2, 467, 1),
(328, 1, 'SAMSUNG', 0, 1, 3, 273, 0),
(329, 1, 'MOTOROLA', 0, 0, 2, 681, 1),
(330, 0, 'HUAWEI', 1, 1, 3, 25, 0),
(331, 1, 'LG', 1, 0, 8, 357, 0),
(332, 0, 'SAMSUNG', 1, 1, 10, 941, 0),
(333, 1, 'MOTOROLA', 0, 1, 5, 822, 1),
(334, 1, 'LG', 0, 0, 6, 323, 1),
(335, 0, 'SAMSUNG', 1, 1, 9, 984, 0),
(336, 0, 'HUAWEI', 1, 1, 5, 118, 0),
(337, 0, 'HP', 0, 1, 8, 923, 0),
(338, 0, 'HP', 0, 0, 6, 420, 0),
(339, 1, 'HP', 0, 1, 6, 875, 1),
(340, 1, 'MOTOROLA', 1, 0, 10, 222, 0),
(341, 1, 'SAMSUNG', 0, 0, 6, 321, 1),
(342, 1, 'MOTOROLA', 1, 1, 7, 697, 1),
(343, 0, 'HP', 0, 0, 9, 375, 1),
(344, 0, 'LG', 0, 1, 3, 472, 1),
(345, 1, 'HP', 0, 0, 11, 84, 1),
(346, 0, 'MOTOROLA', 0, 0, 5, 992, 0),
(347, 0, 'HUAWEI', 1, 1, 3, 964, 1),
(348, 0, 'SAMSUNG', 0, 1, 3, 833, 1),
(349, 1, 'SAMSUNG', 1, 0, 1, 832, 0),
(350, 1, 'LG', 1, 1, 4, 140, 0),
(351, 0, 'HP', 1, 0, 8, 317, 0),
(352, 0, 'SAMSUNG', 0, 0, 11, 764, 1),
(353, 1, 'MOTOROLA', 0, 1, 10, 894, 1),
(354, 0, 'LG', 1, 0, 9, 447, 0),
(355, 0, 'HUAWEI', 0, 0, 3, 365, 0),
(356, 0, 'HUAWEI', 1, 1, 7, 561, 1),
(357, 1, 'HUAWEI', 0, 0, 6, 722, 0),
(358, 0, 'SAMSUNG', 1, 0, 3, 391, 0),
(359, 1, 'MOTOROLA', 0, 1, 9, 540, 0),
(360, 1, 'HUAWEI', 1, 0, 11, 415, 1),
(361, 0, 'SAMSUNG', 1, 1, 2, 396, 1),
(362, 1, 'LG', 1, 1, 8, 372, 0),
(363, 0, 'HP', 1, 0, 11, 859, 0),
(364, 1, 'LG', 0, 0, 1, 956, 1),
(365, 0, 'SAMSUNG', 1, 0, 6, 904, 1),
(366, 1, 'MOTOROLA', 0, 0, 4, 336, 0),
(367, 0, 'HP', 0, 1, 5, 235, 0),
(368, 1, 'HP', 0, 1, 3, 471, 0),
(369, 0, 'LG', 1, 1, 10, 473, 1),
(370, 0, 'HUAWEI', 1, 1, 6, 309, 1),
(371, 1, 'HUAWEI', 0, 0, 4, 440, 1),
(372, 1, 'HUAWEI', 0, 0, 10, 921, 1),
(373, 0, 'MOTOROLA', 1, 1, 3, 121, 1),
(374, 0, 'HP', 0, 0, 3, 705, 1),
(375, 1, 'HUAWEI', 1, 1, 11, 625, 0),
(376, 1, 'HP', 1, 0, 1, 20, 0),
(377, 0, 'HP', 1, 0, 1, 639, 1),
(378, 1, 'SAMSUNG', 1, 1, 8, 215, 1),
(379, 0, 'HP', 1, 1, 6, 880, 1),
(380, 1, 'MOTOROLA', 0, 1, 3, 617, 0),
(381, 0, 'LG', 1, 1, 1, 631, 1),
(382, 0, 'MOTOROLA', 1, 0, 3, 810, 0),
(383, 0, 'HUAWEI', 0, 0, 9, 783, 0),
(384, 1, 'MOTOROLA', 1, 0, 5, 684, 1),
(385, 1, 'LG', 0, 0, 2, 976, 1),
(386, 1, 'HUAWEI', 1, 1, 3, 528, 0),
(387, 1, 'SAMSUNG', 0, 1, 7, 358, 1),
(388, 0, 'LG', 1, 0, 5, 244, 0),
(389, 1, 'HUAWEI', 0, 0, 2, 22, 1),
(390, 0, 'LG', 1, 1, 3, 361, 0),
(391, 1, 'SAMSUNG', 1, 1, 9, 140, 0),
(392, 1, 'LG', 1, 1, 1, 155, 1),
(393, 1, 'LG', 1, 0, 6, 927, 1),
(394, 0, 'SAMSUNG', 0, 0, 2, 487, 1),
(395, 1, 'HP', 0, 1, 9, 163, 0),
(396, 1, 'HUAWEI', 1, 0, 5, 598, 1),
(397, 0, 'MOTOROLA', 0, 1, 8, 199, 1),
(398, 0, 'MOTOROLA', 0, 1, 2, 294, 0),
(399, 1, 'HP', 1, 1, 7, 127, 1),
(400, 1, 'SAMSUNG', 1, 1, 6, 475, 0),
(401, 1, 'HP', 1, 0, 3, 295, 0),
(402, 1, 'HP', 0, 0, 11, 526, 0),
(403, 0, 'LG', 0, 1, 3, 327, 0),
(404, 0, 'HP', 0, 1, 6, 98, 0),
(405, 0, 'HP', 0, 1, 4, 545, 0),
(406, 0, 'HUAWEI', 1, 0, 1, 351, 1),
(407, 0, 'LG', 1, 1, 8, 924, 0),
(408, 1, 'LG', 0, 1, 7, 13, 1),
(409, 1, 'HP', 0, 0, 1, 837, 0),
(410, 0, 'HP', 0, 1, 4, 717, 0),
(411, 1, 'MOTOROLA', 1, 1, 6, 451, 0),
(412, 0, 'LG', 0, 0, 3, 890, 1),
(413, 1, 'HP', 0, 1, 8, 729, 1),
(414, 1, 'SAMSUNG', 0, 1, 4, 708, 1),
(415, 0, 'HP', 0, 1, 7, 472, 0),
(416, 0, 'LG', 0, 0, 5, 432, 0),
(417, 1, 'SAMSUNG', 0, 0, 7, 390, 1),
(418, 1, 'HP', 1, 1, 3, 829, 0),
(419, 0, 'LG', 0, 0, 3, 605, 0),
(420, 0, 'SAMSUNG', 1, 0, 2, 510, 0),
(421, 0, 'MOTOROLA', 1, 1, 6, 857, 0),
(422, 0, 'SAMSUNG', 1, 1, 7, 134, 1),
(423, 0, 'MOTOROLA', 1, 0, 5, 362, 0),
(424, 0, 'LG', 0, 1, 6, 314, 1),
(425, 0, 'LG', 1, 0, 5, 741, 1),
(426, 1, 'LG', 1, 0, 8, 973, 0),
(427, 1, 'MOTOROLA', 1, 1, 4, 641, 1),
(428, 1, 'HUAWEI', 0, 0, 8, 148, 1),
(429, 0, 'SAMSUNG', 0, 0, 4, 497, 0),
(430, 1, 'HUAWEI', 1, 0, 4, 659, 0),
(431, 1, 'HUAWEI', 0, 1, 10, 934, 1),
(432, 1, 'SAMSUNG', 0, 1, 3, 38, 1),
(433, 1, 'SAMSUNG', 0, 1, 10, 545, 1),
(434, 0, 'HUAWEI', 0, 1, 2, 504, 1),
(435, 1, 'SAMSUNG', 0, 1, 3, 523, 1),
(436, 0, 'SAMSUNG', 1, 1, 8, 707, 1),
(437, 0, 'LG', 1, 1, 7, 592, 1),
(438, 1, 'LG', 1, 0, 4, 283, 0),
(439, 0, 'HP', 0, 1, 4, 303, 1),
(440, 1, 'HUAWEI', 1, 1, 7, 174, 0),
(441, 0, 'HUAWEI', 1, 0, 6, 888, 1),
(442, 0, 'LG', 1, 1, 11, 867, 1),
(443, 0, 'HUAWEI', 0, 0, 4, 227, 0),
(444, 1, 'SAMSUNG', 1, 1, 1, 83, 0),
(445, 0, 'HP', 1, 1, 9, 910, 0),
(446, 0, 'HUAWEI', 1, 0, 11, 852, 1),
(447, 0, 'LG', 1, 0, 7, 956, 1),
(448, 0, 'MOTOROLA', 0, 0, 8, 150, 1),
(449, 1, 'LG', 0, 0, 1, 932, 0),
(450, 0, 'HP', 0, 0, 11, 539, 1),
(451, 0, 'HP', 1, 1, 1, 185, 0),
(452, 1, 'HP', 1, 1, 1, 225, 0),
(453, 0, 'HUAWEI', 1, 1, 6, 346, 1),
(454, 1, 'LG', 1, 1, 6, 759, 0),
(455, 1, 'MOTOROLA', 1, 0, 11, 911, 1),
(456, 0, 'SAMSUNG', 0, 0, 3, 283, 1),
(457, 0, 'MOTOROLA', 0, 1, 11, 213, 0),
(458, 0, 'MOTOROLA', 0, 1, 5, 612, 0),
(459, 1, 'SAMSUNG', 1, 1, 3, 626, 1),
(460, 0, 'MOTOROLA', 1, 1, 11, 579, 0),
(461, 1, 'HUAWEI', 1, 0, 10, 603, 0),
(462, 1, 'MOTOROLA', 1, 1, 9, 476, 0),
(463, 1, 'SAMSUNG', 1, 0, 3, 456, 1),
(464, 0, 'HUAWEI', 0, 1, 8, 810, 1),
(465, 1, 'MOTOROLA', 1, 0, 8, 557, 0),
(466, 0, 'SAMSUNG', 1, 0, 7, 264, 1),
(467, 0, 'HUAWEI', 1, 0, 4, 354, 0),
(468, 0, 'MOTOROLA', 1, 0, 4, 452, 0),
(469, 1, 'SAMSUNG', 1, 0, 6, 127, 0),
(470, 0, 'LG', 1, 1, 9, 271, 1),
(471, 1, 'HP', 1, 0, 7, 828, 0),
(472, 0, 'LG', 0, 1, 8, 382, 0),
(473, 0, 'HP', 0, 0, 4, 923, 1),
(474, 0, 'MOTOROLA', 0, 0, 11, 390, 0),
(475, 1, 'LG', 0, 1, 10, 629, 1),
(476, 0, 'SAMSUNG', 1, 0, 6, 339, 1),
(477, 1, 'HUAWEI', 1, 0, 10, 569, 1),
(478, 0, 'HP', 0, 1, 9, 617, 0),
(479, 1, 'LG', 0, 1, 4, 340, 0),
(480, 1, 'HUAWEI', 1, 0, 9, 997, 0),
(481, 1, 'HUAWEI', 1, 1, 1, 72, 0),
(482, 0, 'HUAWEI', 1, 0, 10, 319, 0),
(483, 1, 'HP', 0, 0, 7, 280, 0),
(484, 0, 'HP', 1, 0, 2, 129, 1),
(485, 0, 'HUAWEI', 1, 0, 1, 212, 1),
(486, 1, 'HP', 1, 0, 1, 970, 0),
(487, 1, 'MOTOROLA', 1, 1, 1, 356, 0),
(488, 1, 'LG', 0, 1, 2, 860, 1),
(489, 1, 'LG', 1, 0, 9, 375, 0),
(490, 0, 'LG', 0, 0, 8, 552, 0),
(491, 0, 'HUAWEI', 0, 0, 6, 347, 1),
(492, 0, 'LG', 1, 0, 8, 495, 0),
(493, 1, 'MOTOROLA', 0, 1, 6, 504, 0),
(494, 0, 'MOTOROLA', 1, 1, 11, 646, 0),
(495, 1, 'HP', 0, 1, 11, 290, 0),
(496, 1, 'MOTOROLA', 0, 1, 7, 734, 0),
(497, 0, 'SAMSUNG', 1, 0, 5, 736, 0),
(498, 0, 'HUAWEI', 1, 1, 1, 845, 0),
(499, 0, 'HUAWEI', 0, 1, 4, 889, 1),
(500, 1, 'LG', 0, 1, 11, 520, 0),
(501, 0, 'MOTOROLA', 1, 1, 1, 694, 0),
(502, 1, 'MOTOROLA', 0, 0, 9, 446, 1),
(503, 0, 'MOTOROLA', 1, 1, 11, 728, 1),
(504, 1, 'HUAWEI', 0, 0, 11, 93, 1),
(505, 0, 'HUAWEI', 1, 1, 8, 261, 1),
(506, 0, 'HUAWEI', 1, 0, 7, 921, 1),
(507, 1, 'HP', 1, 1, 1, 248, 1),
(508, 1, 'MOTOROLA', 1, 1, 9, 500, 1),
(509, 1, 'HUAWEI', 0, 1, 1, 358, 0),
(510, 1, 'SAMSUNG', 0, 1, 10, 277, 1),
(511, 0, 'SAMSUNG', 1, 0, 4, 593, 1),
(512, 1, 'LG', 1, 0, 7, 519, 0),
(513, 1, 'SAMSUNG', 0, 1, 9, 664, 0),
(514, 1, 'SAMSUNG', 1, 0, 4, 4, 0),
(515, 1, 'HP', 0, 0, 9, 164, 1),
(516, 1, 'HP', 1, 0, 6, 459, 0),
(517, 1, 'HUAWEI', 1, 0, 2, 326, 0),
(518, 1, 'SAMSUNG', 0, 0, 11, 768, 0),
(519, 1, 'LG', 1, 0, 4, 601, 1),
(520, 0, 'HP', 1, 0, 6, 543, 1),
(521, 0, 'LG', 0, 0, 11, 59, 1),
(522, 1, 'HP', 1, 1, 10, 607, 0),
(523, 1, 'HUAWEI', 1, 1, 10, 763, 0),
(524, 0, 'MOTOROLA', 1, 0, 1, 958, 1),
(525, 1, 'SAMSUNG', 1, 0, 6, 622, 1),
(526, 0, 'SAMSUNG', 1, 1, 6, 874, 0),
(527, 1, 'HUAWEI', 0, 1, 2, 590, 1),
(528, 0, 'HP', 1, 0, 11, 19, 0),
(529, 0, 'LG', 0, 1, 3, 34, 0),
(530, 0, 'MOTOROLA', 1, 0, 4, 795, 0),
(531, 0, 'HP', 1, 0, 4, 887, 0),
(532, 0, 'SAMSUNG', 1, 1, 8, 564, 1),
(533, 1, 'HUAWEI', 0, 0, 5, 304, 1),
(534, 0, 'LG', 0, 0, 3, 76, 0),
(535, 1, 'SAMSUNG', 0, 1, 7, 395, 0),
(536, 1, 'MOTOROLA', 1, 1, 7, 552, 1),
(537, 0, 'SAMSUNG', 0, 0, 1, 242, 0),
(538, 1, 'MOTOROLA', 0, 1, 5, 413, 1),
(539, 0, 'SAMSUNG', 0, 0, 3, 480, 1),
(540, 1, 'HUAWEI', 0, 1, 7, 725, 1),
(541, 0, 'HUAWEI', 0, 0, 10, 765, 1),
(542, 0, 'MOTOROLA', 1, 0, 3, 738, 1),
(543, 1, 'HP', 0, 0, 4, 981, 0),
(544, 1, 'SAMSUNG', 1, 0, 5, 843, 1),
(545, 0, 'SAMSUNG', 1, 1, 10, 110, 0),
(546, 1, 'SAMSUNG', 1, 0, 11, 186, 1),
(547, 0, 'SAMSUNG', 1, 1, 11, 206, 1),
(548, 1, 'LG', 0, 0, 2, 471, 0),
(549, 1, 'SAMSUNG', 0, 1, 6, 979, 1),
(550, 0, 'HP', 0, 1, 10, 143, 0),
(551, 0, 'HUAWEI', 0, 0, 5, 93, 1),
(552, 1, 'LG', 1, 0, 6, 467, 1),
(553, 1, 'SAMSUNG', 1, 1, 6, 603, 1),
(554, 0, 'SAMSUNG', 1, 0, 3, 321, 1),
(555, 1, 'HP', 1, 0, 3, 252, 1),
(556, 0, 'SAMSUNG', 1, 0, 4, 632, 0),
(557, 1, 'MOTOROLA', 1, 0, 4, 792, 0),
(558, 1, 'HP', 1, 0, 1, 968, 1),
(559, 1, 'HP', 0, 0, 6, 760, 0),
(560, 1, 'HUAWEI', 1, 0, 6, 908, 1),
(561, 0, 'HUAWEI', 1, 0, 5, 589, 0),
(562, 0, 'MOTOROLA', 0, 1, 9, 574, 1),
(563, 0, 'HP', 0, 0, 9, 793, 1),
(564, 1, 'SAMSUNG', 1, 1, 4, 48, 0),
(565, 1, 'SAMSUNG', 0, 1, 11, 620, 1),
(566, 0, 'MOTOROLA', 1, 0, 3, 781, 0),
(567, 1, 'MOTOROLA', 1, 1, 10, 605, 1),
(568, 0, 'HUAWEI', 1, 1, 3, 332, 1),
(569, 1, 'SAMSUNG', 1, 0, 10, 177, 0),
(570, 0, 'SAMSUNG', 1, 0, 4, 977, 1),
(571, 1, 'SAMSUNG', 0, 0, 2, 647, 0),
(572, 1, 'SAMSUNG', 1, 0, 11, 828, 1),
(573, 1, 'HP', 1, 1, 5, 75, 1),
(574, 0, 'HP', 1, 0, 6, 200, 1),
(575, 1, 'MOTOROLA', 1, 0, 11, 478, 1),
(576, 1, 'HUAWEI', 1, 0, 5, 174, 1),
(577, 1, 'SAMSUNG', 1, 0, 10, 869, 0),
(578, 1, 'MOTOROLA', 1, 0, 7, 729, 1),
(579, 0, 'LG', 1, 0, 7, 407, 0),
(580, 0, 'MOTOROLA', 1, 0, 3, 354, 1),
(581, 1, 'LG', 0, 1, 7, 131, 1),
(582, 1, 'MOTOROLA', 0, 0, 1, 704, 0),
(583, 1, 'MOTOROLA', 0, 1, 2, 18, 1),
(584, 0, 'SAMSUNG', 1, 1, 3, 587, 0),
(585, 1, 'SAMSUNG', 0, 1, 5, 474, 1),
(586, 1, 'LG', 0, 0, 2, 667, 1),
(587, 0, 'SAMSUNG', 0, 0, 8, 810, 0),
(588, 0, 'SAMSUNG', 1, 1, 9, 130, 1),
(589, 1, 'HUAWEI', 0, 1, 2, 108, 1),
(590, 1, 'HUAWEI', 1, 1, 3, 668, 0),
(591, 0, 'SAMSUNG', 0, 0, 1, 673, 1),
(592, 0, 'HUAWEI', 1, 1, 2, 968, 1),
(593, 1, 'HP', 0, 1, 3, 979, 0),
(594, 0, 'SAMSUNG', 0, 0, 10, 30, 1),
(595, 0, 'MOTOROLA', 1, 0, 3, 997, 1),
(596, 0, 'SAMSUNG', 1, 1, 7, 513, 0),
(597, 1, 'MOTOROLA', 1, 0, 10, 605, 0),
(598, 1, 'HP', 0, 0, 10, 744, 0),
(599, 1, 'MOTOROLA', 0, 0, 5, 384, 1),
(600, 1, 'SAMSUNG', 1, 0, 11, 87, 0),
(601, 0, 'SAMSUNG', 0, 1, 2, 560, 1),
(602, 1, 'SAMSUNG', 1, 1, 10, 32, 0),
(603, 0, 'HP', 0, 1, 6, 883, 0),
(604, 1, 'LG', 0, 1, 1, 45, 1),
(605, 0, 'HP', 1, 1, 5, 335, 0),
(606, 1, 'LG', 0, 1, 1, 121, 1),
(607, 1, 'HP', 1, 0, 10, 384, 0),
(608, 1, 'SAMSUNG', 1, 1, 11, 742, 1),
(609, 1, 'MOTOROLA', 1, 1, 7, 766, 1),
(610, 1, 'HP', 0, 0, 5, 669, 0),
(611, 0, 'SAMSUNG', 1, 0, 11, 678, 1),
(612, 0, 'SAMSUNG', 1, 1, 1, 561, 1),
(613, 0, 'HP', 0, 1, 3, 567, 0),
(614, 0, 'LG', 1, 1, 5, 942, 0),
(615, 1, 'HP', 0, 1, 11, 882, 1),
(616, 1, 'LG', 0, 0, 1, 408, 1),
(617, 0, 'LG', 0, 1, 8, 617, 1),
(618, 1, 'HUAWEI', 1, 0, 6, 304, 1),
(619, 1, 'HUAWEI', 0, 0, 7, 308, 1),
(620, 1, 'HP', 1, 1, 6, 191, 0),
(621, 0, 'MOTOROLA', 0, 1, 11, 774, 1),
(622, 1, 'HP', 0, 1, 8, 676, 0),
(623, 1, 'LG', 0, 0, 11, 418, 0),
(624, 1, 'MOTOROLA', 0, 0, 5, 664, 1),
(625, 0, 'LG', 0, 1, 10, 571, 0),
(626, 1, 'HUAWEI', 0, 1, 5, 505, 0),
(627, 1, 'HUAWEI', 1, 0, 7, 780, 0),
(628, 0, 'HUAWEI', 0, 0, 4, 215, 1),
(629, 1, 'MOTOROLA', 1, 1, 6, 915, 1),
(630, 0, 'MOTOROLA', 1, 1, 6, 604, 0),
(631, 1, 'SAMSUNG', 1, 0, 5, 444, 1),
(632, 1, 'HUAWEI', 1, 0, 2, 431, 1),
(633, 1, 'MOTOROLA', 1, 0, 7, 996, 1),
(634, 0, 'SAMSUNG', 1, 0, 4, 540, 1),
(635, 0, 'MOTOROLA', 0, 1, 4, 502, 1),
(636, 1, 'HUAWEI', 1, 1, 10, 434, 1),
(637, 0, 'LG', 0, 0, 10, 441, 1),
(638, 0, 'LG', 0, 1, 10, 130, 0),
(639, 1, 'HUAWEI', 1, 0, 2, 376, 1),
(640, 1, 'SAMSUNG', 1, 1, 11, 897, 1),
(641, 1, 'HUAWEI', 0, 0, 2, 344, 1),
(642, 0, 'MOTOROLA', 1, 1, 1, 915, 0),
(643, 0, 'LG', 1, 0, 9, 716, 0),
(644, 0, 'HP', 1, 0, 5, 922, 0),
(645, 0, 'SAMSUNG', 0, 0, 2, 333, 0),
(646, 0, 'SAMSUNG', 1, 0, 8, 487, 0),
(647, 1, 'MOTOROLA', 0, 0, 11, 995, 1),
(648, 0, 'MOTOROLA', 0, 1, 11, 846, 1),
(649, 0, 'MOTOROLA', 0, 1, 10, 283, 1),
(650, 0, 'HUAWEI', 1, 1, 3, 16, 1),
(651, 0, 'HUAWEI', 0, 0, 8, 364, 1),
(652, 0, 'LG', 1, 1, 11, 927, 0),
(653, 0, 'SAMSUNG', 0, 0, 7, 266, 1),
(654, 0, 'LG', 1, 0, 3, 603, 0),
(655, 0, 'LG', 1, 0, 5, 558, 0),
(656, 1, 'LG', 0, 0, 1, 278, 1),
(657, 1, 'HUAWEI', 1, 1, 6, 579, 0),
(658, 0, 'HP', 1, 1, 6, 533, 0),
(659, 0, 'SAMSUNG', 1, 1, 9, 844, 0),
(660, 1, 'HP', 0, 0, 11, 476, 1),
(661, 0, 'SAMSUNG', 1, 1, 1, 318, 1),
(662, 1, 'HUAWEI', 1, 0, 6, 243, 1),
(663, 0, 'HP', 0, 0, 2, 887, 1),
(664, 0, 'MOTOROLA', 1, 0, 8, 365, 0),
(665, 1, 'HUAWEI', 1, 0, 9, 388, 1),
(666, 0, 'LG', 1, 1, 1, 845, 0),
(667, 0, 'SAMSUNG', 0, 0, 5, 207, 0),
(668, 0, 'HP', 1, 1, 2, 69, 1),
(669, 1, 'SAMSUNG', 0, 0, 6, 768, 1),
(670, 1, 'HUAWEI', 0, 1, 4, 569, 0),
(671, 0, 'MOTOROLA', 0, 0, 10, 473, 0),
(672, 1, 'SAMSUNG', 1, 1, 11, 422, 0),
(673, 1, 'MOTOROLA', 0, 0, 10, 498, 1),
(674, 0, 'HP', 0, 0, 10, 807, 0),
(675, 0, 'SAMSUNG', 0, 0, 2, 925, 0),
(676, 1, 'MOTOROLA', 0, 1, 3, 63, 1),
(677, 1, 'HP', 1, 0, 1, 984, 1),
(678, 0, 'MOTOROLA', 1, 1, 4, 69, 0),
(679, 1, 'HUAWEI', 1, 0, 1, 315, 0),
(680, 1, 'MOTOROLA', 0, 0, 8, 343, 0),
(681, 0, 'HP', 0, 0, 5, 624, 1),
(682, 0, 'LG', 1, 0, 6, 133, 1),
(683, 0, 'HUAWEI', 1, 1, 7, 580, 1),
(684, 1, 'HP', 1, 1, 2, 593, 1),
(685, 0, 'HP', 0, 1, 4, 278, 0),
(686, 1, 'SAMSUNG', 0, 0, 9, 343, 0),
(687, 1, 'HP', 1, 0, 3, 501, 1),
(688, 0, 'LG', 1, 1, 10, 127, 0),
(689, 0, 'HUAWEI', 1, 0, 9, 531, 1),
(690, 0, 'HUAWEI', 1, 0, 3, 281, 1),
(691, 0, 'LG', 1, 1, 1, 51, 1),
(692, 0, 'HP', 1, 0, 10, 662, 1),
(693, 0, 'HP', 0, 0, 2, 747, 1),
(694, 1, 'SAMSUNG', 1, 0, 8, 934, 1),
(695, 1, 'MOTOROLA', 1, 0, 5, 631, 1),
(696, 1, 'MOTOROLA', 1, 0, 7, 991, 1),
(697, 1, 'HP', 1, 0, 10, 387, 0),
(698, 1, 'LG', 0, 1, 1, 659, 0),
(699, 0, 'HP', 0, 0, 7, 959, 0),
(700, 0, 'HP', 1, 1, 9, 300, 0),
(701, 0, 'MOTOROLA', 1, 0, 3, 72, 1),
(702, 0, 'LG', 1, 1, 4, 145, 0),
(703, 1, 'LG', 1, 1, 9, 649, 0),
(704, 0, 'HP', 0, 0, 6, 34, 1),
(705, 1, 'MOTOROLA', 0, 1, 3, 451, 1),
(706, 0, 'HP', 1, 1, 10, 627, 0),
(707, 0, 'HUAWEI', 0, 0, 11, 39, 1),
(708, 0, 'LG', 0, 0, 11, 830, 0),
(709, 1, 'MOTOROLA', 1, 1, 5, 888, 1),
(710, 0, 'SAMSUNG', 1, 1, 4, 941, 0),
(711, 1, 'LG', 0, 1, 11, 904, 1),
(712, 0, 'MOTOROLA', 1, 0, 1, 875, 0),
(713, 1, 'HP', 1, 1, 8, 208, 0),
(714, 0, 'HUAWEI', 1, 0, 7, 557, 1),
(715, 0, 'HP', 0, 1, 7, 826, 0),
(716, 1, 'LG', 0, 0, 6, 756, 1),
(717, 1, 'HP', 0, 0, 8, 912, 1),
(718, 1, 'MOTOROLA', 1, 1, 5, 678, 1),
(719, 1, 'HUAWEI', 0, 1, 1, 866, 0),
(720, 1, 'SAMSUNG', 1, 1, 8, 67, 0),
(721, 1, 'HUAWEI', 0, 1, 3, 610, 1),
(722, 0, 'HUAWEI', 0, 1, 8, 459, 1),
(723, 0, 'SAMSUNG', 1, 0, 5, 125, 1),
(724, 0, 'LG', 0, 0, 10, 689, 1),
(725, 0, 'SAMSUNG', 0, 1, 11, 405, 0),
(726, 1, 'SAMSUNG', 0, 1, 6, 43, 1),
(727, 0, 'HUAWEI', 0, 0, 9, 645, 1),
(728, 0, 'HP', 0, 0, 7, 471, 0),
(729, 1, 'HUAWEI', 1, 0, 5, 909, 0),
(730, 0, 'HUAWEI', 0, 0, 4, 939, 0),
(731, 0, 'HP', 0, 1, 8, 448, 0),
(732, 1, 'HP', 1, 0, 1, 66, 0),
(733, 1, 'HUAWEI', 0, 1, 6, 142, 0),
(734, 0, 'LG', 1, 1, 9, 901, 1),
(735, 1, 'HUAWEI', 1, 0, 8, 164, 0),
(736, 0, 'MOTOROLA', 0, 0, 4, 280, 0),
(737, 1, 'SAMSUNG', 0, 1, 6, 925, 1),
(738, 1, 'MOTOROLA', 0, 1, 7, 781, 1),
(739, 0, 'MOTOROLA', 0, 1, 9, 777, 1),
(740, 0, 'MOTOROLA', 0, 0, 4, 819, 0),
(741, 1, 'MOTOROLA', 0, 1, 2, 171, 1),
(742, 0, 'HUAWEI', 0, 1, 3, 810, 1),
(743, 1, 'LG', 0, 0, 4, 667, 1),
(744, 0, 'LG', 0, 1, 11, 372, 0),
(745, 1, 'HUAWEI', 0, 1, 5, 712, 0),
(746, 1, 'SAMSUNG', 0, 0, 8, 613, 0),
(747, 1, 'HP', 0, 1, 2, 941, 0),
(748, 0, 'LG', 0, 0, 9, 751, 0),
(749, 0, 'HP', 1, 1, 3, 309, 0),
(750, 1, 'HUAWEI', 1, 0, 6, 265, 0),
(751, 0, 'MOTOROLA', 0, 0, 9, 450, 0),
(752, 0, 'LG', 0, 0, 1, 567, 0),
(753, 0, 'HP', 0, 1, 7, 977, 0),
(754, 1, 'SAMSUNG', 1, 1, 8, 541, 1),
(755, 0, 'LG', 1, 1, 9, 37, 1),
(756, 1, 'HP', 1, 0, 4, 631, 0),
(757, 1, 'HUAWEI', 1, 1, 9, 923, 1),
(758, 0, 'MOTOROLA', 1, 0, 4, 233, 1),
(759, 1, 'HP', 0, 1, 5, 605, 1),
(760, 0, 'HP', 1, 1, 6, 195, 0),
(761, 1, 'MOTOROLA', 1, 0, 2, 683, 1),
(762, 1, 'MOTOROLA', 0, 0, 10, 656, 1),
(763, 1, 'MOTOROLA', 0, 1, 8, 941, 0),
(764, 1, 'HP', 1, 1, 2, 834, 0),
(765, 0, 'HP', 1, 0, 6, 976, 0),
(766, 0, 'MOTOROLA', 0, 1, 7, 209, 0),
(767, 0, 'SAMSUNG', 0, 1, 6, 652, 1),
(768, 1, 'HUAWEI', 1, 1, 10, 12, 0),
(769, 1, 'HUAWEI', 0, 1, 4, 660, 1),
(770, 1, 'HP', 0, 0, 11, 696, 0),
(771, 0, 'HUAWEI', 1, 0, 1, 243, 0),
(772, 0, 'HUAWEI', 0, 0, 2, 702, 0),
(773, 0, 'HUAWEI', 0, 1, 8, 792, 0),
(774, 1, 'MOTOROLA', 0, 0, 4, 639, 0),
(775, 1, 'MOTOROLA', 1, 1, 3, 541, 0),
(776, 0, 'HUAWEI', 0, 0, 9, 768, 0),
(777, 1, 'LG', 0, 1, 5, 491, 1),
(778, 1, 'LG', 1, 0, 11, 968, 0),
(779, 1, 'MOTOROLA', 0, 1, 7, 668, 1),
(780, 1, 'HP', 1, 0, 8, 642, 1),
(781, 1, 'LG', 1, 0, 10, 707, 1),
(782, 1, 'SAMSUNG', 1, 0, 4, 49, 0),
(783, 1, 'SAMSUNG', 0, 0, 3, 630, 0),
(784, 0, 'SAMSUNG', 1, 0, 2, 888, 1),
(785, 0, 'HP', 1, 0, 4, 108, 1),
(786, 1, 'LG', 0, 1, 8, 498, 0),
(787, 0, 'HP', 1, 0, 8, 318, 0),
(788, 0, 'SAMSUNG', 1, 1, 4, 128, 0),
(789, 0, 'LG', 1, 1, 9, 812, 0),
(790, 1, 'LG', 1, 1, 11, 460, 1),
(791, 1, 'HUAWEI', 1, 0, 10, 457, 1),
(792, 0, 'HUAWEI', 1, 1, 1, 150, 0),
(793, 1, 'LG', 1, 1, 11, 273, 1),
(794, 0, 'LG', 1, 1, 6, 743, 1),
(795, 1, 'MOTOROLA', 1, 1, 4, 589, 0),
(796, 1, 'HP', 1, 0, 11, 865, 1),
(797, 1, 'MOTOROLA', 0, 1, 7, 30, 1),
(798, 0, 'HUAWEI', 0, 1, 8, 713, 0),
(799, 1, 'MOTOROLA', 1, 0, 11, 846, 1),
(800, 1, 'MOTOROLA', 0, 0, 9, 305, 0),
(801, 1, 'MOTOROLA', 1, 1, 5, 436, 0),
(802, 0, 'LG', 0, 0, 8, 758, 1),
(803, 1, 'SAMSUNG', 0, 1, 6, 13, 1),
(804, 1, 'HUAWEI', 1, 0, 7, 833, 1),
(805, 1, 'SAMSUNG', 1, 1, 9, 999, 0),
(806, 1, 'HUAWEI', 0, 0, 6, 663, 1),
(807, 0, 'MOTOROLA', 0, 0, 11, 646, 1),
(808, 1, 'MOTOROLA', 1, 0, 1, 842, 1),
(809, 0, 'MOTOROLA', 1, 0, 1, 582, 1),
(810, 1, 'SAMSUNG', 0, 0, 2, 444, 1),
(811, 1, 'LG', 1, 0, 5, 666, 0),
(812, 0, 'LG', 0, 0, 9, 384, 0),
(813, 0, 'LG', 0, 1, 2, 924, 0),
(814, 1, 'LG', 1, 1, 11, 966, 0),
(815, 0, 'LG', 0, 1, 2, 666, 1),
(816, 1, 'HP', 1, 1, 7, 796, 1),
(817, 1, 'HP', 1, 0, 3, 604, 1),
(818, 1, 'MOTOROLA', 0, 1, 3, 238, 1),
(819, 0, 'LG', 0, 0, 2, 290, 0),
(820, 1, 'SAMSUNG', 0, 1, 2, 340, 1),
(821, 0, 'SAMSUNG', 0, 0, 3, 685, 0),
(822, 0, 'LG', 1, 0, 5, 684, 0),
(823, 0, 'HP', 0, 1, 9, 990, 0),
(824, 0, 'SAMSUNG', 1, 0, 10, 621, 1),
(825, 1, 'HP', 1, 0, 11, 701, 1),
(826, 0, 'HP', 0, 1, 3, 889, 1),
(827, 0, 'SAMSUNG', 0, 1, 1, 296, 1),
(828, 1, 'HP', 0, 0, 7, 130, 0),
(829, 1, 'MOTOROLA', 0, 1, 7, 98, 0),
(830, 0, 'HUAWEI', 0, 1, 11, 856, 1),
(831, 1, 'LG', 0, 1, 7, 288, 0),
(832, 1, 'HP', 1, 0, 10, 858, 0),
(833, 0, 'SAMSUNG', 0, 1, 7, 56, 0),
(834, 1, 'SAMSUNG', 1, 1, 9, 514, 1),
(835, 0, 'HP', 0, 1, 8, 926, 0),
(836, 0, 'SAMSUNG', 0, 0, 2, 318, 0),
(837, 0, 'MOTOROLA', 1, 1, 8, 877, 0),
(838, 0, 'LG', 0, 0, 7, 813, 1),
(839, 0, 'LG', 0, 1, 6, 996, 0),
(840, 1, 'MOTOROLA', 0, 0, 7, 43, 1),
(841, 0, 'MOTOROLA', 1, 1, 6, 998, 0),
(842, 1, 'HP', 1, 0, 5, 968, 0),
(843, 1, 'HP', 0, 1, 7, 170, 0),
(844, 0, 'HP', 0, 1, 6, 203, 0),
(845, 0, 'HUAWEI', 1, 1, 4, 890, 1),
(846, 0, 'MOTOROLA', 1, 1, 10, 235, 1),
(847, 1, 'HP', 1, 0, 2, 372, 1),
(848, 0, 'SAMSUNG', 0, 0, 9, 598, 0),
(849, 0, 'HP', 1, 1, 5, 519, 1),
(850, 0, 'HUAWEI', 1, 1, 1, 728, 0),
(851, 1, 'SAMSUNG', 0, 1, 10, 100, 0),
(852, 0, 'SAMSUNG', 1, 0, 11, 181, 0),
(853, 1, 'LG', 1, 0, 10, 984, 0),
(854, 0, 'HUAWEI', 0, 0, 11, 825, 0),
(855, 1, 'HUAWEI', 0, 0, 2, 281, 0),
(856, 0, 'HUAWEI', 1, 0, 8, 90, 1),
(857, 1, 'MOTOROLA', 1, 0, 6, 667, 0),
(858, 1, 'SAMSUNG', 1, 0, 8, 666, 0),
(859, 0, 'HP', 1, 0, 1, 103, 1),
(860, 1, 'HP', 0, 1, 3, 979, 1),
(861, 0, 'HUAWEI', 0, 1, 7, 515, 0),
(862, 0, 'LG', 1, 0, 9, 801, 1),
(863, 0, 'LG', 1, 1, 5, 45, 0),
(864, 0, 'LG', 0, 1, 3, 244, 1),
(865, 1, 'HUAWEI', 0, 0, 1, 64, 0),
(866, 1, 'HP', 1, 0, 1, 363, 0),
(867, 1, 'MOTOROLA', 0, 1, 1, 478, 0),
(868, 1, 'HUAWEI', 0, 0, 11, 328, 0),
(869, 0, 'SAMSUNG', 0, 1, 11, 545, 1),
(870, 0, 'HUAWEI', 1, 0, 10, 256, 0),
(871, 0, 'HP', 1, 1, 8, 70, 1),
(872, 1, 'HP', 1, 1, 9, 399, 1),
(873, 0, 'LG', 0, 0, 6, 116, 0),
(874, 0, 'SAMSUNG', 1, 1, 7, 158, 1),
(875, 1, 'HUAWEI', 0, 1, 6, 856, 1),
(876, 0, 'HP', 1, 0, 1, 881, 1),
(877, 0, 'HUAWEI', 1, 0, 10, 398, 1),
(878, 0, 'SAMSUNG', 1, 0, 5, 959, 0),
(879, 0, 'LG', 0, 0, 6, 404, 1),
(880, 0, 'SAMSUNG', 1, 0, 6, 116, 1),
(881, 0, 'LG', 0, 0, 2, 89, 0),
(882, 0, 'HP', 0, 1, 3, 574, 1),
(883, 0, 'MOTOROLA', 1, 1, 11, 848, 1),
(884, 0, 'MOTOROLA', 0, 0, 4, 341, 1),
(885, 0, 'LG', 0, 1, 10, 335, 0),
(886, 0, 'LG', 1, 1, 9, 514, 1),
(887, 1, 'LG', 1, 0, 5, 507, 0),
(888, 1, 'LG', 1, 1, 4, 418, 0),
(889, 0, 'MOTOROLA', 0, 0, 4, 87, 0),
(890, 0, 'LG', 1, 1, 2, 379, 1),
(891, 1, 'HP', 1, 1, 7, 9, 0),
(892, 1, 'HUAWEI', 0, 1, 10, 449, 0),
(893, 0, 'MOTOROLA', 1, 1, 10, 541, 0),
(894, 0, 'MOTOROLA', 1, 0, 3, 311, 0),
(895, 1, 'HUAWEI', 0, 1, 8, 796, 1),
(896, 1, 'SAMSUNG', 0, 1, 11, 72, 1),
(897, 1, 'SAMSUNG', 0, 1, 9, 929, 0),
(898, 1, 'MOTOROLA', 0, 0, 3, 718, 1),
(899, 1, 'MOTOROLA', 0, 0, 5, 496, 0),
(900, 1, 'HP', 0, 1, 5, 181, 0),
(901, 0, 'SAMSUNG', 1, 0, 4, 657, 0),
(902, 1, 'SAMSUNG', 0, 1, 2, 888, 0),
(903, 0, 'MOTOROLA', 0, 0, 11, 66, 0),
(904, 0, 'MOTOROLA', 1, 1, 5, 552, 0),
(905, 1, 'LG', 0, 1, 6, 955, 1),
(906, 1, 'SAMSUNG', 1, 0, 11, 301, 0),
(907, 0, 'SAMSUNG', 1, 1, 1, 201, 0),
(908, 1, 'HP', 0, 1, 8, 847, 1),
(909, 1, 'MOTOROLA', 0, 0, 8, 657, 0),
(910, 0, 'HP', 0, 0, 1, 723, 1),
(911, 0, 'HP', 1, 1, 2, 455, 1),
(912, 0, 'MOTOROLA', 0, 0, 2, 602, 0),
(913, 0, 'HUAWEI', 0, 0, 7, 892, 1),
(914, 0, 'LG', 1, 0, 7, 627, 0),
(915, 1, 'HUAWEI', 1, 0, 6, 165, 1),
(916, 0, 'SAMSUNG', 0, 0, 8, 162, 1),
(917, 1, 'SAMSUNG', 0, 0, 7, 503, 0),
(918, 0, 'LG', 0, 1, 9, 636, 0),
(919, 0, 'SAMSUNG', 0, 1, 1, 460, 1),
(920, 1, 'LG', 0, 0, 9, 831, 0),
(921, 0, 'HUAWEI', 0, 1, 2, 422, 1),
(922, 0, 'HP', 1, 0, 3, 216, 1),
(923, 0, 'HP', 1, 1, 2, 928, 1),
(924, 1, 'SAMSUNG', 1, 0, 6, 800, 1),
(925, 1, 'HUAWEI', 0, 0, 6, 906, 0),
(926, 1, 'LG', 1, 1, 7, 485, 0),
(927, 0, 'LG', 0, 1, 7, 877, 0),
(928, 1, 'HUAWEI', 0, 1, 11, 858, 1),
(929, 0, 'MOTOROLA', 1, 0, 5, 653, 1),
(930, 0, 'HP', 0, 0, 5, 288, 0),
(931, 0, 'LG', 0, 0, 4, 973, 1),
(932, 0, 'LG', 1, 0, 9, 395, 1),
(933, 0, 'LG', 1, 0, 5, 16, 1),
(934, 1, 'SAMSUNG', 0, 0, 11, 206, 0),
(935, 0, 'HUAWEI', 0, 0, 11, 464, 1),
(936, 1, 'LG', 0, 0, 2, 297, 0),
(937, 1, 'SAMSUNG', 1, 1, 10, 322, 1),
(938, 1, 'HP', 0, 0, 1, 858, 0),
(939, 1, 'HP', 0, 0, 7, 636, 0),
(940, 0, 'MOTOROLA', 1, 0, 8, 33, 0),
(941, 0, 'SAMSUNG', 1, 0, 8, 986, 0),
(942, 1, 'HUAWEI', 0, 0, 3, 613, 1),
(943, 1, 'SAMSUNG', 1, 0, 7, 819, 0),
(944, 0, 'HUAWEI', 0, 0, 8, 718, 1),
(945, 1, 'HP', 1, 1, 1, 837, 0),
(946, 0, 'HUAWEI', 1, 1, 9, 771, 1),
(947, 0, 'LG', 0, 1, 7, 636, 1),
(948, 0, 'HP', 1, 0, 11, 208, 0),
(949, 1, 'MOTOROLA', 0, 0, 5, 853, 1),
(950, 0, 'LG', 0, 0, 10, 841, 0),
(951, 0, 'HP', 0, 0, 6, 750, 0),
(952, 1, 'LG', 0, 0, 5, 977, 1),
(953, 0, 'LG', 0, 0, 4, 404, 1),
(954, 0, 'HP', 1, 0, 4, 411, 0),
(955, 1, 'SAMSUNG', 1, 0, 1, 124, 1),
(956, 1, 'SAMSUNG', 1, 0, 5, 13, 0),
(957, 0, 'HUAWEI', 0, 1, 8, 235, 0),
(958, 1, 'HUAWEI', 1, 1, 1, 735, 0),
(959, 0, 'HP', 0, 0, 11, 976, 1),
(960, 1, 'HUAWEI', 0, 0, 2, 795, 1),
(961, 1, 'HP', 1, 1, 7, 363, 0),
(962, 0, 'HP', 0, 1, 2, 737, 0),
(963, 0, 'MOTOROLA', 0, 1, 6, 250, 1),
(964, 0, 'SAMSUNG', 1, 1, 6, 566, 1),
(965, 1, 'LG', 1, 0, 2, 548, 1),
(966, 1, 'MOTOROLA', 0, 0, 5, 895, 0),
(967, 0, 'HUAWEI', 1, 1, 9, 386, 1),
(968, 1, 'SAMSUNG', 1, 0, 11, 833, 0),
(969, 0, 'SAMSUNG', 1, 0, 2, 397, 0),
(970, 0, 'SAMSUNG', 0, 0, 8, 759, 1),
(971, 0, 'HUAWEI', 1, 0, 2, 765, 0),
(972, 0, 'HP', 1, 1, 6, 895, 0),
(973, 0, 'MOTOROLA', 1, 1, 2, 606, 1),
(974, 1, 'HUAWEI', 1, 0, 6, 485, 1),
(975, 1, 'MOTOROLA', 1, 1, 7, 92, 0),
(976, 0, 'SAMSUNG', 1, 1, 11, 371, 1),
(977, 0, 'SAMSUNG', 0, 1, 6, 231, 0),
(978, 1, 'HP', 0, 0, 5, 637, 0),
(979, 1, 'HP', 1, 1, 11, 321, 1),
(980, 1, 'HUAWEI', 0, 0, 11, 429, 0),
(981, 1, 'MOTOROLA', 1, 1, 7, 667, 1),
(982, 0, 'MOTOROLA', 1, 1, 4, 688, 0),
(983, 1, 'MOTOROLA', 0, 1, 3, 651, 0),
(984, 0, 'HUAWEI', 1, 1, 5, 406, 1),
(985, 1, 'MOTOROLA', 0, 0, 7, 948, 0),
(986, 0, 'MOTOROLA', 1, 1, 7, 981, 0),
(987, 1, 'HUAWEI', 1, 0, 9, 430, 1),
(988, 1, 'LG', 0, 0, 5, 150, 1),
(989, 1, 'SAMSUNG', 1, 1, 2, 712, 1),
(990, 1, 'SAMSUNG', 0, 1, 8, 899, 1),
(991, 1, 'HP', 1, 0, 3, 264, 1),
(992, 0, 'SAMSUNG', 1, 0, 4, 301, 1),
(993, 1, 'HUAWEI', 1, 0, 8, 862, 0),
(994, 1, 'HP', 0, 0, 5, 646, 1),
(995, 0, 'HP', 0, 1, 5, 614, 0),
(996, 0, 'HP', 1, 1, 9, 916, 0),
(997, 1, 'SAMSUNG', 0, 0, 11, 33, 0),
(998, 0, 'HUAWEI', 0, 1, 10, 273, 1),
(999, 1, 'HP', 0, 1, 6, 365, 0),
(1000, 1, 'LG', 0, 1, 10, 876, 1);

-- --------------------------------------------------------

--
-- Table structure for table `materiel_hospitalier`
--

CREATE TABLE `materiel_hospitalier` (
  `id_Materiel` int(11) NOT NULL,
  `type` varchar(33) DEFAULT NULL,
  `garantie` date DEFAULT NULL,
  `etat_Materiel` int(11) DEFAULT NULL,
  `marque` varchar(7) DEFAULT NULL,
  `date_acquisition` date DEFAULT NULL,
  `id_centre_hospitalier` int(11) DEFAULT NULL
) ENGINE=InnoDB DEFAULT CHARSET=utf8;

--
-- Dumping data for table `materiel_hospitalier`
--

INSERT INTO `materiel_hospitalier` (`id_Materiel`, `type`, `garantie`, `etat_Materiel`, `marque`, `date_acquisition`, `id_centre_hospitalier`) VALUES
(1, 'Patient TV', '2014-11-20', 1, 'LG', '1998-08-13', 43),
(2, 'Hospital bed', '2000-11-20', 1, 'SAMSUNG', '2004-01-08', 39),
(3, 'Dialysis machine', '2004-08-13', 0, 'HP', '2001-04-22', 6),
(4, 'Infusion pump', '2013-12-19', 1, 'HUAWEI', '1996-11-24', 45),
(5, 'Parenteral nutrition equipment', '2002-01-29', 0, 'ACER', '2003-05-27', 28),
(6, 'Visitor chairs', '2007-10-30', 0, 'HP', '2009-03-18', 81),
(7, 'Patient TV', '2003-07-31', 0, 'HP', '2006-07-24', 70),
(8, 'Centrifuge', '2014-02-22', 1, 'ACER', '1998-08-30', 23),
(9, 'Personal protective equipment', '2020-03-07', 0, 'LG', '2006-02-07', 42),
(10, 'Wound care supplies', '2012-02-12', 1, 'LG', '2007-09-17', 26),
(11, 'IV infusion pump', '2001-12-30', 1, 'LG', '1992-07-27', 31),
(12, 'Blood analyzer', '2006-04-06', 0, 'SAMSUNG', '2018-01-29', 34),
(13, 'Surgical vacuum', '2018-08-10', 0, 'HUAWEI', '2014-07-23', 88),
(14, 'Microscope', '2001-03-18', 0, 'SAMSUNG', '1993-07-25', 13),
(15, 'Infectious waste containers', '2018-01-23', 1, 'HUAWEI', '2020-02-02', 88),
(16, 'Infusion pump', '2012-09-20', 1, 'LG', '1998-12-24', 53),
(17, 'Vital signs monitor', '2020-05-31', 1, 'LG', '2005-04-17', 84),
(18, 'Medical cart', '2007-05-17', 0, 'HUAWEI', '2007-03-19', 93),
(19, 'Parenteral nutrition equipment', '2014-07-07', 1, 'LG', '2014-05-06', 9),
(20, 'Infectious waste containers', '2014-09-07', 0, 'LG', '1992-04-24', 73),
(21, 'Blood analyzer', '2006-06-29', 1, 'HUAWEI', '2010-03-31', 60),
(22, 'Surveillance and security systems', '2003-08-20', 1, 'HP', '2008-04-27', 42),
(23, 'Personal protective equipment', '2007-09-14', 1, 'LG', '1993-10-18', 50),
(24, 'CT scanner', '2016-06-09', 1, 'ACER', '2004-03-28', 63),
(25, 'Infusion pump', '2001-05-10', 1, 'HUAWEI', '2003-01-08', 1),
(26, 'X-ray machine', '2001-10-11', 1, 'ACER', '1999-03-12', 51),
(27, 'Personal protective equipment', '2015-10-26', 0, 'LG', '2007-05-02', 6),
(28, 'Parenteral nutrition equipment', '2000-11-03', 1, 'ACER', '2005-02-16', 10),
(29, 'Ventilator', '2013-12-11', 0, 'LG', '1993-04-22', 81),
(30, 'Centrifuge', '2011-01-12', 0, 'SAMSUNG', '1996-04-26', 13),
(31, 'Vital signs monitor', '2017-11-29', 1, 'LG', '1993-06-28', 97),
(32, 'Defibrillator', '2010-05-18', 0, 'SAMSUNG', '2017-07-07', 48),
(33, 'X-ray machine', '2011-01-23', 1, 'HP', '2020-05-09', 96),
(34, 'Parenteral nutrition equipment', '2001-01-25', 0, 'HP', '2015-01-30', 88),
(35, 'Hospital bed', '2013-07-18', 1, 'ACER', '2017-04-20', 39),
(36, 'Surveillance and security systems', '2011-08-13', 1, 'HUAWEI', '2002-09-07', 45),
(37, 'Blood analyzer', '2018-08-23', 0, 'HP', '2017-10-18', 64),
(38, 'MRI scanner', '2014-11-25', 1, 'HUAWEI', '2003-07-09', 52),
(39, 'Wound care supplies', '2018-03-27', 1, 'LG', '2000-12-28', 56),
(40, 'Ultrasound machine', '2012-05-09', 0, 'SAMSUNG', '2001-02-09', 24),
(41, 'Surgical instruments', '2001-12-19', 1, 'HP', '2002-06-13', 53),
(42, 'Surveillance and security systems', '2018-03-21', 1, 'ACER', '2004-02-20', 6),
(43, 'Microscope', '2019-05-12', 0, 'SAMSUNG', '2001-06-21', 71),
(44, 'Patient TV', '2003-01-28', 0, 'HUAWEI', '2001-10-20', 77),
(45, 'Operating table', '2013-11-15', 1, 'ACER', '1994-05-29', 24),
(46, 'Ventilator', '2015-11-09', 0, 'ACER', '2018-10-21', 52),
(47, 'Temperature management equipment', '2005-09-22', 1, 'ACER', '1990-08-22', 53),
(48, 'Ultrasound machine', '2016-06-09', 1, 'ACER', '1995-08-22', 93),
(49, 'Medical cart', '2008-02-14', 0, 'HP', '2012-10-24', 17),
(50, 'Patient TV', '2014-04-01', 0, 'HUAWEI', '2003-03-13', 32),
(51, 'Temperature management equipment', '2007-10-03', 0, 'SAMSUNG', '1991-03-14', 60),
(52, 'Microscope', '2015-02-08', 1, 'HUAWEI', '2003-10-06', 14),
(53, 'Temperature management equipment', '2010-07-16', 1, 'LG', '2006-12-25', 83),
(54, 'Surgical light', '2009-09-08', 1, 'HP', '2013-06-28', 26),
(55, 'Hospital bed', '2017-12-31', 1, 'HP', '1991-01-03', 44),
(56, 'Personal protective equipment', '2009-10-05', 0, 'LG', '2016-03-16', 69),
(57, 'Pain management device', '2008-04-19', 1, 'SAMSUNG', '2007-10-08', 53),
(58, 'Microscope', '2016-12-25', 0, 'HP', '1995-04-26', 12),
(59, 'Microscope', '2018-09-29', 0, 'LG', '2016-03-17', 81),
(60, 'MRI scanner', '2015-08-17', 0, 'HUAWEI', '2010-02-12', 82),
(61, 'Dialysis machine', '2016-03-01', 0, 'ACER', '2018-06-17', 9),
(62, 'Operating table', '2015-11-01', 1, 'HUAWEI', '1995-01-10', 26),
(63, 'Parenteral nutrition equipment', '2008-05-14', 1, 'HUAWEI', '2016-10-25', 95),
(64, 'Vital signs monitor', '2001-08-03', 1, 'LG', '1991-11-22', 94),
(65, 'Surgical light', '2009-05-29', 1, 'HUAWEI', '2008-05-13', 94),
(66, 'Medical cart', '2016-03-25', 0, 'SAMSUNG', '2020-05-07', 10),
(67, 'MRI scanner', '2004-03-14', 0, 'ACER', '2010-08-04', 97),
(68, 'Surgical light', '2005-01-12', 0, 'ACER', '2007-02-24', 61),
(69, 'Defibrillator', '2001-07-02', 0, 'LG', '2011-11-08', 62),
(70, 'Infusion pump', '2004-02-14', 0, 'SAMSUNG', '1997-02-10', 86),
(71, 'Centrifuge', '2002-03-05', 1, 'SAMSUNG', '2002-11-10', 20),
(72, 'Dialysis machine', '2017-04-20', 1, 'SAMSUNG', '2005-06-25', 20),
(73, 'Defibrillator', '2010-07-19', 1, 'LG', '1992-07-19', 61),
(74, 'Patient TV', '2001-10-30', 1, 'ACER', '2010-07-15', 21),
(75, 'Visitor chairs', '2017-04-15', 1, 'ACER', '2002-08-21', 53),
(76, 'Surgical instruments', '2016-05-14', 1, 'SAMSUNG', '2010-06-23', 92),
(77, 'MRI scanner', '2004-02-09', 1, 'ACER', '1999-08-02', 10),
(78, 'Diagnostic testing equipment', '2016-03-13', 0, 'HUAWEI', '1992-08-28', 60),
(79, 'Hospital bed', '2008-05-05', 1, 'HP', '1992-10-23', 94),
(80, 'Hospital bed', '2016-11-04', 1, 'LG', '2018-07-23', 19),
(81, 'Hospital bed', '2017-06-24', 1, 'SAMSUNG', '2003-09-07', 26),
(82, 'Diagnostic testing equipment', '2018-03-21', 0, 'HUAWEI', '2014-01-06', 95),
(83, 'Defibrillator', '2016-04-15', 0, 'HUAWEI', '1991-11-20', 94),
(84, 'Biomedical waste disposal systems', '2002-02-07', 1, 'SAMSUNG', '1991-03-19', 93),
(85, 'Microscope', '2007-10-29', 1, 'LG', '2001-07-15', 63),
(86, 'Infusion pump', '2009-10-17', 1, 'ACER', '1994-01-16', 90),
(87, 'Ultrasound machine', '2001-03-07', 0, 'LG', '1999-05-01', 52),
(88, 'Surveillance and security systems', '2020-06-05', 1, 'ACER', '2009-08-28', 74),
(89, 'Defibrillator', '2007-09-08', 0, 'HUAWEI', '2011-08-03', 16),
(90, 'MRI scanner', '2017-03-31', 1, 'ACER', '2002-03-28', 84),
(91, 'Patient TV', '2011-06-22', 1, 'LG', '1997-12-11', 96),
(92, 'Infectious waste containers', '2018-08-31', 1, 'HP', '2014-12-19', 88),
(93, 'Infectious waste containers', '2009-06-13', 1, 'HP', '1993-10-25', 46),
(94, 'Ultrasound machine', '2001-12-07', 1, 'ACER', '2017-05-20', 3),
(95, 'Dialysis machine', '2014-12-22', 0, 'HP', '2020-03-08', 66),
(96, 'Pain management device', '2018-10-10', 1, 'SAMSUNG', '1993-03-23', 81),
(97, 'Personal protective equipment', '2004-03-18', 1, 'ACER', '2018-03-29', 39),
(98, 'Surveillance and security systems', '2017-10-17', 0, 'ACER', '2006-11-19', 59),
(99, 'Surgical light', '2014-11-08', 0, 'HUAWEI', '2003-05-10', 55),
(100, 'Pain management device', '2003-05-03', 1, 'LG', '2011-11-03', 27),
(101, 'Dialysis machine', '2018-09-18', 0, 'HUAWEI', '1995-04-14', 95),
(102, 'Medical cart', '2005-01-19', 0, 'LG', '2012-07-29', 62),
(103, 'Medical cart', '2015-04-15', 0, 'ACER', '1995-01-10', 97),
(104, 'MRI scanner', '2007-10-02', 1, 'ACER', '1996-11-08', 49),
(105, 'Diagnostic testing equipment', '2005-10-08', 0, 'ACER', '2007-01-25', 21),
(106, 'Visitor chairs', '2002-12-02', 1, 'HP', '1991-05-30', 73),
(107, 'Wound care supplies', '2001-08-18', 0, 'SAMSUNG', '1991-07-23', 71),
(108, 'Microscope', '2016-07-02', 1, 'ACER', '2017-12-06', 97),
(109, 'Surgical light', '2011-03-23', 0, 'LG', '1998-04-07', 4),
(110, 'Diagnostic testing equipment', '2009-09-13', 0, 'HP', '2002-03-25', 54),
(111, 'Surgical vacuum', '2004-06-26', 0, 'LG', '1993-06-08', 86),
(112, 'Diagnostic testing equipment', '2003-06-23', 0, 'HP', '1996-04-02', 100),
(113, 'Incubator', '2001-07-17', 1, 'HUAWEI', '1999-08-21', 9),
(114, 'Ventilator', '2007-05-03', 0, 'ACER', '2007-12-10', 28),
(115, 'Blood analyzer', '2016-02-10', 0, 'LG', '1996-04-28', 5),
(116, 'Dialysis machine', '2006-07-26', 1, 'SAMSUNG', '2014-08-02', 84),
(117, 'Centrifuge', '2006-07-22', 0, 'LG', '1991-11-19', 90),
(118, 'Medical cart', '2008-09-18', 1, 'LG', '2003-07-02', 74),
(119, 'IV infusion pump', '2001-09-01', 1, 'LG', '2015-05-31', 54),
(120, 'Medical cart', '2002-07-26', 0, 'ACER', '1993-02-10', 79),
(121, 'Surgical instruments', '2007-08-16', 1, 'ACER', '2016-12-17', 52),
(122, 'Surgical instruments', '2003-08-04', 0, 'HUAWEI', '2011-03-31', 72),
(123, 'Centrifuge', '2013-10-04', 1, 'SAMSUNG', '1991-04-24', 92),
(124, 'Blood analyzer', '2010-12-10', 0, 'LG', '2010-10-17', 39),
(125, 'Biomedical waste disposal systems', '2008-08-17', 0, 'ACER', '1992-08-22', 19),
(126, 'Patient TV', '2014-01-26', 1, 'HUAWEI', '2001-05-22', 98),
(127, 'Diagnostic testing equipment', '2009-06-10', 0, 'LG', '2000-12-06', 24),
(128, 'Wound care supplies', '2020-03-15', 1, 'LG', '2005-01-31', 51),
(129, 'Vital signs monitor', '2002-09-05', 1, 'LG', '1990-11-25', 13),
(130, 'Visitor chairs', '2002-03-02', 0, 'HUAWEI', '2007-05-11', 19),
(131, 'MRI scanner', '2006-12-12', 0, 'LG', '2001-06-10', 8),
(132, 'Biomedical waste disposal systems', '2014-09-17', 0, 'HUAWEI', '2006-03-18', 52),
(133, 'Defibrillator', '2009-08-18', 1, 'HP', '2006-11-16', 56),
(134, 'Blood analyzer', '2011-02-24', 1, 'LG', '2012-12-17', 2),
(135, 'Blood analyzer', '2009-05-27', 1, 'LG', '2005-08-29', 8),
(136, 'CT scanner', '2002-07-18', 0, 'ACER', '2001-10-18', 83),
(137, 'CT scanner', '2018-10-13', 0, 'LG', '1993-06-20', 46),
(138, 'Centrifuge', '2015-09-17', 1, 'HUAWEI', '2007-01-02', 87),
(139, 'Diagnostic testing equipment', '2019-06-10', 0, 'HUAWEI', '2002-06-08', 10),
(140, 'Biomedical waste disposal systems', '2018-09-14', 0, 'SAMSUNG', '1996-04-25', 68),
(141, 'Personal protective equipment', '2002-11-20', 1, 'LG', '2016-12-02', 58),
(142, 'Diagnostic testing equipment', '2015-09-21', 0, 'HP', '2019-03-28', 65),
(143, 'Incubator', '2004-12-05', 1, 'SAMSUNG', '1999-02-06', 50),
(144, 'Hospital bed', '2000-10-16', 0, 'SAMSUNG', '2010-05-25', 79),
(145, 'MRI scanner', '2013-12-10', 1, 'SAMSUNG', '1995-12-06', 36),
(146, 'Defibrillator', '2003-04-29', 1, 'SAMSUNG', '2019-08-29', 46),
(147, 'Defibrillator', '2005-03-28', 0, 'SAMSUNG', '2016-03-19', 1),
(148, 'Parenteral nutrition equipment', '2009-09-05', 1, 'HP', '2020-07-05', 14),
(149, 'Pain management device', '2004-08-19', 0, 'SAMSUNG', '2014-07-13', 2),
(150, 'MRI scanner', '2010-05-22', 1, 'HUAWEI', '2006-02-04', 34),
(151, 'Parenteral nutrition equipment', '2007-08-17', 1, 'SAMSUNG', '2011-08-20', 51),
(152, 'Surgical light', '2000-10-04', 0, 'HP', '1994-07-20', 9),
(153, 'Wound care supplies', '2020-06-19', 0, 'ACER', '2006-04-10', 22),
(154, 'Incubator', '2001-02-14', 1, 'HUAWEI', '1999-04-26', 33),
(155, 'Biomedical waste disposal systems', '2015-12-21', 1, 'ACER', '2014-11-26', 45),
(156, 'Personal protective equipment', '2017-05-16', 0, 'SAMSUNG', '2011-11-15', 30),
(157, 'Blood analyzer', '2006-08-27', 0, 'ACER', '2001-07-05', 30),
(158, 'CT scanner', '2013-08-14', 0, 'HP', '2008-07-06', 81),
(159, 'Blood analyzer', '2012-09-16', 1, 'ACER', '2004-07-18', 56),
(160, 'Personal protective equipment', '2007-09-17', 0, 'ACER', '1991-11-28', 6),
(161, 'Personal protective equipment', '2011-08-03', 1, 'SAMSUNG', '1991-01-04', 47),
(162, 'MRI scanner', '2002-12-21', 0, 'HP', '2017-11-03', 55),
(163, 'IV infusion pump', '2018-07-10', 1, 'LG', '2010-11-12', 3),
(164, 'Biomedical waste disposal systems', '2007-09-29', 1, 'HP', '1994-03-09', 25),
(165, 'Incubator', '2002-10-07', 0, 'HP', '2013-08-11', 68),
(166, 'Operating table', '2004-02-03', 1, 'ACER', '1994-01-25', 79),
(167, 'Surgical light', '2003-12-25', 0, 'ACER', '2005-05-13', 80),
(168, 'Blood analyzer', '2008-05-28', 0, 'LG', '2006-07-03', 31),
(169, 'Medical cart', '2006-07-29', 0, 'HP', '2011-10-04', 67),
(170, 'Incubator', '2015-04-28', 1, 'HUAWEI', '2015-06-19', 10),
(171, 'Vital signs monitor', '2008-08-17', 1, 'HUAWEI', '1994-07-21', 60),
(172, 'Pain management device', '2012-10-08', 1, 'ACER', '2005-06-11', 28),
(173, 'Blood analyzer', '2000-08-05', 1, 'LG', '1999-03-31', 24),
(174, 'X-ray machine', '2008-07-30', 1, 'ACER', '2007-08-06', 33),
(175, 'Operating table', '2003-05-18', 1, 'SAMSUNG', '1996-07-07', 42),
(176, 'Surveillance and security systems', '2014-05-11', 1, 'SAMSUNG', '2000-11-17', 33),
(177, 'X-ray machine', '2020-04-17', 1, 'ACER', '2012-06-25', 92),
(178, 'Hospital bed', '2019-12-02', 0, 'HUAWEI', '1996-10-11', 41),
(179, 'Hospital bed', '2001-10-13', 0, 'HUAWEI', '2018-03-06', 28),
(180, 'Patient TV', '2014-06-07', 1, 'HUAWEI', '1994-11-27', 72),
(181, 'Ultrasound machine', '2007-02-12', 1, 'SAMSUNG', '1994-01-24', 19),
(182, 'MRI scanner', '2004-06-03', 1, 'HUAWEI', '2005-05-08', 76),
(183, 'Surgical light', '2011-02-16', 0, 'SAMSUNG', '2000-01-17', 6),
(184, 'Personal protective equipment', '2008-05-14', 0, 'ACER', '2014-08-29', 85),
(185, 'Wound care supplies', '2000-11-23', 0, 'HUAWEI', '2013-12-17', 77),
(186, 'Medical cart', '2012-08-24', 0, 'HUAWEI', '2004-08-03', 74),
(187, 'Operating table', '2012-08-14', 0, 'HP', '2003-11-06', 15),
(188, 'Surgical instruments', '2010-05-29', 0, 'HP', '1995-07-05', 100),
(189, 'Personal protective equipment', '2015-10-20', 1, 'SAMSUNG', '2014-10-20', 48),
(190, 'Vital signs monitor', '2013-09-28', 0, 'HUAWEI', '2016-04-18', 38),
(191, 'Biomedical waste disposal systems', '2004-02-06', 1, 'LG', '1992-05-20', 2),
(192, 'Blood analyzer', '2011-12-22', 1, 'LG', '2016-03-19', 84),
(193, 'Surgical vacuum', '2013-08-04', 0, 'LG', '2006-10-22', 32),
(194, 'Hospital bed', '2004-10-22', 1, 'SAMSUNG', '1998-07-06', 67),
(195, 'X-ray machine', '2007-09-22', 0, 'LG', '2018-11-15', 47),
(196, 'Centrifuge', '2007-09-12', 1, 'LG', '1991-04-20', 49),
(197, 'MRI scanner', '2012-03-08', 1, 'SAMSUNG', '1998-02-25', 33),
(198, 'Pain management device', '2008-12-13', 1, 'SAMSUNG', '2002-10-18', 77),
(199, 'Ventilator', '2014-02-21', 0, 'SAMSUNG', '1992-02-29', 87),
(200, 'Diagnostic testing equipment', '2013-10-18', 0, 'SAMSUNG', '1993-09-25', 33),
(201, 'Ultrasound machine', '2012-05-22', 0, 'SAMSUNG', '2011-05-05', 78),
(202, 'X-ray machine', '2019-12-24', 0, 'ACER', '2019-11-13', 74),
(203, 'MRI scanner', '2016-10-12', 1, 'ACER', '1996-06-01', 93),
(204, 'MRI scanner', '2015-04-10', 1, 'HP', '1995-11-05', 57),
(205, 'Vital signs monitor', '2012-04-06', 1, 'HUAWEI', '2009-09-05', 11),
(206, 'Parenteral nutrition equipment', '2004-12-17', 0, 'SAMSUNG', '2018-10-26', 13),
(207, 'Pain management device', '2002-11-19', 1, 'HUAWEI', '2019-05-26', 48),
(208, 'Hospital bed', '2016-01-08', 0, 'SAMSUNG', '1996-09-14', 57),
(209, 'Patient TV', '2001-09-15', 1, 'HP', '2008-08-27', 86),
(210, 'Centrifuge', '2017-02-23', 1, 'LG', '1993-10-10', 18),
(211, 'Parenteral nutrition equipment', '2016-09-15', 1, 'HUAWEI', '1996-06-13', 73),
(212, 'Ventilator', '2016-10-07', 0, 'LG', '2018-07-04', 8),
(213, 'CT scanner', '2015-05-23', 1, 'HUAWEI', '2014-05-18', 47),
(214, 'Pain management device', '2008-06-19', 1, 'HP', '1992-01-30', 83),
(215, 'Temperature management equipment', '2009-02-26', 0, 'HP', '1993-04-22', 53),
(216, 'MRI scanner', '2007-07-12', 1, 'LG', '1999-01-25', 31),
(217, 'Operating table', '2018-03-14', 1, 'ACER', '1998-05-13', 6),
(218, 'Surveillance and security systems', '2008-01-08', 1, 'HUAWEI', '2005-06-05', 59),
(219, 'Personal protective equipment', '2003-02-06', 0, 'LG', '2013-03-16', 12),
(220, 'Centrifuge', '2011-05-20', 0, 'ACER', '2012-03-13', 49),
(221, 'Surgical light', '2012-09-03', 1, 'HUAWEI', '1997-05-09', 56),
(222, 'Medical cart', '2016-07-01', 0, 'HP', '1996-06-15', 55),
(223, 'Diagnostic testing equipment', '2019-08-08', 0, 'HUAWEI', '2004-05-12', 3),
(224, 'Diagnostic testing equipment', '2018-05-29', 1, 'LG', '2017-03-08', 38),
(225, 'Vital signs monitor', '2018-08-08', 0, 'ACER', '1997-06-04', 14),
(226, 'Dialysis machine', '2016-12-31', 1, 'HP', '1999-03-27', 72),
(227, 'Infusion pump', '2016-12-30', 1, 'SAMSUNG', '1997-11-14', 48),
(228, 'Ultrasound machine', '2014-03-29', 0, 'LG', '1992-11-25', 82),
(229, 'Vital signs monitor', '2016-07-24', 0, 'HUAWEI', '1998-01-16', 81),
(230, 'Defibrillator', '2010-12-29', 1, 'ACER', '2003-04-16', 87),
(231, 'Diagnostic testing equipment', '2007-04-04', 1, 'LG', '2003-06-18', 97),
(232, 'Surveillance and security systems', '2009-09-08', 0, 'HP', '1998-12-18', 50),
(233, 'Microscope', '2007-01-02', 1, 'HUAWEI', '2018-09-25', 80),
(234, 'Visitor chairs', '2019-09-27', 1, 'LG', '2018-05-26', 16),
(235, 'Incubator', '2019-02-24', 1, 'LG', '2000-04-23', 52),
(236, 'Infusion pump', '2016-09-30', 0, 'SAMSUNG', '2000-05-17', 47),
(237, 'Surgical vacuum', '2007-10-10', 0, 'ACER', '2004-03-17', 54),
(238, 'Biomedical waste disposal systems', '2017-06-23', 1, 'HUAWEI', '2016-02-23', 35),
(239, 'Surgical vacuum', '2010-12-24', 0, 'HP', '2000-06-25', 50),
(240, 'Surgical light', '2020-05-25', 1, 'ACER', '2015-01-19', 76),
(241, 'Biomedical waste disposal systems', '2015-05-31', 1, 'ACER', '2012-02-05', 45),
(242, 'Surgical instruments', '2010-03-20', 0, 'HP', '2013-02-04', 44),
(243, 'Parenteral nutrition equipment', '2005-06-30', 1, 'ACER', '2004-08-26', 10),
(244, 'Incubator', '2005-02-09', 0, 'SAMSUNG', '1990-09-27', 54),
(245, 'Surgical light', '2013-01-05', 0, 'LG', '2019-12-28', 58),
(246, 'Visitor chairs', '2002-11-24', 0, 'ACER', '1993-08-15', 23),
(247, 'Infectious waste containers', '2007-05-21', 0, 'HUAWEI', '1995-03-11', 87),
(248, 'X-ray machine', '2013-06-18', 1, 'ACER', '2008-04-13', 24),
(249, 'Surgical instruments', '2011-02-24', 0, 'SAMSUNG', '2016-08-26', 31),
(250, 'Infectious waste containers', '2012-03-15', 0, 'HP', '2003-09-09', 43),
(251, 'Temperature management equipment', '2016-06-15', 1, 'HUAWEI', '2014-11-03', 37),
(252, 'Microscope', '2007-12-08', 0, 'SAMSUNG', '1992-08-24', 32),
(253, 'Hospital bed', '2001-08-18', 1, 'HP', '2002-08-15', 59),
(254, 'Parenteral nutrition equipment', '2001-06-29', 1, 'HP', '2010-08-14', 77),
(255, 'Infusion pump', '2019-05-10', 1, 'LG', '2016-01-29', 52),
(256, 'MRI scanner', '2018-12-14', 1, 'HP', '2012-10-09', 26),
(257, 'Medical cart', '2002-07-13', 0, 'HUAWEI', '2016-09-20', 92),
(258, 'Infusion pump', '2010-02-22', 0, 'HP', '2008-12-27', 33),
(259, 'Wound care supplies', '2002-10-20', 1, 'HUAWEI', '1991-08-10', 75),
(260, 'Medical cart', '2002-03-12', 1, 'HUAWEI', '1991-11-05', 11),
(261, 'Incubator', '2004-12-13', 1, 'SAMSUNG', '2000-03-04', 81),
(262, 'Pain management device', '2005-02-25', 0, 'HUAWEI', '2004-02-22', 60),
(263, 'Patient TV', '2013-03-28', 0, 'HP', '1992-03-07', 24),
(264, 'Centrifuge', '2013-02-26', 0, 'ACER', '2000-05-14', 29),
(265, 'Vital signs monitor', '2003-05-27', 1, 'HP', '2000-10-01', 89),
(266, 'Surgical light', '2020-05-25', 1, 'HP', '1995-08-20', 17),
(267, 'Visitor chairs', '2007-07-09', 0, 'LG', '2012-12-23', 23),
(268, 'Defibrillator', '2006-11-22', 1, 'HP', '2008-10-23', 91),
(269, 'Wound care supplies', '2011-11-02', 1, 'ACER', '2000-11-04', 39),
(270, 'Infectious waste containers', '2016-09-10', 0, 'LG', '2012-02-23', 2),
(271, 'Vital signs monitor', '2000-08-20', 0, 'SAMSUNG', '2002-08-03', 48),
(272, 'Ultrasound machine', '2000-10-27', 1, 'HUAWEI', '2006-05-31', 10),
(273, 'Ultrasound machine', '2017-01-23', 1, 'ACER', '2019-07-23', 60),
(274, 'Ventilator', '2005-10-31', 1, 'HUAWEI', '2005-01-03', 73),
(275, 'Visitor chairs', '2003-04-19', 1, 'LG', '1991-08-02', 66),
(276, 'Biomedical waste disposal systems', '2001-01-03', 1, 'LG', '2005-11-20', 83),
(277, 'CT scanner', '2007-02-11', 0, 'HP', '2015-01-12', 16),
(278, 'Infectious waste containers', '2004-05-20', 1, 'HP', '2012-08-26', 94),
(279, 'CT scanner', '2015-11-29', 0, 'SAMSUNG', '1994-12-15', 37),
(280, 'Surgical instruments', '2020-06-08', 1, 'SAMSUNG', '2000-06-22', 81),
(281, 'Diagnostic testing equipment', '2015-11-07', 1, 'ACER', '2015-07-14', 27),
(282, 'Surgical vacuum', '2002-10-30', 0, 'SAMSUNG', '2011-08-23', 14),
(283, 'Ventilator', '2019-12-22', 0, 'LG', '2006-01-17', 20),
(284, 'X-ray machine', '2003-03-13', 1, 'HUAWEI', '2004-12-06', 84),
(285, 'Incubator', '2001-08-11', 0, 'LG', '2004-11-23', 72),
(286, 'Medical cart', '2001-11-15', 1, 'LG', '1998-07-01', 57),
(287, 'Surgical light', '2017-09-13', 0, 'LG', '2018-10-27', 89),
(288, 'Incubator', '2011-02-17', 1, 'HUAWEI', '1996-03-31', 74),
(289, 'Temperature management equipment', '2014-12-09', 0, 'HP', '1991-12-28', 91),
(290, 'Surgical vacuum', '2019-08-17', 0, 'HUAWEI', '2007-01-23', 51),
(291, 'Centrifuge', '2001-09-04', 1, 'HP', '2020-05-09', 71),
(292, 'Surgical light', '2008-01-17', 1, 'LG', '2004-07-14', 80),
(293, 'CT scanner', '2012-09-20', 0, 'ACER', '1991-03-25', 79),
(294, 'Wound care supplies', '2015-03-13', 0, 'HUAWEI', '2006-06-22', 39),
(295, 'X-ray machine', '2000-09-12', 1, 'LG', '1995-07-11', 30),
(296, 'Surveillance and security systems', '2008-07-03', 1, 'ACER', '2010-05-11', 11),
(297, 'Ultrasound machine', '2018-09-17', 1, 'SAMSUNG', '1991-09-21', 44),
(298, 'Temperature management equipment', '2017-05-22', 0, 'HUAWEI', '2012-01-30', 96),
(299, 'Operating table', '2009-03-02', 1, 'SAMSUNG', '2009-09-24', 68),
(300, 'Microscope', '2019-02-03', 0, 'HP', '2011-06-12', 32),
(301, 'CT scanner', '2017-09-04', 0, 'HUAWEI', '2001-08-20', 6),
(302, 'Centrifuge', '2010-06-11', 1, 'SAMSUNG', '2013-05-12', 18),
(303, 'Surveillance and security systems', '2016-08-06', 1, 'LG', '2000-03-02', 89),
(304, 'Defibrillator', '2005-01-20', 0, 'HP', '2013-12-31', 40),
(305, 'Defibrillator', '2005-01-23', 0, 'HUAWEI', '2017-03-26', 56),
(306, 'Personal protective equipment', '2015-08-09', 0, 'SAMSUNG', '2005-05-25', 16),
(307, 'CT scanner', '2008-01-10', 0, 'HP', '2018-03-18', 6),
(308, 'Parenteral nutrition equipment', '2009-11-04', 0, 'SAMSUNG', '2009-07-22', 79),
(309, 'Vital signs monitor', '2008-06-04', 0, 'SAMSUNG', '2019-06-03', 45),
(310, 'Wound care supplies', '2008-03-11', 1, 'LG', '2018-09-29', 69),
(311, 'Vital signs monitor', '2007-01-18', 1, 'ACER', '2001-02-06', 80),
(312, 'Patient TV', '2007-04-16', 1, 'ACER', '2013-11-17', 99),
(313, 'Ultrasound machine', '2014-05-06', 1, 'SAMSUNG', '2014-11-19', 28),
(314, 'Temperature management equipment', '2008-10-06', 0, 'SAMSUNG', '2001-06-12', 66),
(315, 'Patient TV', '2016-10-09', 1, 'HUAWEI', '2019-10-04', 100),
(316, 'Patient TV', '2015-09-06', 1, 'SAMSUNG', '1995-05-03', 40),
(317, 'X-ray machine', '2004-09-05', 0, 'ACER', '2007-03-16', 68),
(318, 'Infusion pump', '2009-05-09', 0, 'ACER', '2015-06-21', 92),
(319, 'Operating table', '2004-02-29', 0, 'SAMSUNG', '2005-03-02', 59),
(320, 'Visitor chairs', '2019-04-03', 0, 'HUAWEI', '1996-01-01', 65),
(321, 'Vital signs monitor', '2010-05-24', 1, 'HP', '2004-05-11', 42),
(322, 'Ultrasound machine', '2013-10-11', 0, 'LG', '2019-11-12', 50),
(323, 'Microscope', '2002-09-22', 0, 'ACER', '2009-09-01', 50),
(324, 'IV infusion pump', '2005-09-10', 0, 'HUAWEI', '1996-05-18', 32),
(325, 'Personal protective equipment', '2020-01-30', 1, 'HP', '2001-04-16', 37),
(326, 'IV infusion pump', '2015-02-09', 0, 'HUAWEI', '1995-01-03', 80),
(327, 'Diagnostic testing equipment', '2009-05-30', 1, 'LG', '2007-08-02', 87),
(328, 'Visitor chairs', '2005-11-16', 1, 'LG', '2010-11-23', 25),
(329, 'Visitor chairs', '2010-05-31', 0, 'ACER', '2011-08-19', 32),
(330, 'Incubator', '2014-11-01', 0, 'HUAWEI', '2006-01-21', 7),
(331, 'X-ray machine', '2018-09-06', 0, 'HUAWEI', '2000-11-06', 46),
(332, 'Surveillance and security systems', '2003-05-29', 1, 'HUAWEI', '2013-04-18', 7),
(333, 'Patient TV', '2011-01-18', 1, 'ACER', '2005-05-20', 73),
(334, 'Infectious waste containers', '2013-12-17', 0, 'ACER', '1999-09-06', 73),
(335, 'Dialysis machine', '2003-02-03', 0, 'SAMSUNG', '2017-01-25', 52),
(336, 'Wound care supplies', '2013-01-27', 0, 'HP', '2000-05-22', 95),
(337, 'Surgical instruments', '2015-02-02', 1, 'ACER', '2015-02-07', 32),
(338, 'Operating table', '2012-05-30', 1, 'HUAWEI', '2009-10-19', 88),
(339, 'Pain management device', '2010-04-16', 1, 'HUAWEI', '2008-01-16', 11),
(340, 'Surgical instruments', '2011-03-22', 0, 'ACER', '2008-09-12', 29),
(341, 'Centrifuge', '2000-09-19', 0, 'SAMSUNG', '2019-10-26', 63),
(342, 'Parenteral nutrition equipment', '2016-10-22', 0, 'HUAWEI', '1992-08-05', 79),
(343, 'Ventilator', '2016-12-20', 0, 'LG', '2000-09-08', 59),
(344, 'Ultrasound machine', '2017-05-29', 1, 'ACER', '2009-03-21', 13),
(345, 'CT scanner', '2020-05-30', 1, 'HP', '2017-04-25', 50),
(346, 'Hospital bed', '2020-07-02', 1, 'SAMSUNG', '2014-12-01', 73),
(347, 'Defibrillator', '2016-09-09', 0, 'HP', '1996-11-26', 54),
(348, 'Dialysis machine', '2006-05-04', 1, 'HP', '2011-08-29', 91),
(349, 'Patient TV', '2012-08-16', 1, 'ACER', '2000-10-14', 45),
(350, 'Visitor chairs', '2001-01-12', 0, 'ACER', '2012-03-24', 23),
(351, 'Infusion pump', '2006-09-27', 0, 'SAMSUNG', '2011-08-09', 70),
(352, 'MRI scanner', '2014-12-04', 1, 'ACER', '2002-02-20', 1),
(353, 'Hospital bed', '2004-08-18', 0, 'LG', '2019-07-22', 29),
(354, 'Diagnostic testing equipment', '2016-04-25', 1, 'LG', '2015-08-16', 54),
(355, 'Infectious waste containers', '2011-12-18', 1, 'LG', '1998-04-14', 15),
(356, 'Blood analyzer', '2007-05-29', 1, 'ACER', '1995-10-10', 95),
(357, 'Blood analyzer', '2018-11-05', 1, 'LG', '1992-01-10', 97),
(358, 'Biomedical waste disposal systems', '2013-10-10', 0, 'HP', '1992-12-30', 68),
(359, 'Defibrillator', '2015-08-17', 1, 'SAMSUNG', '2017-10-12', 79),
(360, 'Surgical instruments', '2015-05-24', 0, 'LG', '1996-09-09', 95),
(361, 'Temperature management equipment', '2005-03-17', 0, 'ACER', '1999-01-26', 43),
(362, 'Microscope', '2019-02-06', 1, 'ACER', '2008-04-17', 79),
(363, 'Hospital bed', '2019-02-25', 0, 'HP', '1998-06-30', 37),
(364, 'Surgical vacuum', '2005-08-18', 0, 'LG', '2014-01-24', 21),
(365, 'Parenteral nutrition equipment', '2003-06-13', 0, 'LG', '1997-07-10', 47),
(366, 'Ventilator', '2018-06-13', 0, 'SAMSUNG', '2014-04-23', 15),
(367, 'Defibrillator', '2009-05-27', 0, 'HUAWEI', '2011-04-30', 96),
(368, 'X-ray machine', '2006-05-31', 0, 'ACER', '2017-10-03', 66),
(369, 'Incubator', '2008-10-30', 0, 'SAMSUNG', '2008-11-15', 12),
(370, 'Defibrillator', '2009-11-27', 1, 'HP', '2003-02-02', 61),
(371, 'Surgical vacuum', '2011-08-27', 1, 'LG', '1996-12-10', 74),
(372, 'Pain management device', '2005-09-17', 0, 'ACER', '2009-11-20', 52),
(373, 'Surveillance and security systems', '2001-04-20', 0, 'HP', '2004-04-19', 15),
(374, 'Defibrillator', '2018-07-29', 0, 'ACER', '1995-04-18', 50),
(375, 'Blood analyzer', '2002-10-14', 1, 'SAMSUNG', '2007-04-16', 31),
(376, 'CT scanner', '2004-11-01', 1, 'HP', '1994-06-05', 50),
(377, 'Surveillance and security systems', '2020-01-05', 0, 'HUAWEI', '2000-07-12', 18),
(378, 'IV infusion pump', '2008-10-10', 1, 'ACER', '2000-12-10', 97),
(379, 'Vital signs monitor', '2020-03-21', 1, 'ACER', '2012-07-27', 58),
(380, 'Diagnostic testing equipment', '2001-11-03', 0, 'LG', '2020-07-06', 81),
(381, 'Patient TV', '2016-02-06', 0, 'ACER', '2013-12-06', 63),
(382, 'Surgical light', '2003-12-03', 0, 'SAMSUNG', '1994-03-02', 65),
(383, 'Temperature management equipment', '2007-10-30', 1, 'LG', '2012-09-17', 91),
(384, 'Blood analyzer', '2004-07-01', 0, 'ACER', '2019-01-19', 20),
(385, 'Surgical light', '2010-01-25', 0, 'LG', '2003-05-21', 67),
(386, 'Centrifuge', '2009-09-14', 0, 'SAMSUNG', '2019-10-09', 30),
(387, 'Blood analyzer', '2007-05-30', 0, 'ACER', '2005-11-26', 6),
(388, 'Infectious waste containers', '2014-04-29', 1, 'HUAWEI', '2002-11-17', 76),
(389, 'Infusion pump', '2011-12-11', 0, 'HUAWEI', '2008-02-19', 81),
(390, 'CT scanner', '2010-05-15', 0, 'HP', '2002-01-10', 28),
(391, 'Patient TV', '2007-01-30', 0, 'SAMSUNG', '1995-04-30', 57),
(392, 'Infusion pump', '2007-03-09', 0, 'HUAWEI', '2010-03-06', 63),
(393, 'X-ray machine', '2005-08-06', 1, 'LG', '2018-12-22', 71),
(394, 'Biomedical waste disposal systems', '2016-11-22', 1, 'SAMSUNG', '2009-02-27', 95),
(395, 'Blood analyzer', '2005-01-07', 1, 'SAMSUNG', '2007-02-18', 89),
(396, 'Visitor chairs', '2012-03-08', 0, 'HP', '2016-08-23', 44),
(397, 'Defibrillator', '2018-01-27', 0, 'ACER', '1990-10-30', 31),
(398, 'Diagnostic testing equipment', '2015-09-25', 0, 'LG', '2016-07-29', 67),
(399, 'Visitor chairs', '2016-11-13', 0, 'ACER', '1992-07-23', 26),
(400, 'Surgical vacuum', '2019-01-11', 0, 'HUAWEI', '2003-07-17', 80),
(401, 'Surveillance and security systems', '2019-09-17', 1, 'HP', '1994-04-02', 92),
(402, 'Operating table', '2020-07-12', 1, 'HP', '1995-12-18', 97),
(403, 'IV infusion pump', '2009-10-21', 1, 'HP', '1992-07-08', 81),
(404, 'Wound care supplies', '2018-10-09', 1, 'HP', '1991-04-28', 2),
(405, 'IV infusion pump', '2003-01-23', 1, 'SAMSUNG', '2018-03-31', 52),
(406, 'Parenteral nutrition equipment', '2015-07-09', 0, 'ACER', '1997-08-15', 86),
(407, 'Infectious waste containers', '2004-01-17', 0, 'SAMSUNG', '2010-10-23', 11),
(408, 'Surgical vacuum', '2017-05-22', 1, 'LG', '1993-05-04', 90),
(409, 'Hospital bed', '2020-02-27', 1, 'LG', '2008-03-17', 90),
(410, 'Pain management device', '2013-05-12', 0, 'HP', '2000-04-14', 17),
(411, 'Pain management device', '2017-01-25', 1, 'HUAWEI', '2014-05-11', 25),
(412, 'Dialysis machine', '2018-02-16', 0, 'LG', '2015-08-15', 17),
(413, 'Wound care supplies', '2001-11-11', 1, 'HP', '1996-06-15', 32),
(414, 'Vital signs monitor', '2010-05-11', 1, 'ACER', '2019-12-26', 26),
(415, 'Wound care supplies', '2003-05-05', 1, 'HP', '1999-06-28', 57),
(416, 'CT scanner', '2019-07-10', 0, 'HUAWEI', '1992-07-30', 24),
(417, 'IV infusion pump', '2000-08-23', 1, 'HP', '2010-12-05', 95),
(418, 'Surgical instruments', '2002-12-04', 0, 'HUAWEI', '2018-09-28', 29),
(419, 'Surveillance and security systems', '2019-08-08', 0, 'SAMSUNG', '1995-06-29', 68),
(420, 'Ultrasound machine', '2017-08-11', 0, 'ACER', '2003-05-21', 84),
(421, 'Personal protective equipment', '2007-04-03', 1, 'HP', '2009-11-17', 87),
(422, 'Centrifuge', '2012-07-01', 1, 'ACER', '2002-07-02', 28),
(423, 'IV infusion pump', '2015-03-14', 1, 'LG', '1995-12-15', 32),
(424, 'Diagnostic testing equipment', '2018-01-21', 0, 'SAMSUNG', '2010-05-05', 84),
(425, 'Defibrillator', '2013-01-02', 1, 'LG', '2002-07-09', 81),
(426, 'Infusion pump', '2016-01-12', 1, 'HP', '1994-08-01', 60),
(427, 'Diagnostic testing equipment', '2011-03-07', 0, 'ACER', '2005-04-18', 67),
(428, 'Blood analyzer', '2000-12-17', 1, 'LG', '2005-03-25', 53),
(429, 'Personal protective equipment', '2013-04-19', 1, 'HP', '2017-05-17', 98),
(430, 'Personal protective equipment', '2017-12-27', 0, 'HUAWEI', '2005-03-16', 59),
(431, 'Pain management device', '2012-01-01', 1, 'HP', '2012-08-02', 16),
(432, 'Hospital bed', '2002-07-19', 1, 'ACER', '2000-08-10', 64),
(433, 'Incubator', '2017-07-14', 0, 'HP', '1995-07-19', 95),
(434, 'Surgical instruments', '2002-06-01', 1, 'ACER', '1993-07-31', 69),
(435, 'Visitor chairs', '2004-08-03', 0, 'SAMSUNG', '2011-09-16', 72),
(436, 'Infusion pump', '2016-09-22', 0, 'HUAWEI', '1993-03-24', 59),
(437, 'Diagnostic testing equipment', '2017-10-06', 1, 'HP', '2009-11-18', 39),
(438, 'Dialysis machine', '2012-04-17', 0, 'HUAWEI', '1995-03-23', 26),
(439, 'Infusion pump', '2007-06-19', 0, 'SAMSUNG', '2015-02-18', 86),
(440, 'X-ray machine', '2012-08-03', 0, 'SAMSUNG', '2012-10-19', 15),
(441, 'Surgical vacuum', '2013-01-17', 1, 'HP', '2010-03-16', 99),
(442, 'Diagnostic testing equipment', '2020-02-12', 0, 'LG', '2014-02-25', 31),
(443, 'Wound care supplies', '2011-09-07', 0, 'SAMSUNG', '2001-06-04', 53),
(444, 'Surgical light', '2004-05-26', 1, 'SAMSUNG', '2018-06-21', 28),
(445, 'Infectious waste containers', '2014-02-03', 0, 'HP', '2007-07-21', 37),
(446, 'Diagnostic testing equipment', '2011-07-13', 0, 'LG', '2019-04-21', 29),
(447, 'X-ray machine', '2008-12-06', 1, 'SAMSUNG', '2009-11-07', 42),
(448, 'Biomedical waste disposal systems', '2019-02-05', 1, 'SAMSUNG', '2019-09-10', 32),
(449, 'Infectious waste containers', '2009-12-20', 0, 'HP', '1994-03-17', 29),
(450, 'Hospital bed', '2006-07-22', 1, 'LG', '1999-11-07', 27),
(451, 'Operating table', '2011-01-07', 0, 'HUAWEI', '2003-09-23', 82),
(452, 'Incubator', '2012-03-26', 1, 'HP', '2001-03-21', 22),
(453, 'MRI scanner', '2003-06-11', 1, 'HUAWEI', '2012-04-30', 25),
(454, 'Medical cart', '2007-01-29', 1, 'HP', '2019-02-04', 61),
(455, 'Patient TV', '2010-04-18', 0, 'LG', '2017-11-21', 45),
(456, 'Temperature management equipment', '2001-05-09', 1, 'HP', '1996-08-10', 52),
(457, 'Ultrasound machine', '2012-11-01', 0, 'HP', '2018-11-19', 80),
(458, 'Surveillance and security systems', '2019-05-01', 1, 'HP', '2011-06-17', 48),
(459, 'Dialysis machine', '2008-12-20', 1, 'LG', '2004-03-19', 89),
(460, 'Infusion pump', '2020-07-08', 1, 'ACER', '2001-04-29', 96),
(461, 'Centrifuge', '2012-02-11', 0, 'ACER', '2018-09-11', 46),
(462, 'Pain management device', '2014-10-31', 0, 'LG', '2003-05-19', 13),
(463, 'Incubator', '2005-02-19', 1, 'SAMSUNG', '1998-10-07', 32),
(464, 'Infectious waste containers', '2001-11-16', 1, 'LG', '1997-07-23', 8),
(465, 'Visitor chairs', '2005-10-08', 0, 'HP', '2018-07-31', 11),
(466, 'CT scanner', '2003-09-11', 1, 'SAMSUNG', '1994-05-10', 40),
(467, 'Medical cart', '2014-09-13', 0, 'HUAWEI', '2012-03-31', 63),
(468, 'Wound care supplies', '2013-06-25', 1, 'ACER', '2013-05-19', 96),
(469, 'Temperature management equipment', '2011-05-19', 1, 'LG', '1994-07-11', 93),
(470, 'Biomedical waste disposal systems', '2018-09-15', 1, 'HUAWEI', '2000-05-11', 33),
(471, 'Hospital bed', '2009-09-18', 1, 'SAMSUNG', '2017-11-07', 29),
(472, 'Patient TV', '2002-10-22', 1, 'ACER', '2015-10-02', 83),
(473, 'Infectious waste containers', '2007-02-17', 1, 'SAMSUNG', '1999-11-14', 93),
(474, 'Pain management device', '2009-02-26', 0, 'HUAWEI', '2015-02-12', 27),
(475, 'MRI scanner', '2019-01-24', 1, 'SAMSUNG', '2015-01-12', 81),
(476, 'X-ray machine', '2009-09-14', 1, 'ACER', '2012-01-29', 84),
(477, 'Surgical instruments', '2005-09-14', 1, 'HP', '2018-01-28', 42),
(478, 'Defibrillator', '2014-10-06', 1, 'HP', '2003-03-23', 78),
(479, 'Dialysis machine', '2013-09-15', 0, 'LG', '2012-09-05', 46),
(480, 'Dialysis machine', '2013-04-10', 1, 'LG', '1997-03-31', 74),
(481, 'Microscope', '2004-06-09', 0, 'LG', '2008-04-08', 51),
(482, 'Ventilator', '2004-11-04', 0, 'SAMSUNG', '1996-05-03', 92),
(483, 'Centrifuge', '2002-08-03', 1, 'HP', '1999-12-10', 19),
(484, 'Wound care supplies', '2013-08-14', 1, 'HP', '2006-05-17', 10),
(485, 'Infusion pump', '2012-09-30', 0, 'LG', '2015-08-17', 22),
(486, 'IV infusion pump', '2012-07-02', 1, 'ACER', '2002-07-20', 50),
(487, 'Patient TV', '2016-03-22', 0, 'HP', '2016-03-23', 20),
(488, 'Centrifuge', '2001-05-23', 0, 'ACER', '2016-09-04', 58),
(489, 'Temperature management equipment', '2000-10-30', 1, 'ACER', '2003-12-29', 62),
(490, 'Microscope', '2004-05-02', 1, 'HUAWEI', '2005-11-26', 15),
(491, 'IV infusion pump', '2002-06-16', 0, 'HP', '1991-01-21', 63),
(492, 'Incubator', '2019-02-24', 1, 'ACER', '2012-08-15', 45),
(493, 'Ultrasound machine', '2004-06-18', 0, 'ACER', '2002-05-28', 36),
(494, 'X-ray machine', '2019-10-05', 0, 'SAMSUNG', '1991-03-19', 61),
(495, 'Infectious waste containers', '2012-04-12', 0, 'SAMSUNG', '1999-11-18', 91),
(496, 'Blood analyzer', '2008-12-16', 1, 'HUAWEI', '2007-08-31', 83),
(497, 'IV infusion pump', '2006-07-18', 0, 'HP', '2005-01-30', 80),
(498, 'Hospital bed', '2013-01-10', 0, 'SAMSUNG', '2013-02-27', 41),
(499, 'Wound care supplies', '2018-10-17', 0, 'HP', '1995-07-11', 57),
(500, 'Wound care supplies', '2007-02-21', 1, 'HUAWEI', '1993-11-20', 3),
(501, 'Surgical light', '2012-05-08', 1, 'SAMSUNG', '2008-06-22', 46),
(502, 'Patient TV', '2014-05-25', 0, 'LG', '1993-05-27', 87),
(503, 'IV infusion pump', '2005-03-12', 0, 'LG', '2012-07-10', 85),
(504, 'Visitor chairs', '2018-09-28', 1, 'ACER', '1997-02-22', 40),
(505, 'Surgical instruments', '2003-04-07', 0, 'HUAWEI', '2009-03-25', 14),
(506, 'Visitor chairs', '2006-10-22', 1, 'HUAWEI', '2007-06-21', 15),
(507, 'Visitor chairs', '2014-03-08', 0, 'HUAWEI', '2003-09-18', 6),
(508, 'Surveillance and security systems', '2013-05-03', 0, 'ACER', '1995-03-14', 71),
(509, 'Microscope', '2009-12-28', 1, 'SAMSUNG', '2003-05-14', 63),
(510, 'Hospital bed', '2009-08-03', 0, 'HUAWEI', '1991-01-30', 61),
(511, 'Blood analyzer', '2018-01-12', 1, 'LG', '2000-05-21', 50),
(512, 'Parenteral nutrition equipment', '2020-04-05', 0, 'ACER', '2007-04-22', 99),
(513, 'Incubator', '2004-12-03', 0, 'HP', '2014-09-01', 48),
(514, 'Wound care supplies', '2002-03-19', 1, 'ACER', '2014-11-07', 17),
(515, 'Pain management device', '2005-02-16', 0, 'ACER', '2018-02-13', 44),
(516, 'Biomedical waste disposal systems', '2018-01-09', 1, 'HP', '2007-04-01', 89),
(517, 'Surveillance and security systems', '2011-02-08', 0, 'ACER', '2000-11-04', 76),
(518, 'Surveillance and security systems', '2019-07-22', 1, 'ACER', '2004-10-03', 37),
(519, 'Parenteral nutrition equipment', '2006-04-01', 0, 'ACER', '2006-11-07', 67),
(520, 'Dialysis machine', '2012-02-04', 1, 'HUAWEI', '2015-02-26', 27),
(521, 'CT scanner', '2016-03-10', 0, 'HP', '2005-07-31', 79),
(522, 'Centrifuge', '2011-10-31', 1, 'HP', '2017-08-08', 59),
(523, 'Medical cart', '2006-01-25', 1, 'ACER', '1990-10-18', 5),
(524, 'Diagnostic testing equipment', '2017-11-09', 0, 'ACER', '1994-10-14', 96),
(525, 'Diagnostic testing equipment', '2011-01-12', 1, 'SAMSUNG', '2002-05-02', 100),
(526, 'Wound care supplies', '2019-07-06', 1, 'HUAWEI', '1994-05-25', 52),
(527, 'Vital signs monitor', '2006-03-24', 1, 'LG', '1999-07-05', 75),
(528, 'Personal protective equipment', '2015-04-21', 0, 'HUAWEI', '2002-07-28', 27),
(529, 'Pain management device', '2013-05-06', 1, 'SAMSUNG', '2010-12-06', 27),
(530, 'Medical cart', '2008-03-06', 0, 'LG', '2016-09-12', 97),
(531, 'Surveillance and security systems', '2006-09-12', 0, 'ACER', '2014-05-11', 2),
(532, 'Temperature management equipment', '2016-07-30', 1, 'ACER', '2018-05-10', 80),
(533, 'Hospital bed', '2008-11-13', 1, 'SAMSUNG', '1994-01-19', 10),
(534, 'Incubator', '2015-11-06', 0, 'HP', '1998-09-11', 55),
(535, 'CT scanner', '2005-05-10', 0, 'SAMSUNG', '2015-03-19', 40),
(536, 'Microscope', '2001-03-18', 0, 'ACER', '1991-11-08', 52),
(537, 'Infusion pump', '2016-02-10', 0, 'LG', '2005-11-22', 41),
(538, 'Surgical instruments', '2017-11-15', 1, 'ACER', '2007-03-12', 21),
(539, 'Pain management device', '2012-10-12', 0, 'SAMSUNG', '2007-12-07', 4),
(540, 'Biomedical waste disposal systems', '2006-01-07', 1, 'SAMSUNG', '1996-03-09', 34),
(541, 'Surgical instruments', '2002-05-05', 1, 'LG', '2008-10-02', 49),
(542, 'Biomedical waste disposal systems', '2013-07-14', 1, 'HUAWEI', '2017-07-30', 59),
(543, 'Surgical vacuum', '2019-12-23', 1, 'HUAWEI', '2018-11-06', 23),
(544, 'Wound care supplies', '2002-07-11', 1, 'SAMSUNG', '2003-02-03', 24),
(545, 'Vital signs monitor', '2018-11-10', 1, 'SAMSUNG', '2005-03-14', 54),
(546, 'Defibrillator', '2009-06-21', 0, 'ACER', '2005-07-29', 99),
(547, 'Infusion pump', '2019-12-03', 0, 'LG', '2001-02-04', 32),
(548, 'Microscope', '2009-01-13', 1, 'ACER', '1997-03-19', 79),
(549, 'Centrifuge', '2008-07-11', 0, 'HP', '1998-05-01', 85),
(550, 'Vital signs monitor', '2010-05-03', 1, 'SAMSUNG', '2012-03-11', 88),
(551, 'Ultrasound machine', '2014-02-24', 1, 'HUAWEI', '1996-10-29', 9),
(552, 'Infectious waste containers', '2007-04-14', 0, 'HUAWEI', '2000-11-04', 89),
(553, 'Infectious waste containers', '2004-04-04', 1, 'LG', '1994-08-29', 76),
(554, 'MRI scanner', '2010-07-06', 0, 'HUAWEI', '2002-02-03', 9),
(555, 'Hospital bed', '2018-05-30', 1, 'LG', '2003-11-29', 28),
(556, 'Incubator', '2002-10-27', 1, 'SAMSUNG', '1994-11-19', 78),
(557, 'Wound care supplies', '2007-05-09', 1, 'HP', '2017-10-31', 93),
(558, 'Parenteral nutrition equipment', '2019-03-21', 0, 'SAMSUNG', '2003-10-28', 35),
(559, 'Hospital bed', '2008-09-03', 0, 'SAMSUNG', '2001-02-13', 37),
(560, 'Surgical vacuum', '2008-06-19', 1, 'HP', '2006-04-28', 78),
(561, 'Microscope', '2015-03-17', 0, 'SAMSUNG', '2006-04-17', 73),
(562, 'Infusion pump', '2003-05-21', 1, 'ACER', '2009-07-03', 98),
(563, 'Temperature management equipment', '2011-11-15', 1, 'HUAWEI', '1991-06-03', 68),
(564, 'Personal protective equipment', '2016-04-03', 1, 'LG', '2017-02-08', 65),
(565, 'MRI scanner', '2020-04-08', 0, 'LG', '2013-04-18', 36),
(566, 'Infusion pump', '2018-01-10', 1, 'SAMSUNG', '1994-12-27', 46),
(567, 'Infectious waste containers', '2010-01-20', 1, 'LG', '2010-04-12', 56),
(568, 'Dialysis machine', '2016-04-10', 0, 'HP', '2014-06-17', 18),
(569, 'MRI scanner', '2007-06-01', 0, 'HUAWEI', '2008-12-05', 8),
(570, 'CT scanner', '2008-11-23', 0, 'HP', '2010-05-16', 38),
(571, 'MRI scanner', '2019-07-06', 0, 'HUAWEI', '2016-12-28', 66),
(572, 'Microscope', '2011-06-25', 1, 'HUAWEI', '2005-02-07', 58),
(573, 'Incubator', '2004-11-17', 1, 'HUAWEI', '1998-10-05', 33),
(574, 'Pain management device', '2002-01-16', 0, 'HP', '2013-12-04', 24),
(575, 'Surgical light', '2013-06-27', 0, 'ACER', '2005-02-01', 96),
(576, 'Parenteral nutrition equipment', '2020-05-24', 0, 'SAMSUNG', '2018-05-17', 3),
(577, 'Surveillance and security systems', '2001-01-10', 0, 'HUAWEI', '2001-08-08', 75),
(578, 'Ventilator', '2010-04-29', 0, 'ACER', '2005-02-17', 79),
(579, 'Pain management device', '2013-07-18', 1, 'LG', '1991-12-05', 95),
(580, 'Incubator', '2012-12-04', 1, 'HUAWEI', '1992-01-18', 31),
(581, 'Surveillance and security systems', '2007-09-26', 1, 'ACER', '2018-02-13', 83),
(582, 'Ultrasound machine', '2019-01-17', 0, 'SAMSUNG', '1995-03-13', 30),
(583, 'Parenteral nutrition equipment', '2004-06-29', 1, 'LG', '2016-10-26', 44),
(584, 'Incubator', '2008-06-05', 1, 'ACER', '1991-09-26', 72),
(585, 'Personal protective equipment', '2005-06-08', 0, 'SAMSUNG', '1991-12-07', 80),
(586, 'Diagnostic testing equipment', '2000-08-02', 1, 'HP', '2003-08-29', 37),
(587, 'Microscope', '2016-06-03', 1, 'LG', '2015-09-14', 8),
(588, 'Surgical instruments', '2014-09-05', 0, 'SAMSUNG', '1996-12-17', 96),
(589, 'MRI scanner', '2012-07-27', 0, 'ACER', '2015-05-22', 86),
(590, 'Pain management device', '2016-09-03', 0, 'HP', '2017-01-17', 98),
(591, 'Patient TV', '2003-12-16', 0, 'HP', '2014-10-22', 10),
(592, 'Medical cart', '2002-12-16', 1, 'ACER', '2014-02-23', 56),
(593, 'Surgical instruments', '2016-04-11', 0, 'ACER', '2001-08-28', 17),
(594, 'Surgical instruments', '2017-03-10', 1, 'ACER', '2010-11-15', 21),
(595, 'Blood analyzer', '2015-10-30', 1, 'HUAWEI', '1997-10-20', 18),
(596, 'Infectious waste containers', '2014-03-11', 1, 'ACER', '1994-03-23', 38),
(597, 'Infusion pump', '2015-01-04', 0, 'ACER', '1997-06-29', 84),
(598, 'Parenteral nutrition equipment', '2019-02-12', 0, 'HP', '1996-03-11', 76),
(599, 'Defibrillator', '2002-03-17', 1, 'SAMSUNG', '2000-07-25', 81),
(600, 'Surgical instruments', '2011-05-25', 1, 'HP', '2004-11-29', 80),
(601, 'Surgical vacuum', '2003-01-31', 0, 'HUAWEI', '2001-01-12', 91),
(602, 'Medical cart', '2019-12-29', 0, 'ACER', '2009-12-27', 4),
(603, 'Microscope', '2001-10-04', 0, 'HP', '1991-07-20', 3),
(604, 'Operating table', '2011-06-02', 1, 'LG', '2008-10-24', 42),
(605, 'X-ray machine', '2020-02-21', 1, 'HP', '2003-11-16', 70),
(606, 'Surveillance and security systems', '2008-01-23', 0, 'HP', '2008-03-16', 3),
(607, 'Ventilator', '2002-06-26', 1, 'HUAWEI', '2012-06-03', 49),
(608, 'Operating table', '2008-03-03', 0, 'HUAWEI', '2015-05-30', 1),
(609, 'Ventilator', '2003-10-30', 1, 'LG', '2009-11-06', 77),
(610, 'Surgical instruments', '2002-05-18', 1, 'ACER', '1993-06-30', 58),
(611, 'Ultrasound machine', '2017-11-09', 1, 'LG', '2014-02-09', 79),
(612, 'Temperature management equipment', '2002-08-30', 0, 'HUAWEI', '2007-12-15', 69),
(613, 'Ultrasound machine', '2008-05-15', 0, 'HP', '2010-10-16', 58),
(614, 'Operating table', '2018-06-20', 0, 'HUAWEI', '1995-05-01', 17),
(615, 'Surveillance and security systems', '2008-12-24', 1, 'ACER', '1997-07-02', 72),
(616, 'Defibrillator', '2005-06-09', 0, 'HP', '2003-10-16', 49),
(617, 'Surgical vacuum', '2016-06-05', 1, 'HUAWEI', '2015-11-17', 82),
(618, 'Patient TV', '2001-10-10', 0, 'LG', '1996-06-20', 31),
(619, 'Patient TV', '2013-04-26', 0, 'SAMSUNG', '1997-11-11', 28),
(620, 'Dialysis machine', '2013-08-27', 1, 'SAMSUNG', '2015-06-10', 24),
(621, 'Wound care supplies', '2017-07-01', 1, 'HP', '2007-08-12', 14),
(622, 'Ventilator', '2012-07-19', 0, 'HUAWEI', '2015-01-27', 81),
(623, 'CT scanner', '2014-04-23', 0, 'ACER', '1993-07-22', 1),
(624, 'MRI scanner', '2013-11-28', 1, 'HP', '2009-08-03', 91),
(625, 'Operating table', '2005-05-23', 0, 'ACER', '1999-02-13', 72),
(626, 'Dialysis machine', '2004-05-29', 0, 'ACER', '1992-07-13', 3),
(627, 'Dialysis machine', '2005-08-20', 0, 'HUAWEI', '2003-10-29', 99),
(628, 'Infusion pump', '2000-12-04', 0, 'HP', '1996-04-08', 89),
(629, 'Personal protective equipment', '2013-12-21', 0, 'HUAWEI', '2000-07-18', 18),
(630, 'Surgical light', '2002-04-03', 1, 'ACER', '1995-05-06', 19),
(631, 'IV infusion pump', '2011-12-17', 1, 'HP', '2008-12-10', 81),
(632, 'CT scanner', '2003-11-10', 1, 'LG', '2002-03-04', 34),
(633, 'Microscope', '2011-02-03', 1, 'SAMSUNG', '2009-12-09', 52),
(634, 'Diagnostic testing equipment', '2009-10-03', 0, 'ACER', '2010-01-21', 95),
(635, 'Ultrasound machine', '2000-08-06', 1, 'HP', '2006-09-13', 8),
(636, 'Blood analyzer', '2018-12-15', 1, 'HP', '2010-04-05', 48),
(637, 'Surgical instruments', '2003-08-20', 0, 'SAMSUNG', '1994-03-22', 65),
(638, 'Surveillance and security systems', '2005-02-04', 1, 'SAMSUNG', '2002-03-26', 22),
(639, 'Infectious waste containers', '2017-03-11', 1, 'HP', '2000-01-08', 7),
(640, 'Defibrillator', '2011-03-18', 0, 'ACER', '2005-09-04', 85),
(641, 'Vital signs monitor', '2018-06-30', 1, 'SAMSUNG', '1997-01-25', 37),
(642, 'Visitor chairs', '2012-02-28', 1, 'SAMSUNG', '1996-12-02', 81),
(643, 'Personal protective equipment', '2012-07-01', 1, 'LG', '2007-11-23', 72),
(644, 'Vital signs monitor', '2004-09-23', 0, 'HUAWEI', '2001-08-03', 65),
(645, 'Microscope', '2002-12-28', 1, 'SAMSUNG', '2008-01-12', 42),
(646, 'Personal protective equipment', '2004-01-17', 0, 'SAMSUNG', '2016-11-28', 63),
(647, 'Parenteral nutrition equipment', '2013-07-02', 0, 'LG', '2016-09-20', 61),
(648, 'Ultrasound machine', '2018-07-01', 1, 'SAMSUNG', '1994-06-25', 74),
(649, 'Hospital bed', '2018-05-08', 0, 'SAMSUNG', '2013-03-18', 13),
(650, 'Defibrillator', '2019-05-06', 1, 'HP', '2010-07-25', 25),
(651, 'Surgical instruments', '2010-07-24', 1, 'SAMSUNG', '2016-08-04', 54),
(652, 'Incubator', '2005-10-01', 0, 'HP', '2000-03-28', 49),
(653, 'Personal protective equipment', '2015-05-25', 0, 'LG', '2006-01-30', 82),
(654, 'Parenteral nutrition equipment', '2011-01-29', 0, 'HP', '1991-11-15', 62),
(655, 'Personal protective equipment', '2020-04-30', 1, 'HUAWEI', '2007-03-30', 49),
(656, 'Microscope', '2017-02-12', 1, 'HUAWEI', '1997-02-22', 17),
(657, 'CT scanner', '2015-07-25', 0, 'HP', '1994-05-27', 15),
(658, 'Vital signs monitor', '2010-06-16', 1, 'LG', '1990-12-26', 10),
(659, 'Operating table', '2006-11-13', 1, 'HUAWEI', '1997-01-12', 48),
(660, 'Diagnostic testing equipment', '2010-08-28', 0, 'SAMSUNG', '2000-03-06', 28),
(661, 'Surgical instruments', '2018-10-11', 1, 'HUAWEI', '1996-06-20', 56),
(662, 'Personal protective equipment', '2017-03-27', 1, 'ACER', '2018-03-16', 10),
(663, 'Patient TV', '2009-09-24', 0, 'SAMSUNG', '1993-07-22', 56),
(664, 'Surveillance and security systems', '2011-08-07', 1, 'ACER', '2016-05-12', 45),
(665, 'Vital signs monitor', '2013-05-27', 1, 'SAMSUNG', '2019-11-19', 66),
(666, 'Surgical light', '2018-02-15', 1, 'LG', '1996-01-02', 85),
(667, 'Vital signs monitor', '2020-03-26', 1, 'ACER', '2001-08-16', 77),
(668, 'Incubator', '2001-12-17', 0, 'ACER', '1992-02-28', 17),
(669, 'Temperature management equipment', '2003-06-13', 0, 'ACER', '1993-07-21', 75),
(670, 'Biomedical waste disposal systems', '2011-10-02', 0, 'ACER', '2004-02-23', 15),
(671, 'Infusion pump', '2016-06-11', 1, 'LG', '2007-12-22', 63),
(672, 'Infectious waste containers', '2003-12-23', 1, 'ACER', '2005-02-09', 71),
(673, 'Infectious waste containers', '2020-07-02', 1, 'ACER', '2019-10-07', 69),
(674, 'Ventilator', '2010-08-09', 1, 'SAMSUNG', '2007-07-01', 77),
(675, 'Surgical light', '2002-05-29', 0, 'SAMSUNG', '2014-04-23', 17),
(676, 'CT scanner', '2004-01-29', 0, 'ACER', '1997-10-07', 20),
(677, 'Blood analyzer', '2005-12-08', 1, 'HP', '2019-02-21', 45),
(678, 'Surgical instruments', '2017-11-19', 1, 'SAMSUNG', '2015-08-26', 58),
(679, 'Blood analyzer', '2004-05-12', 1, 'HP', '2004-02-21', 70),
(680, 'Medical cart', '2014-10-18', 1, 'HP', '2019-09-13', 10),
(681, 'Dialysis machine', '2013-09-03', 0, 'HP', '2015-01-01', 44),
(682, 'Vital signs monitor', '2011-03-28', 0, 'LG', '2009-11-02', 8),
(683, 'Ventilator', '2016-12-21', 1, 'SAMSUNG', '2018-01-06', 48),
(684, 'Dialysis machine', '2003-07-20', 0, 'SAMSUNG', '2012-01-04', 42),
(685, 'Infusion pump', '2007-08-12', 0, 'HP', '2002-01-26', 100),
(686, 'Infusion pump', '2018-11-09', 0, 'LG', '1996-04-14', 62),
(687, 'Vital signs monitor', '2014-05-06', 1, 'SAMSUNG', '2009-05-25', 35),
(688, 'Operating table', '2014-05-07', 0, 'HUAWEI', '2014-07-30', 73),
(689, 'Biomedical waste disposal systems', '2018-02-06', 1, 'SAMSUNG', '2014-12-15', 3),
(690, 'Personal protective equipment', '2000-09-09', 0, 'HP', '2017-04-04', 6),
(691, 'Pain management device', '2011-01-08', 1, 'HP', '1994-12-18', 42),
(692, 'Temperature management equipment', '2013-03-03', 0, 'SAMSUNG', '2014-01-01', 93),
(693, 'Visitor chairs', '2004-01-11', 0, 'SAMSUNG', '1992-02-09', 83),
(694, 'Infusion pump', '2015-07-18', 0, 'HP', '2005-08-16', 94),
(695, 'Biomedical waste disposal systems', '2001-11-08', 1, 'ACER', '1990-08-28', 79),
(696, 'Wound care supplies', '2003-03-14', 0, 'HP', '2019-05-15', 6),
(697, 'Microscope', '2018-10-22', 1, 'ACER', '2017-10-07', 2),
(698, 'Dialysis machine', '2014-07-19', 1, 'HP', '2005-05-30', 28),
(699, 'Defibrillator', '2015-03-07', 1, 'SAMSUNG', '2015-09-10', 25),
(700, 'Wound care supplies', '2012-01-10', 1, 'HP', '2003-06-28', 72),
(701, 'Defibrillator', '2002-02-16', 1, 'HUAWEI', '2003-02-12', 51),
(702, 'MRI scanner', '2015-11-23', 0, 'HP', '2005-10-21', 82),
(703, 'Pain management device', '2011-05-07', 0, 'LG', '2010-01-20', 29),
(704, 'Dialysis machine', '2003-08-12', 1, 'ACER', '2002-05-03', 50),
(705, 'Parenteral nutrition equipment', '2010-12-11', 1, 'LG', '2002-07-04', 45),
(706, 'MRI scanner', '2006-12-24', 0, 'HP', '2019-10-21', 90),
(707, 'Operating table', '2006-12-17', 1, 'LG', '2009-07-05', 4),
(708, 'Hospital bed', '2011-11-02', 1, 'HUAWEI', '2012-03-01', 86),
(709, 'X-ray machine', '2008-04-06', 1, 'ACER', '2008-06-09', 33),
(710, 'CT scanner', '2006-11-06', 0, 'LG', '1991-10-22', 17),
(711, 'Vital signs monitor', '2003-05-01', 0, 'HP', '2019-09-27', 21),
(712, 'Surveillance and security systems', '2018-02-23', 1, 'HUAWEI', '2004-11-23', 74),
(713, 'Pain management device', '2004-12-06', 1, 'LG', '1995-09-03', 88),
(714, 'CT scanner', '2012-10-08', 0, 'HUAWEI', '2011-07-14', 99);
INSERT INTO `materiel_hospitalier` (`id_Materiel`, `type`, `garantie`, `etat_Materiel`, `marque`, `date_acquisition`, `id_centre_hospitalier`) VALUES
(715, 'Infusion pump', '2013-03-28', 1, 'HP', '1994-02-23', 2),
(716, 'Temperature management equipment', '2019-12-02', 0, 'SAMSUNG', '1998-03-30', 92),
(717, 'Defibrillator', '2008-03-02', 1, 'SAMSUNG', '2004-01-29', 31),
(718, 'Diagnostic testing equipment', '2016-02-04', 1, 'HP', '2004-12-09', 12),
(719, 'Patient TV', '2017-03-10', 0, 'SAMSUNG', '1991-05-15', 99),
(720, 'Diagnostic testing equipment', '2004-02-14', 1, 'HUAWEI', '2000-01-26', 98),
(721, 'Centrifuge', '2009-08-14', 0, 'ACER', '1991-08-28', 100),
(722, 'Biomedical waste disposal systems', '2001-12-31', 0, 'SAMSUNG', '1993-06-20', 12),
(723, 'Surveillance and security systems', '2005-04-12', 0, 'HUAWEI', '2018-02-06', 1),
(724, 'Parenteral nutrition equipment', '2005-10-12', 0, 'HP', '2010-07-22', 100),
(725, 'Wound care supplies', '2001-11-28', 1, 'LG', '1995-01-05', 61),
(726, 'Ultrasound machine', '2004-08-08', 0, 'LG', '2013-06-28', 19),
(727, 'Personal protective equipment', '2004-08-13', 0, 'SAMSUNG', '1997-05-10', 22),
(728, 'Personal protective equipment', '2019-10-09', 0, 'SAMSUNG', '2001-06-18', 60),
(729, 'Medical cart', '2012-03-02', 1, 'ACER', '2001-11-18', 60),
(730, 'Diagnostic testing equipment', '2016-12-01', 0, 'LG', '2010-05-27', 48),
(731, 'Visitor chairs', '2015-03-14', 1, 'HP', '1999-05-02', 56),
(732, 'Dialysis machine', '2018-01-17', 1, 'LG', '2010-08-07', 21),
(733, 'Incubator', '2003-04-01', 1, 'ACER', '2019-03-08', 50),
(734, 'Dialysis machine', '2004-06-02', 0, 'HP', '2013-10-08', 25),
(735, 'Pain management device', '2019-11-09', 0, 'HP', '2014-06-18', 49),
(736, 'IV infusion pump', '2005-06-25', 0, 'HP', '2003-08-27', 49),
(737, 'Operating table', '2012-07-14', 0, 'SAMSUNG', '2012-04-11', 35),
(738, 'Hospital bed', '2019-02-25', 1, 'SAMSUNG', '1994-08-27', 79),
(739, 'Incubator', '2013-08-24', 0, 'ACER', '2002-06-10', 53),
(740, 'Personal protective equipment', '2014-03-01', 0, 'SAMSUNG', '2007-01-13', 61),
(741, 'Microscope', '2003-06-27', 0, 'SAMSUNG', '2008-09-25', 98),
(742, 'Biomedical waste disposal systems', '2008-03-27', 1, 'HP', '2012-09-16', 29),
(743, 'Wound care supplies', '2017-05-29', 0, 'LG', '2015-07-01', 75),
(744, 'Surveillance and security systems', '2019-08-03', 0, 'SAMSUNG', '2011-04-02', 100),
(745, 'Diagnostic testing equipment', '2007-08-13', 1, 'HP', '2019-04-28', 96),
(746, 'Visitor chairs', '2006-10-26', 0, 'HP', '2013-09-11', 25),
(747, 'Visitor chairs', '2017-08-26', 0, 'HUAWEI', '2002-10-21', 3),
(748, 'Diagnostic testing equipment', '2011-08-16', 1, 'HP', '2002-01-07', 58),
(749, 'Incubator', '2008-05-09', 0, 'ACER', '1996-06-13', 17),
(750, 'Diagnostic testing equipment', '2015-03-20', 1, 'HUAWEI', '2010-12-10', 17),
(751, 'Wound care supplies', '2006-10-31', 0, 'HP', '2011-04-22', 7),
(752, 'X-ray machine', '2008-06-13', 0, 'ACER', '2002-03-22', 22),
(753, 'Parenteral nutrition equipment', '2013-12-21', 0, 'ACER', '1993-02-24', 32),
(754, 'Infectious waste containers', '2012-11-17', 1, 'HP', '1994-10-09', 84),
(755, 'Centrifuge', '2013-06-22', 1, 'HUAWEI', '2019-05-13', 82),
(756, 'Hospital bed', '2012-07-13', 1, 'HP', '2007-07-27', 23),
(757, 'Surgical instruments', '2008-03-05', 0, 'HUAWEI', '2009-10-12', 19),
(758, 'Personal protective equipment', '2002-01-10', 1, 'HUAWEI', '2012-05-25', 16),
(759, 'MRI scanner', '2001-01-10', 1, 'HP', '1998-03-30', 38),
(760, 'IV infusion pump', '2012-11-20', 1, 'SAMSUNG', '2008-02-12', 32),
(761, 'Microscope', '2012-04-05', 0, 'SAMSUNG', '1997-05-27', 80),
(762, 'Wound care supplies', '2008-04-26', 0, 'ACER', '1990-11-10', 10),
(763, 'Personal protective equipment', '2009-06-30', 1, 'HUAWEI', '2011-06-10', 88),
(764, 'Infusion pump', '2014-03-21', 0, 'HP', '2018-09-22', 86),
(765, 'Hospital bed', '2009-07-05', 1, 'HP', '1996-04-04', 90),
(766, 'IV infusion pump', '2011-04-25', 1, 'LG', '2001-11-03', 30),
(767, 'Incubator', '2015-06-10', 0, 'HUAWEI', '1994-01-30', 49),
(768, 'Incubator', '2019-06-03', 1, 'SAMSUNG', '2011-05-05', 52),
(769, 'Vital signs monitor', '2010-08-28', 1, 'SAMSUNG', '2003-12-18', 59),
(770, 'CT scanner', '2019-06-05', 0, 'HUAWEI', '2006-10-17', 17),
(771, 'Dialysis machine', '2009-09-05', 0, 'SAMSUNG', '2000-02-24', 65),
(772, 'Infusion pump', '2014-07-03', 0, 'HUAWEI', '1994-02-12', 19),
(773, 'Ultrasound machine', '2018-05-24', 1, 'HUAWEI', '1992-06-13', 87),
(774, 'Temperature management equipment', '2012-12-03', 0, 'LG', '2020-03-10', 36),
(775, 'CT scanner', '2009-11-25', 0, 'HP', '2004-12-13', 10),
(776, 'Visitor chairs', '2015-06-10', 1, 'HUAWEI', '2014-03-16', 82),
(777, 'Visitor chairs', '2005-01-31', 0, 'HP', '1995-01-09', 67),
(778, 'Centrifuge', '2014-02-23', 0, 'HUAWEI', '1992-04-29', 20),
(779, 'MRI scanner', '2007-12-20', 1, 'ACER', '1998-06-26', 65),
(780, 'Surgical vacuum', '2017-05-04', 1, 'SAMSUNG', '2011-11-20', 69),
(781, 'Hospital bed', '2017-10-01', 0, 'SAMSUNG', '2016-02-08', 73),
(782, 'Personal protective equipment', '2017-06-11', 0, 'HUAWEI', '1994-07-05', 53),
(783, 'Infectious waste containers', '2012-12-24', 1, 'SAMSUNG', '2005-09-09', 36),
(784, 'Pain management device', '2002-02-03', 1, 'HP', '2008-07-02', 58),
(785, 'Visitor chairs', '2003-11-30', 0, 'SAMSUNG', '1992-07-14', 57),
(786, 'X-ray machine', '2020-05-19', 0, 'HP', '1993-11-30', 32),
(787, 'Medical cart', '2006-05-09', 0, 'ACER', '2001-12-22', 35),
(788, 'X-ray machine', '2017-08-31', 1, 'SAMSUNG', '2013-01-09', 43),
(789, 'Wound care supplies', '2011-09-01', 1, 'LG', '2001-10-13', 46),
(790, 'Centrifuge', '2016-09-01', 0, 'LG', '1999-10-26', 99),
(791, 'Biomedical waste disposal systems', '2008-08-23', 1, 'SAMSUNG', '1997-03-27', 35),
(792, 'Dialysis machine', '2012-12-22', 1, 'HUAWEI', '2010-11-22', 96),
(793, 'Ventilator', '2005-08-23', 0, 'HP', '2018-12-05', 7),
(794, 'X-ray machine', '2011-01-08', 1, 'HUAWEI', '2013-05-18', 59),
(795, 'Wound care supplies', '2017-01-16', 1, 'HP', '2018-09-06', 61),
(796, 'Temperature management equipment', '2001-09-18', 0, 'HUAWEI', '2019-09-28', 45),
(797, 'Parenteral nutrition equipment', '2005-11-14', 1, 'ACER', '2005-03-22', 25),
(798, 'Biomedical waste disposal systems', '2019-04-20', 0, 'LG', '1990-08-25', 65),
(799, 'CT scanner', '2012-02-14', 0, 'SAMSUNG', '1995-10-08', 29),
(800, 'Blood analyzer', '2016-04-12', 0, 'HUAWEI', '1994-09-09', 75),
(801, 'Parenteral nutrition equipment', '2005-11-25', 0, 'HP', '1993-01-30', 92),
(802, 'Surgical light', '2006-04-22', 0, 'HUAWEI', '2009-09-15', 37),
(803, 'Ultrasound machine', '2016-02-29', 1, 'SAMSUNG', '1996-11-05', 69),
(804, 'Patient TV', '2004-02-21', 0, 'ACER', '2004-04-05', 10),
(805, 'X-ray machine', '2003-06-06', 1, 'HUAWEI', '2001-06-30', 28),
(806, 'Infectious waste containers', '2002-07-22', 1, 'HUAWEI', '2002-01-01', 95),
(807, 'Visitor chairs', '2008-02-16', 1, 'HUAWEI', '2018-02-13', 76),
(808, 'Diagnostic testing equipment', '2005-02-13', 0, 'HP', '2019-05-07', 39),
(809, 'Surveillance and security systems', '2002-11-27', 0, 'HP', '1997-05-30', 1),
(810, 'Ventilator', '2005-09-28', 1, 'HUAWEI', '2016-05-23', 87),
(811, 'Surveillance and security systems', '2017-02-13', 1, 'HUAWEI', '2002-11-16', 34),
(812, 'Patient TV', '2013-06-27', 0, 'ACER', '2005-06-01', 56),
(813, 'Surveillance and security systems', '2000-12-10', 1, 'ACER', '2017-04-16', 13),
(814, 'Defibrillator', '2014-01-08', 1, 'HUAWEI', '1996-09-21', 10),
(815, 'Operating table', '2001-09-12', 0, 'HUAWEI', '2000-02-21', 66),
(816, 'Medical cart', '2018-05-18', 0, 'HP', '1997-04-09', 18),
(817, 'IV infusion pump', '2004-09-15', 1, 'HUAWEI', '2007-08-27', 66),
(818, 'Wound care supplies', '2006-06-09', 0, 'HP', '2009-06-21', 65),
(819, 'Ultrasound machine', '2003-05-22', 0, 'SAMSUNG', '1990-08-16', 35),
(820, 'Hospital bed', '2005-12-26', 1, 'ACER', '2004-01-02', 1),
(821, 'MRI scanner', '2010-08-06', 1, 'ACER', '2010-05-31', 44),
(822, 'Defibrillator', '2002-07-30', 1, 'HP', '1999-12-28', 6),
(823, 'Blood analyzer', '2016-10-02', 0, 'LG', '2007-11-13', 80),
(824, 'IV infusion pump', '2007-10-25', 1, 'HP', '1995-06-24', 86),
(825, 'Medical cart', '2017-01-15', 0, 'ACER', '2016-01-16', 71),
(826, 'Medical cart', '2007-01-27', 0, 'LG', '1996-05-23', 71),
(827, 'Parenteral nutrition equipment', '2007-06-11', 0, 'HUAWEI', '2013-10-13', 58),
(828, 'Biomedical waste disposal systems', '2010-06-30', 1, 'LG', '2016-04-27', 39),
(829, 'Surgical vacuum', '2015-08-09', 1, 'HUAWEI', '2010-09-16', 5),
(830, 'Vital signs monitor', '2004-05-09', 1, 'HUAWEI', '2009-01-29', 42),
(831, 'Surgical light', '2009-12-25', 0, 'HUAWEI', '2005-06-08', 97),
(832, 'Wound care supplies', '2015-08-22', 1, 'HP', '1998-09-03', 88),
(833, 'Infectious waste containers', '2001-01-27', 0, 'SAMSUNG', '2019-01-21', 11),
(834, 'Defibrillator', '2013-11-01', 0, 'SAMSUNG', '2002-04-23', 6),
(835, 'IV infusion pump', '2018-03-21', 0, 'HUAWEI', '2012-02-02', 19),
(836, 'IV infusion pump', '2017-07-04', 1, 'HUAWEI', '1994-08-24', 32),
(837, 'Infusion pump', '2007-09-30', 1, 'LG', '2006-04-20', 53),
(838, 'Wound care supplies', '2009-07-05', 1, 'HUAWEI', '2005-10-15', 80),
(839, 'Visitor chairs', '2006-07-14', 0, 'SAMSUNG', '2009-06-05', 27),
(840, 'Ventilator', '2017-03-23', 0, 'SAMSUNG', '2009-04-22', 1),
(841, 'Dialysis machine', '2009-11-22', 0, 'SAMSUNG', '1992-02-22', 21),
(842, 'Patient TV', '2019-11-16', 1, 'ACER', '2005-09-06', 29),
(843, 'Temperature management equipment', '2002-01-21', 0, 'SAMSUNG', '1995-03-09', 18),
(844, 'Hospital bed', '2016-05-19', 1, 'SAMSUNG', '1998-06-22', 25),
(845, 'Infusion pump', '2010-01-11', 1, 'HP', '1995-12-05', 27),
(846, 'Surveillance and security systems', '2000-09-01', 0, 'HUAWEI', '2015-02-11', 38),
(847, 'Ultrasound machine', '2009-12-10', 0, 'LG', '1993-06-21', 58),
(848, 'Surgical light', '2008-01-15', 1, 'ACER', '2019-08-13', 66),
(849, 'Surgical vacuum', '2004-05-20', 1, 'ACER', '2010-06-04', 81),
(850, 'Hospital bed', '2004-11-16', 0, 'SAMSUNG', '2020-06-07', 89),
(851, 'Medical cart', '2002-10-12', 1, 'HP', '2017-05-15', 99),
(852, 'MRI scanner', '2012-10-28', 0, 'HUAWEI', '1990-11-03', 94),
(853, 'Parenteral nutrition equipment', '2005-07-30', 0, 'SAMSUNG', '2000-10-29', 77),
(854, 'Medical cart', '2010-03-30', 0, 'LG', '1992-08-12', 87),
(855, 'Operating table', '2018-08-13', 1, 'HUAWEI', '2009-12-05', 38),
(856, 'Infusion pump', '2007-01-28', 0, 'HUAWEI', '2004-02-28', 22),
(857, 'Pain management device', '2019-03-16', 0, 'LG', '2005-08-17', 56),
(858, 'CT scanner', '2004-05-07', 1, 'HUAWEI', '2018-11-03', 19),
(859, 'Pain management device', '2013-08-19', 0, 'SAMSUNG', '2004-01-20', 23),
(860, 'Centrifuge', '2016-09-20', 0, 'LG', '2004-03-18', 39),
(861, 'Surveillance and security systems', '2017-11-05', 0, 'LG', '2013-02-05', 73),
(862, 'Defibrillator', '2013-12-04', 1, 'ACER', '2016-11-25', 100),
(863, 'Diagnostic testing equipment', '2020-03-26', 1, 'ACER', '1995-08-09', 82),
(864, 'Dialysis machine', '2018-09-29', 1, 'ACER', '2011-03-12', 17),
(865, 'Incubator', '2010-06-20', 1, 'HP', '2002-12-06', 10),
(866, 'Dialysis machine', '2016-11-14', 1, 'ACER', '2017-04-06', 16),
(867, 'Surgical vacuum', '2017-01-02', 1, 'LG', '1996-01-10', 69),
(868, 'Personal protective equipment', '2006-08-10', 0, 'HUAWEI', '2017-07-30', 34),
(869, 'Surgical instruments', '2010-05-06', 0, 'HP', '2012-06-04', 50),
(870, 'Ultrasound machine', '2020-05-22', 0, 'ACER', '1994-11-01', 27),
(871, 'Surgical instruments', '2010-10-20', 1, 'HP', '2013-03-09', 23),
(872, 'Pain management device', '2016-01-14', 1, 'LG', '2002-07-08', 19),
(873, 'Parenteral nutrition equipment', '2012-03-12', 0, 'HP', '2004-11-18', 32),
(874, 'Pain management device', '2019-03-26', 0, 'ACER', '1995-07-05', 96),
(875, 'Diagnostic testing equipment', '2013-04-27', 0, 'LG', '2006-06-19', 61),
(876, 'Centrifuge', '2004-02-20', 0, 'SAMSUNG', '2016-07-23', 37),
(877, 'Hospital bed', '2012-10-23', 0, 'SAMSUNG', '1992-02-19', 1),
(878, 'Operating table', '2016-04-18', 1, 'HUAWEI', '2014-03-15', 31),
(879, 'Centrifuge', '2012-05-12', 1, 'HUAWEI', '2003-03-20', 85),
(880, 'Surgical light', '2010-09-06', 0, 'HP', '2013-09-25', 17),
(881, 'X-ray machine', '2009-02-16', 0, 'HP', '1998-01-02', 35),
(882, 'Parenteral nutrition equipment', '2010-02-07', 1, 'HUAWEI', '2009-06-19', 67),
(883, 'Biomedical waste disposal systems', '2006-08-04', 1, 'LG', '1999-12-07', 11),
(884, 'Wound care supplies', '2010-12-01', 0, 'LG', '1997-05-04', 65),
(885, 'Surgical instruments', '2006-02-08', 1, 'SAMSUNG', '2005-03-17', 75),
(886, 'CT scanner', '2008-05-10', 1, 'SAMSUNG', '2012-03-20', 63),
(887, 'Infusion pump', '2019-01-23', 1, 'LG', '2002-03-05', 75),
(888, 'Surveillance and security systems', '2007-01-01', 1, 'ACER', '2010-12-02', 98),
(889, 'MRI scanner', '2017-02-06', 1, 'HUAWEI', '2011-05-25', 31),
(890, 'Ventilator', '2020-05-01', 1, 'HP', '1993-02-03', 32),
(891, 'Infusion pump', '2010-02-14', 1, 'LG', '2014-07-16', 38),
(892, 'Operating table', '2011-01-03', 1, 'HUAWEI', '2006-04-29', 89),
(893, 'Defibrillator', '2017-10-30', 1, 'HP', '2018-07-27', 44),
(894, 'Infectious waste containers', '2002-12-29', 0, 'SAMSUNG', '2014-01-05', 95),
(895, 'Vital signs monitor', '2015-02-26', 1, 'HUAWEI', '2016-04-16', 57),
(896, 'Infusion pump', '2006-07-08', 1, 'ACER', '2005-09-03', 56),
(897, 'Ultrasound machine', '2005-06-03', 0, 'HUAWEI', '2007-04-07', 22),
(898, 'Surgical light', '2018-05-11', 1, 'ACER', '1998-06-21', 37),
(899, 'Surgical vacuum', '2012-06-20', 1, 'HP', '2001-10-31', 36),
(900, 'Incubator', '2000-12-25', 0, 'HUAWEI', '2006-11-25', 51),
(901, 'Defibrillator', '2011-11-06', 1, 'LG', '2010-08-14', 53),
(902, 'Operating table', '2015-11-08', 0, 'HUAWEI', '2019-05-15', 47),
(903, 'Ventilator', '2012-02-11', 1, 'LG', '2000-11-19', 19),
(904, 'Temperature management equipment', '2008-02-12', 0, 'SAMSUNG', '2000-06-24', 17),
(905, 'Visitor chairs', '2007-03-01', 1, 'HP', '2002-03-31', 40),
(906, 'Blood analyzer', '2006-01-16', 1, 'LG', '2008-10-23', 40),
(907, 'Operating table', '2011-04-27', 0, 'LG', '1996-11-20', 63),
(908, 'Wound care supplies', '2004-09-10', 0, 'HP', '2004-03-23', 7),
(909, 'Biomedical waste disposal systems', '2017-02-21', 1, 'HUAWEI', '1997-06-03', 50),
(910, 'Patient TV', '2017-07-11', 0, 'ACER', '1998-11-29', 2),
(911, 'Infectious waste containers', '2008-11-22', 0, 'HUAWEI', '1998-10-24', 37),
(912, 'Ventilator', '2006-08-12', 1, 'ACER', '2008-02-18', 55),
(913, 'Blood analyzer', '2017-12-07', 1, 'SAMSUNG', '1993-06-24', 32),
(914, 'CT scanner', '2009-01-12', 0, 'ACER', '1991-03-08', 7),
(915, 'Ventilator', '2006-08-31', 0, 'SAMSUNG', '2014-10-03', 31),
(916, 'Vital signs monitor', '2006-06-24', 0, 'HUAWEI', '1992-06-13', 68),
(917, 'Infusion pump', '2013-09-28', 0, 'ACER', '1996-12-20', 92),
(918, 'Surveillance and security systems', '2012-11-04', 1, 'HP', '2018-08-28', 12),
(919, 'Personal protective equipment', '2017-02-26', 0, 'LG', '2020-04-13', 100),
(920, 'Hospital bed', '2005-12-22', 0, 'SAMSUNG', '1994-12-27', 100),
(921, 'Dialysis machine', '2002-10-31', 0, 'HUAWEI', '2010-04-06', 12),
(922, 'Hospital bed', '2010-07-25', 0, 'HUAWEI', '2006-05-12', 57),
(923, 'Incubator', '2005-01-25', 1, 'ACER', '1993-10-05', 100),
(924, 'Surgical instruments', '2009-10-06', 0, 'HP', '1998-03-10', 2),
(925, 'Biomedical waste disposal systems', '2014-08-09', 1, 'LG', '2008-01-02', 78),
(926, 'Surgical light', '2008-03-14', 1, 'ACER', '2011-09-11', 96),
(927, 'Visitor chairs', '2008-10-14', 1, 'HP', '2002-11-12', 48),
(928, 'Patient TV', '2000-10-17', 1, 'ACER', '1998-06-17', 40),
(929, 'Hospital bed', '2018-08-24', 1, 'LG', '1992-06-23', 26),
(930, 'Medical cart', '2002-11-23', 0, 'SAMSUNG', '2006-06-03', 3),
(931, 'CT scanner', '2017-12-21', 0, 'LG', '2012-06-10', 64),
(932, 'Diagnostic testing equipment', '2005-02-16', 0, 'HP', '2009-01-30', 89),
(933, 'Ventilator', '2012-10-31', 1, 'HUAWEI', '1995-12-26', 88),
(934, 'Ultrasound machine', '2017-10-26', 0, 'ACER', '1996-01-17', 83),
(935, 'Medical cart', '2005-02-17', 1, 'LG', '2011-11-07', 10),
(936, 'Microscope', '2017-12-11', 0, 'SAMSUNG', '2020-05-25', 34),
(937, 'Biomedical waste disposal systems', '2007-11-28', 1, 'SAMSUNG', '2004-05-24', 45),
(938, 'IV infusion pump', '2001-04-25', 0, 'HUAWEI', '2012-01-05', 1),
(939, 'Surgical light', '2015-06-26', 1, 'SAMSUNG', '1999-05-07', 46),
(940, 'Medical cart', '2009-01-26', 0, 'SAMSUNG', '2002-05-28', 67),
(941, 'Surveillance and security systems', '2019-08-21', 1, 'HP', '2017-12-20', 57),
(942, 'Temperature management equipment', '2008-01-17', 1, 'LG', '2009-01-18', 71),
(943, 'Ventilator', '2012-08-06', 1, 'ACER', '2015-07-01', 73),
(944, 'CT scanner', '2005-09-21', 1, 'HP', '2002-08-02', 96),
(945, 'Vital signs monitor', '2018-02-25', 1, 'HUAWEI', '2008-10-09', 8),
(946, 'Patient TV', '2019-09-09', 0, 'HP', '2006-04-14', 44),
(947, 'Ventilator', '2008-09-14', 0, 'LG', '2002-05-13', 52),
(948, 'Dialysis machine', '2008-09-11', 0, 'HP', '2019-09-17', 81),
(949, 'Vital signs monitor', '2013-08-07', 0, 'SAMSUNG', '2006-01-01', 40),
(950, 'Microscope', '2019-05-12', 0, 'ACER', '1993-03-22', 60),
(951, 'Pain management device', '2008-09-01', 0, 'HP', '1992-01-09', 67),
(952, 'Patient TV', '2002-08-11', 0, 'ACER', '1994-06-02', 9),
(953, 'Temperature management equipment', '2002-04-20', 1, 'HP', '2009-01-13', 2),
(954, 'X-ray machine', '2004-07-25', 1, 'ACER', '2018-09-24', 38),
(955, 'Surgical vacuum', '2017-03-18', 0, 'SAMSUNG', '2017-05-05', 85),
(956, 'Infectious waste containers', '2003-08-25', 1, 'HUAWEI', '2000-07-31', 11),
(957, 'Pain management device', '2016-09-19', 1, 'HUAWEI', '2010-11-27', 9),
(958, 'MRI scanner', '2015-10-16', 0, 'HUAWEI', '1995-04-28', 56),
(959, 'Centrifuge', '2014-03-17', 0, 'HUAWEI', '2001-06-18', 90),
(960, 'Medical cart', '2016-05-24', 0, 'SAMSUNG', '2001-10-22', 26),
(961, 'Pain management device', '2017-09-07', 1, 'ACER', '2007-07-06', 18),
(962, 'Temperature management equipment', '2011-04-29', 1, 'HUAWEI', '1997-09-30', 84),
(963, 'Diagnostic testing equipment', '2002-06-20', 1, 'HUAWEI', '2002-02-21', 95),
(964, 'Temperature management equipment', '2001-06-05', 0, 'HP', '1995-05-01', 95),
(965, 'Hospital bed', '2013-05-26', 1, 'ACER', '2012-11-29', 66),
(966, 'Surveillance and security systems', '2010-12-29', 0, 'HUAWEI', '1990-10-03', 82),
(967, 'X-ray machine', '2013-07-04', 0, 'ACER', '2017-09-08', 19),
(968, 'IV infusion pump', '2001-11-18', 0, 'LG', '2015-04-23', 2),
(969, 'Centrifuge', '2014-04-07', 1, 'ACER', '2012-04-30', 35),
(970, 'Vital signs monitor', '2013-01-09', 1, 'ACER', '1996-02-15', 10),
(971, 'Surgical vacuum', '2011-06-08', 1, 'HP', '2006-03-03', 42),
(972, 'Temperature management equipment', '2012-09-12', 1, 'SAMSUNG', '2005-09-21', 37),
(973, 'Ultrasound machine', '2007-08-09', 0, 'LG', '2010-12-04', 84),
(974, 'CT scanner', '2014-05-24', 1, 'SAMSUNG', '2003-09-27', 13),
(975, 'Surveillance and security systems', '2002-10-04', 0, 'ACER', '2011-11-29', 30),
(976, 'Vital signs monitor', '2002-12-05', 0, 'ACER', '1995-11-17', 76),
(977, 'Operating table', '2013-10-30', 1, 'HUAWEI', '2001-11-21', 20),
(978, 'Surgical vacuum', '2015-07-08', 0, 'HP', '1992-12-26', 23),
(979, 'CT scanner', '2017-01-17', 0, 'HUAWEI', '2015-08-06', 3),
(980, 'IV infusion pump', '2002-04-26', 1, 'HP', '1990-09-01', 98),
(981, 'Medical cart', '2004-01-19', 1, 'SAMSUNG', '2006-10-26', 69),
(982, 'Parenteral nutrition equipment', '2008-09-18', 1, 'HP', '2014-02-21', 25),
(983, 'Infusion pump', '2002-01-24', 0, 'HP', '1996-01-02', 54),
(984, 'Centrifuge', '2016-02-25', 1, 'HUAWEI', '2016-02-24', 59),
(985, 'X-ray machine', '2001-05-30', 1, 'HUAWEI', '2013-01-23', 29),
(986, 'Dialysis machine', '2015-12-13', 1, 'HP', '1992-01-03', 20),
(987, 'MRI scanner', '2012-02-05', 0, 'HP', '2007-03-07', 47),
(988, 'Visitor chairs', '2008-05-05', 0, 'SAMSUNG', '2012-05-26', 71),
(989, 'Ultrasound machine', '2009-03-31', 1, 'HP', '2002-09-20', 32),
(990, 'Centrifuge', '2010-03-07', 0, 'LG', '2015-11-30', 33),
(991, 'Vital signs monitor', '2001-04-17', 0, 'HP', '1998-03-11', 91),
(992, 'Microscope', '2000-12-07', 1, 'ACER', '2019-08-22', 38),
(993, 'Medical cart', '2004-10-21', 0, 'HUAWEI', '1993-01-19', 58),
(994, 'Defibrillator', '2010-06-10', 1, 'HP', '2002-11-20', 8),
(995, 'Dialysis machine', '2007-02-09', 0, 'SAMSUNG', '2017-11-16', 46),
(996, 'Surgical vacuum', '2016-02-28', 0, 'LG', '1998-02-27', 49),
(997, 'Ventilator', '2010-10-08', 0, 'ACER', '1997-09-19', 41),
(998, 'MRI scanner', '2016-11-18', 0, 'HUAWEI', '1991-05-09', 18),
(999, 'Ultrasound machine', '2003-11-15', 1, 'ACER', '2017-06-28', 99),
(1000, 'Surgical light', '2009-03-23', 0, 'ACER', '2006-05-31', 91);

-- --------------------------------------------------------

--
-- Table structure for table `patient`
--

CREATE TABLE `patient` (
  `id` int(11) NOT NULL,
  `first_name` varchar(50) DEFAULT NULL,
  `last_name` varchar(50) DEFAULT NULL,
  `addresse` varchar(50) DEFAULT NULL,
  `date_naissance` date DEFAULT NULL,
  `profession` varchar(23) DEFAULT NULL,
  `genre` varchar(50) DEFAULT NULL,
  `telephone` varchar(50) DEFAULT NULL
) ENGINE=InnoDB DEFAULT CHARSET=utf8;

--
-- Dumping data for table `patient`
--

INSERT INTO `patient` (`id`, `first_name`, `last_name`, `addresse`, `date_naissance`, `profession`, `genre`, `telephone`) VALUES
(1, 'Leo', 'Hamill', 'lhamill0@macromedia.com', '1983-05-19', 'Bartender', 'M', '352-950-2478'),
(2, 'Westleigh', 'Egalton', 'wegalton1@who.int', '1958-02-14', 'Financial Analyst', 'M', '520-575-7855'),
(3, 'Nanni', 'Steffans', 'nsteffans2@ifeng.com', '2022-06-11', 'Carpenter', 'F', '631-750-3298'),
(4, 'Cassaundra', 'Waddup', 'cwaddup3@php.net', '1989-05-16', 'Photographer', 'F', '768-945-3067'),
(5, 'Tabb', 'Fish', 'tfish4@merriam-webster.com', '1988-02-07', 'Marketing Specialist', 'M', '363-131-8264'),
(6, 'Charmain', 'Naismith', 'cnaismith5@omniture.com', '1955-08-28', 'Police Officer', 'F', '137-924-2634'),
(7, 'Rafaellle', 'Keel', 'rkeel6@si.edu', '2015-11-26', 'Architect', 'M', '515-886-4547'),
(8, 'Mirabella', 'McCloid', 'mmccloid7@i2i.jp', '1967-10-23', 'Pharmacist', 'F', '380-141-0587'),
(9, 'Jackie', 'Hennemann', 'jhennemann8@alexa.com', '1988-06-29', 'Real Estate Agent', 'F', '669-517-7439'),
(10, 'Nickola', 'Blything', 'nblything9@spiegel.de', '2000-10-10', 'Carpenter', 'M', '607-834-2907'),
(11, 'Appolonia', 'Courage', 'acouragea@dion.ne.jp', '1982-01-07', 'Human Resources Manager', 'F', '125-652-5862'),
(12, 'Renell', 'Galliford', 'rgallifordb@discuz.net', '2005-05-27', 'Travel Agent', 'F', '923-157-0737'),
(13, 'Laureen', 'Beardsdale', 'lbeardsdalec@japanpost.jp', '1996-06-29', 'Firefighter', 'F', '846-927-0798'),
(14, 'Hercules', 'Yakushkev', 'hyakushkevd@squarespace.com', '1993-05-27', 'Veterinarian', 'M', '900-737-6855'),
(15, 'Antonino', 'Lawton', 'alawtone@pinterest.com', '1954-01-23', 'Firefighter', 'M', '191-638-7969'),
(16, 'Krissy', 'Roja', 'krojaf@wordpress.com', '1993-09-16', 'Architect', 'F', '814-355-7599'),
(17, 'Forrester', 'Bilt', 'fbiltg@cnbc.com', '2017-06-30', 'Mechanic', 'M', '821-876-1556'),
(18, 'Giustino', 'McWilliam', 'gmcwilliamh@cpanel.net', '2003-02-18', 'Graphic Designer', 'M', '162-328-1534'),
(19, 'Kendell', 'Cockhill', 'kcockhilli@jimdo.com', '2017-08-07', 'Entrepreneur', 'M', '345-606-3251'),
(20, 'Julius', 'Pettipher', 'jpettipherj@amazonaws.com', '1969-07-02', 'Retail Manager', 'M', '413-193-3677'),
(21, 'Constancy', 'Bickford', 'cbickfordk@constantcontact.com', '1964-09-11', 'Consultant', 'F', '555-499-5333'),
(22, 'Reamonn', 'Zotto', 'rzottol@chicagotribune.com', '1995-01-22', 'Retail Manager', 'M', '372-549-4157'),
(23, 'Carissa', 'Kidney', 'ckidneym@privacy.gov.au', '2006-07-04', 'Doctor', 'F', '653-380-9161'),
(24, 'Siward', 'Durnford', 'sdurnfordn@unc.edu', '2008-01-26', 'Veterinarian', 'M', '303-546-5384'),
(25, 'Ardyth', 'Blagbrough', 'ablagbrougho@epa.gov', '1970-04-17', 'Mechanic', 'F', '418-686-4634'),
(26, 'Arlyne', 'Lewton', 'alewtonp@pbs.org', '1998-06-21', 'Marketing Specialist', 'F', '921-334-7912'),
(27, 'Lorinda', 'Baggott', 'lbaggottq@gov.uk', '2020-08-22', 'Architect', 'F', '632-650-1427'),
(28, 'Ann', 'Shinefield', 'ashinefieldr@woothemes.com', '2002-08-30', 'Chef', 'F', '564-151-1986'),
(29, 'Griffy', 'Cokely', 'gcokelys@ox.ac.uk', '1976-04-25', 'Hotel Manager', 'M', '592-464-1140'),
(30, 'Imelda', 'Elcomb', 'ielcombt@angelfire.com', '1979-07-23', 'Electrician', 'F', '319-963-0235'),
(31, 'Antoinette', 'Woods', 'awoodsu@netlog.com', '1961-03-16', 'Plumber', 'F', '686-446-7833'),
(32, 'Carmencita', 'Seeking', 'cseekingv@marketwatch.com', '2009-10-22', 'Carpenter', 'F', '457-824-0449'),
(33, 'Tucker', 'Frarey', 'tfrareyw@ftc.gov', '1970-06-07', 'Engineer', 'M', '416-956-2011'),
(34, 'Rudyard', 'Cutsforth', 'rcutsforthx@ibm.com', '1993-06-18', 'Banker', 'M', '219-876-1959'),
(35, 'Franni', 'Cawte', 'fcawtey@oracle.com', '1993-05-16', 'Therapist', 'F', '237-933-7762'),
(36, 'Muhammad', 'Needham', 'mneedhamz@bravesites.com', '1999-05-12', 'Travel Agent', 'M', '923-495-3836'),
(37, 'Delora', 'Smiley', 'dsmiley10@jalbum.net', '1970-07-25', 'Therapist', 'F', '300-610-1511'),
(38, 'Gwennie', 'Matussow', 'gmatussow11@google.cn', '2011-12-11', 'Actor', 'F', '633-254-0032'),
(39, 'Mignonne', 'Storm', 'mstorm12@163.com', '1956-03-11', 'Software Developer', 'F', '145-422-7203'),
(40, 'Georgie', 'Calterone', 'gcalterone13@nationalgeographic.com', '1983-09-09', 'Plumber', 'M', '650-491-1582'),
(41, 'Donna', 'Galtone', 'dgaltone14@behance.net', '1973-08-06', 'Project Manager', 'F', '135-630-4203'),
(42, 'Austin', 'Spiby', 'aspiby15@imgur.com', '1954-03-30', 'Psychologist', 'F', '496-777-3299'),
(43, 'Anderson', 'Amsden', 'aamsden16@nps.gov', '1974-05-30', 'Economist', 'M', '541-345-7163'),
(44, 'Lawton', 'Ghion', 'lghion17@ed.gov', '2016-12-12', 'Consultant', 'M', '882-457-3009'),
(45, 'Smitty', 'Billsberry', 'sbillsberry18@yahoo.co.jp', '1973-10-11', 'Artist', 'M', '376-616-3007'),
(46, 'Tito', 'Brower', 'tbrower19@shinystat.com', '1972-09-11', 'Data Analyst', 'M', '963-318-0775'),
(47, 'Falito', 'Wattins', 'fwattins1a@ifeng.com', '2019-10-20', 'Bartender', 'M', '550-762-5106'),
(48, 'Gwyn', 'Graver', 'ggraver1b@last.fm', '1976-02-04', 'Carpenter', 'F', '749-252-4707'),
(49, 'Klemens', 'Cushe', 'kcushe1c@harvard.edu', '2008-07-18', 'Pharmacist', 'M', '838-348-1347'),
(50, 'Zebadiah', 'Cutler', 'zcutler1d@usda.gov', '1993-01-29', 'Teacher', 'M', '515-116-1016'),
(51, 'Lemar', 'Wragg', 'lwragg1e@baidu.com', '1951-02-04', 'Entrepreneur', 'M', '269-878-4234'),
(52, 'Joshua', 'Dorrell', 'jdorrell1f@diigo.com', '2006-03-22', 'Chef', 'M', '916-888-2182'),
(53, 'Brenda', 'Garnett', 'bgarnett1g@trellian.com', '1967-09-15', 'Architect', 'F', '209-217-6644'),
(54, 'Adena', 'Bolver', 'abolver1h@mozilla.org', '1984-01-14', 'Psychologist', 'F', '377-430-1819'),
(55, 'Clementine', 'Gaucher', 'cgaucher1i@paypal.com', '1965-10-13', 'Salesperson', 'F', '383-415-8578'),
(56, 'Seth', 'Bruggen', 'sbruggen1j@a8.net', '1975-03-09', 'Entrepreneur', 'M', '387-894-6083'),
(57, 'Zebulon', 'Geaney', 'zgeaney1k@earthlink.net', '1984-12-14', 'Financial Analyst', 'M', '983-892-9632'),
(58, 'Von', 'Erlam', 'verlam1l@ustream.tv', '1976-03-19', 'Salesperson', 'M', '667-880-2938'),
(59, 'Perla', 'Kirvell', 'pkirvell1m@newyorker.com', '1994-07-27', 'Plumber', 'F', '514-628-9455'),
(60, 'Abdul', 'Petraitis', 'apetraitis1n@msn.com', '1968-03-18', 'Entrepreneur', 'M', '170-756-4013'),
(61, 'Rustie', 'Wagerfield', 'rwagerfield1o@ihg.com', '2002-10-23', 'Therapist', 'M', '148-364-7374'),
(62, 'Chicky', 'Hearne', 'chearne1p@webeden.co.uk', '1996-12-17', 'Electrician', 'M', '436-887-5472'),
(63, 'Elvis', 'Coventon', 'ecoventon1q@nationalgeographic.com', '2010-11-17', 'Economist', 'M', '364-561-8150'),
(64, 'Hamlin', 'Tsar', 'htsar1r@wiley.com', '1953-07-21', 'Actor', 'M', '611-900-0149'),
(65, 'Grove', 'Perle', 'gperle1s@homestead.com', '1971-04-02', 'Graphic Designer', 'M', '950-717-9852'),
(66, 'Marla', 'Bastistini', 'mbastistini1t@storify.com', '2014-05-12', 'Scientist', 'F', '673-694-1855'),
(67, 'Shannah', 'Woodthorpe', 'swoodthorpe1u@chronoengine.com', '1978-03-31', 'Financial Analyst', 'F', '484-902-7318'),
(68, 'Elsbeth', 'Fisbey', 'efisbey1v@exblog.jp', '1984-11-12', 'Scientist', 'F', '841-330-9748'),
(69, 'Aleece', 'Tremontana', 'atremontana1w@digg.com', '2018-01-04', 'Engineer', 'F', '423-120-8008'),
(70, 'Rolf', 'Linskill', 'rlinskill1x@nasa.gov', '1989-07-18', 'Engineer', 'M', '438-553-2409'),
(71, 'Analise', 'Crapper', 'acrapper1y@prlog.org', '1982-06-23', 'IT Support Specialist', 'F', '746-922-4864'),
(72, 'Emmanuel', 'Boleyn', 'eboleyn1z@taobao.com', '2013-08-02', 'Lawyer', 'M', '487-654-2078'),
(73, 'Timofei', 'Lewson', 'tlewson20@netlog.com', '2011-05-18', 'Bartender', 'M', '716-483-4187'),
(74, 'Killian', 'Whitfeld', 'kwhitfeld21@smugmug.com', '2016-01-13', 'Project Manager', 'M', '947-348-7504'),
(75, 'Belvia', 'Ashborne', 'bashborne22@msn.com', '1956-07-14', 'Artist', 'F', '731-638-1815'),
(76, 'Jerome', 'Wealthall', 'jwealthall23@paypal.com', '1970-07-27', 'Human Resources Manager', 'M', '524-858-8941'),
(77, 'Klarrisa', 'Reen', 'kreen24@cbsnews.com', '1988-11-06', 'Project Manager', 'F', '142-373-3326'),
(78, 'Cazzie', 'Fosdick', 'cfosdick25@fema.gov', '1979-01-08', 'Retail Manager', 'M', '149-684-9443'),
(79, 'Raffarty', 'Hush', 'rhush26@yolasite.com', '2023-11-14', 'Dentist', 'M', '867-343-5083'),
(80, 'Antonietta', 'Bilson', 'abilson27@house.gov', '1988-05-28', 'Therapist', 'F', '334-787-4585'),
(81, 'Maxwell', 'Fido', 'mfido28@ebay.co.uk', '2003-12-13', 'Banker', 'M', '908-429-5606'),
(82, 'Seymour', 'Gotobed', 'sgotobed29@mediafire.com', '1985-02-06', 'Software Developer', 'M', '563-929-9317'),
(83, 'Hayden', 'Andrejevic', 'handrejevic2a@un.org', '2012-05-24', 'Mechanic', 'M', '228-661-7339'),
(84, 'Hans', 'Raymond', 'hraymond2b@japanpost.jp', '1960-07-30', 'Carpenter', 'M', '373-534-6409'),
(85, 'Staci', 'Malinowski', 'smalinowski2c@google.it', '1983-04-13', 'Nurse', 'F', '889-361-3372'),
(86, 'Zane', 'Knocker', 'zknocker2d@biblegateway.com', '1972-08-04', 'Hotel Manager', 'M', '920-100-4711'),
(87, 'Ellswerth', 'Rime', 'erime2e@intel.com', '2014-03-31', 'Photographer', 'M', '409-110-0390'),
(88, 'Ladonna', 'Hexam', 'lhexam2f@scientificamerican.com', '1962-01-07', 'Hotel Manager', 'F', '915-358-9037'),
(89, 'Effie', 'Ingilson', 'eingilson2g@constantcontact.com', '1987-06-14', 'Artist', 'F', '464-789-7690'),
(90, 'Raymond', 'Tupper', 'rtupper2h@ustream.tv', '2016-10-16', 'Psychologist', 'M', '109-905-2780'),
(91, 'Jakob', 'Whacket', 'jwhacket2i@arstechnica.com', '2021-02-04', 'Journalist', 'M', '982-341-7338'),
(92, 'Sammy', 'Tuplin', 'stuplin2j@ustream.tv', '1980-08-10', 'Teacher', 'F', '924-965-8030'),
(93, 'Mitzi', 'Duffree', 'mduffree2k@soundcloud.com', '1954-06-07', 'Psychologist', 'F', '858-938-0727'),
(94, 'Winston', 'Threader', 'wthreader2l@bbb.org', '2006-09-19', 'Fitness Trainer', 'M', '971-722-1783'),
(95, 'Bertine', 'Liddel', 'bliddel2m@foxnews.com', '1951-01-15', 'Scientist', 'F', '773-677-7253'),
(96, 'Lanae', 'Klousner', 'lklousner2n@ed.gov', '1986-11-29', 'Electrician', 'F', '977-479-4852'),
(97, 'Stearne', 'Tyreman', 'styreman2o@webeden.co.uk', '2009-08-15', 'Pilot', 'M', '755-196-4721'),
(98, 'Hi', 'Najara', 'hnajara2p@intel.com', '1989-12-08', 'Photographer', 'M', '876-229-3132'),
(99, 'Melinde', 'McCall', 'mmccall2q@theglobeandmail.com', '1975-01-21', 'Translator', 'F', '147-980-3796'),
(100, 'Elmer', 'Chellam', 'echellam2r@github.com', '2009-02-27', 'Teacher', 'M', '235-580-9499'),
(101, 'Melissa', 'Jovey', 'mjovey2s@hp.com', '1996-07-23', 'Fitness Trainer', 'F', '592-799-5932'),
(102, 'Borg', 'Altimas', 'baltimas2t@upenn.edu', '2014-06-22', 'Fitness Trainer', 'M', '161-293-9706'),
(103, 'Steffie', 'Keogh', 'skeogh2u@joomla.org', '1965-02-18', 'Project Manager', 'F', '318-638-9731'),
(104, 'Nani', 'O\'Dougherty', 'nodougherty2v@sciencedirect.com', '1992-08-06', 'Financial Analyst', 'F', '110-931-5643'),
(105, 'Atalanta', 'Friberg', 'afriberg2w@google.co.uk', '1962-11-03', 'Project Manager', 'F', '275-462-2504'),
(106, 'Hendrik', 'Gurner', 'hgurner2x@census.gov', '2014-04-17', 'Pilot', 'M', '716-593-3091'),
(107, 'Joann', 'Ilyukhov', 'jilyukhov2y@ucsd.edu', '1963-03-03', 'Carpenter', 'F', '596-478-0865'),
(108, 'Elnore', 'Hymer', 'ehymer2z@ameblo.jp', '1970-02-27', 'Chef', 'F', '694-391-8242'),
(109, 'Waylon', 'Huggen', 'whuggen30@mtv.com', '2017-12-17', 'Artist', 'M', '724-136-3084'),
(110, 'Thorpe', 'Piatto', 'tpiatto31@yolasite.com', '1999-06-30', 'Photographer', 'M', '767-639-5026'),
(111, 'Jaquelin', 'Stamps', 'jstamps32@tumblr.com', '1952-06-02', 'Musician', 'F', '314-491-0566'),
(112, 'Datha', 'Elmhirst', 'delmhirst33@cocolog-nifty.com', '1980-01-20', 'Software Developer', 'F', '399-682-6024'),
(113, 'Karlotte', 'Olivazzi', 'kolivazzi34@globo.com', '2000-03-28', 'Scientist', 'F', '298-133-5903'),
(114, 'Gale', 'Lester', 'glester35@goo.gl', '2023-09-15', 'Doctor', 'F', '636-593-0954'),
(115, 'Darrell', 'Etienne', 'detienne36@vkontakte.ru', '1959-09-11', 'Consultant', 'M', '442-795-8964'),
(116, 'Shalna', 'Petrol', 'spetrol37@fema.gov', '1987-11-08', 'Chef', 'F', '306-675-4330'),
(117, 'Marion', 'McClelland', 'mmcclelland38@businessinsider.com', '1970-02-14', 'Marketing Specialist', 'M', '549-287-7820'),
(118, 'Mady', 'Denley', 'mdenley39@huffingtonpost.com', '2009-10-30', 'Artist', 'F', '210-840-1530'),
(119, 'Stormie', 'Jowett', 'sjowett3a@mozilla.com', '1992-11-25', 'Pharmacist', 'F', '778-858-4737'),
(120, 'Linell', 'Flowitt', 'lflowitt3b@weather.com', '1957-08-04', 'Therapist', 'F', '134-891-1681'),
(121, 'Hugibert', 'Sheal', 'hsheal3c@mayoclinic.com', '1996-05-13', 'Pilot', 'M', '438-920-2898'),
(122, 'Ab', 'Pedracci', 'apedracci3d@eepurl.com', '2007-10-26', 'Bartender', 'M', '283-217-6217'),
(123, 'Gare', 'Ribey', 'gribey3e@blogger.com', '1993-03-29', 'Nurse', 'M', '195-916-3883'),
(124, 'Kev', 'Brogi', 'kbrogi3f@google.pl', '1983-05-01', 'Consultant', 'M', '433-993-0632'),
(125, 'Kelwin', 'Thomkins', 'kthomkins3g@biglobe.ne.jp', '2005-08-24', 'Teacher', 'M', '512-273-7692'),
(126, 'Augustina', 'Lowles', 'alowles3h@skyrock.com', '1985-09-02', 'Event Planner', 'F', '855-390-7148'),
(127, 'Helyn', 'Skittrell', 'hskittrell3i@cdbaby.com', '1963-10-21', 'Nurse', 'F', '411-704-6496'),
(128, 'Barris', 'Cecere', 'bcecere3j@youku.com', '2006-04-26', 'Social Worker', 'M', '541-618-3856'),
(129, 'Udall', 'Boards', 'uboards3k@marriott.com', '1977-02-19', 'Mechanic', 'M', '627-432-7895'),
(130, 'Brewer', 'Gaydon', 'bgaydon3l@huffingtonpost.com', '1998-10-26', 'Fitness Trainer', 'M', '265-137-8584'),
(131, 'Tarra', 'Bothe', 'tbothe3m@wsj.com', '2000-02-23', 'Fitness Trainer', 'F', '391-709-7857'),
(132, 'Cherise', 'Betham', 'cbetham3n@cisco.com', '2017-09-29', 'Financial Analyst', 'F', '252-260-0396'),
(133, 'Ambrose', 'Sackler', 'asackler3o@mapquest.com', '2007-01-23', 'Chef', 'M', '638-580-4524'),
(134, 'Maxi', 'Grossman', 'mgrossman3p@telegraph.co.uk', '1976-07-09', 'Doctor', 'F', '349-678-0663'),
(135, 'Dieter', 'Meigh', 'dmeigh3q@vk.com', '1982-05-13', 'Pharmacist', 'M', '991-657-9539'),
(136, 'Oran', 'Fairholme', 'ofairholme3r@noaa.gov', '1993-02-17', 'Data Analyst', 'M', '615-606-1505'),
(137, 'Aidan', 'Threadgall', 'athreadgall3s@va.gov', '2009-08-11', 'Actor', 'F', '325-853-4407'),
(138, 'Alic', 'Fotherby', 'afotherby3t@nsw.gov.au', '1976-06-01', 'Salesperson', 'M', '817-806-4739'),
(139, 'Mitchael', 'Mence', 'mmence3u@google.fr', '1977-07-14', 'Journalist', 'M', '829-956-2207'),
(140, 'Ranique', 'O\'Donoghue', 'rodonoghue3v@fda.gov', '1954-07-04', 'Dentist', 'F', '163-432-6223'),
(141, 'Loy', 'Skellern', 'lskellern3w@ihg.com', '2006-04-17', 'Musician', 'M', '984-741-8217'),
(142, 'Marten', 'Shenley', 'mshenley3x@wisc.edu', '1987-10-24', 'Artist', 'M', '206-704-2330'),
(143, 'Jone', 'Frostdicke', 'jfrostdicke3y@yale.edu', '1985-11-23', 'Psychologist', 'M', '436-941-9911'),
(144, 'Wang', 'Jeannet', 'wjeannet3z@cocolog-nifty.com', '1975-11-03', 'Accountant', 'M', '846-288-5201'),
(145, 'Eimile', 'Gilson', 'egilson40@1und1.de', '1996-12-27', 'Therapist', 'F', '856-328-8166'),
(146, 'Ajay', 'Handyside', 'ahandyside41@networkadvertising.org', '1974-04-21', 'Banker', 'F', '344-123-9925'),
(147, 'Porty', 'Semmens', 'psemmens42@cnbc.com', '1989-01-22', 'Salesperson', 'M', '832-284-6740'),
(148, 'Roley', 'Cadagan', 'rcadagan43@plala.or.jp', '1964-01-25', 'Actor', 'M', '492-129-5909'),
(149, 'Brooks', 'Bohje', 'bbohje44@so-net.ne.jp', '1997-07-13', 'Mechanic', 'F', '956-780-7231'),
(150, 'Tiphani', 'Ryal', 'tryal45@typepad.com', '1957-11-12', 'Banker', 'F', '801-258-6906'),
(151, 'Jesus', 'Cotta', 'jcotta46@china.com.cn', '1961-11-14', 'Marketing Specialist', 'M', '128-182-5098'),
(152, 'Aurore', 'Alenin', 'aalenin47@deliciousdays.com', '1973-01-11', 'Retail Manager', 'F', '122-519-0902'),
(153, 'Moyna', 'Gamell', 'mgamell48@wikipedia.org', '2015-06-11', 'Engineer', 'F', '919-784-4390'),
(154, 'Cal', 'Turville', 'cturville49@opera.com', '1992-10-02', 'Artist', 'F', '956-519-5767'),
(155, 'Seline', 'Rieger', 'srieger4a@imgur.com', '1984-04-02', 'Chef', 'F', '523-560-7225'),
(156, 'Denni', 'Wyley', 'dwyley4b@dropbox.com', '1980-12-23', 'Librarian', 'F', '124-798-1333'),
(157, 'Rosaline', 'Tumber', 'rtumber4c@bloglovin.com', '1951-11-16', 'Graphic Designer', 'F', '838-839-7484'),
(158, 'Perceval', 'Pinfold', 'ppinfold4d@yahoo.co.jp', '1984-08-19', 'Veterinarian', 'M', '738-869-3241'),
(159, 'Whittaker', 'Guyan', 'wguyan4e@is.gd', '1991-03-16', 'Plumber', 'M', '996-511-6820'),
(160, 'Arturo', 'Laurentin', 'alaurentin4f@uiuc.edu', '1986-02-26', 'Entrepreneur', 'M', '493-979-8076'),
(161, 'Karylin', 'Elverston', 'kelverston4g@phoca.cz', '2011-07-24', 'Fitness Trainer', 'F', '276-319-6122'),
(162, 'Latrena', 'Ridgedell', 'lridgedell4h@unesco.org', '1995-02-25', 'Architect', 'F', '124-295-9294'),
(163, 'Andrus', 'MacAlpin', 'amacalpin4i@shinystat.com', '2008-07-21', 'Actor', 'M', '513-994-8702'),
(164, 'Nedi', 'O\'Gormally', 'nogormally4j@linkedin.com', '2001-07-15', 'Nurse', 'F', '424-468-2175'),
(165, 'Timotheus', 'Landeaux', 'tlandeaux4k@comcast.net', '1980-09-24', 'Human Resources Manager', 'M', '359-696-8360'),
(166, 'Aymer', 'Simmans', 'asimmans4l@jugem.jp', '2015-01-09', 'Artist', 'M', '885-963-1958'),
(167, 'Dexter', 'Rollings', 'drollings4m@jugem.jp', '2008-04-17', 'Psychologist', 'M', '279-721-0045'),
(168, 'Terri-jo', 'Hamelyn', 'thamelyn4n@si.edu', '1964-08-21', 'Psychologist', 'F', '329-639-0077'),
(169, 'Norbert', 'Goane', 'ngoane4o@woothemes.com', '2003-11-11', 'Human Resources Manager', 'M', '712-277-8255'),
(170, 'Gus', 'Vonderdell', 'gvonderdell4p@mtv.com', '1977-11-10', 'Veterinarian', 'F', '125-529-2991'),
(171, 'Leonidas', 'Mellon', 'lmellon4q@china.com.cn', '1983-05-12', 'Software Developer', 'M', '569-451-2680'),
(172, 'Arvin', 'Endrici', 'aendrici4r@tripadvisor.com', '1974-09-23', 'Software Developer', 'M', '589-747-7624'),
(173, 'Adriana', 'Strond', 'astrond4s@yandex.ru', '1982-12-08', 'Project Manager', 'F', '693-682-5678'),
(174, 'Zelda', 'Norkett', 'znorkett4t@walmart.com', '1970-05-20', 'Engineer', 'F', '298-718-7532'),
(175, 'Kelsey', 'Caldecourt', 'kcaldecourt4u@topsy.com', '1978-08-07', 'Therapist', 'F', '379-342-7877'),
(176, 'Gayleen', 'Aspell', 'gaspell4v@youtube.com', '1986-11-17', 'Journalist', 'F', '426-435-8514'),
(177, 'Ermin', 'Bertolaccini', 'ebertolaccini4w@wunderground.com', '2005-12-25', 'Carpenter', 'M', '233-216-8475'),
(178, 'Benedetta', 'Heakins', 'bheakins4x@fotki.com', '2024-04-23', 'Electrician', 'F', '496-602-8812'),
(179, 'Mireille', 'Schonfeld', 'mschonfeld4y@reference.com', '1977-04-13', 'Marketing Specialist', 'F', '185-394-8619'),
(180, 'Aurthur', 'Eggle', 'aeggle4z@people.com.cn', '1953-11-08', 'Retail Manager', 'M', '805-236-4010'),
(181, 'Dulcia', 'Vellden', 'dvellden50@bravesites.com', '2013-02-04', 'Bartender', 'F', '470-944-0277'),
(182, 'Marcelle', 'Ozintsev', 'mozintsev51@ihg.com', '2012-06-17', 'Journalist', 'F', '375-539-8119'),
(183, 'Dagny', 'Sowden', 'dsowden52@is.gd', '1981-02-12', 'Translator', 'M', '308-290-1924'),
(184, 'Clemmy', 'Lloyd-Williams', 'clloydwilliams53@hibu.com', '1990-02-20', 'Event Planner', 'M', '465-896-8146'),
(185, 'Sabine', 'Ibanez', 'sibanez54@wiley.com', '1977-08-02', 'Electrician', 'F', '323-634-7824'),
(186, 'Porty', 'Farrear', 'pfarrear55@canalblog.com', '1969-06-06', 'Architect', 'M', '839-670-8396'),
(187, 'Florance', 'Stell', 'fstell56@bandcamp.com', '1974-09-17', 'Consultant', 'F', '311-984-3551'),
(188, 'Franciskus', 'Panner', 'fpanner57@dell.com', '1975-04-21', 'Banker', 'M', '995-127-4474'),
(189, 'Evangeline', 'Claiden', 'eclaiden58@washingtonpost.com', '1972-10-27', 'Translator', 'F', '219-123-3020'),
(190, 'Juanita', 'MacCallum', 'jmaccallum59@gmpg.org', '2002-06-30', 'Plumber', 'F', '469-616-2558'),
(191, 'Margie', 'Rayman', 'mrayman5a@csmonitor.com', '1998-07-20', 'Salesperson', 'F', '739-768-1873'),
(192, 'Arda', 'Goacher', 'agoacher5b@xinhuanet.com', '1964-03-04', 'Entrepreneur', 'F', '456-603-6022'),
(193, 'Alicea', 'Maven', 'amaven5c@tumblr.com', '1958-04-23', 'Economist', 'F', '283-535-0487'),
(194, 'Mitchell', 'MacWhan', 'mmacwhan5d@cnn.com', '1960-10-12', 'Marketing Specialist', 'M', '145-105-3624'),
(195, 'Eda', 'Pole', 'epole5e@springer.com', '1999-11-29', 'Doctor', 'F', '459-138-3278'),
(196, 'Erin', 'Hancke', 'ehancke5f@google.com', '1976-08-16', 'Plumber', 'F', '177-275-4620'),
(197, 'Miller', 'Huckerbe', 'mhuckerbe5g@mac.com', '1962-11-23', 'Pharmacist', 'M', '677-846-0474'),
(198, 'Ailene', 'Pauncefort', 'apauncefort5h@domainmarket.com', '2012-08-19', 'Marketing Specialist', 'F', '630-147-4750'),
(199, 'Jaime', 'Haveline', 'jhaveline5i@amazon.com', '1989-03-04', 'Social Worker', 'M', '980-762-9233'),
(200, 'Jemima', 'Lansley', 'jlansley5j@addthis.com', '1966-11-08', 'Hotel Manager', 'F', '159-479-6207'),
(201, 'Loraine', 'Torrent', 'ltorrent5k@geocities.com', '1987-06-02', 'Psychologist', 'F', '628-761-2269'),
(202, 'Sherrie', 'Butterfield', 'sbutterfield5l@wsj.com', '1968-06-25', 'Human Resources Manager', 'F', '770-702-3633'),
(203, 'Charlot', 'Craig', 'ccraig5m@networksolutions.com', '1952-07-20', 'Dentist', 'F', '497-495-0672'),
(204, 'Neel', 'Fearnsides', 'nfearnsides5n@umn.edu', '1994-08-21', 'Nurse', 'M', '821-565-8716'),
(205, 'Hayley', 'Queyos', 'hqueyos5o@guardian.co.uk', '1991-07-25', 'Nurse', 'F', '216-502-8290'),
(206, 'Wallas', 'Fawcitt', 'wfawcitt5p@omniture.com', '2011-01-29', 'Engineer', 'M', '406-420-8525'),
(207, 'Fionnula', 'Toyer', 'ftoyer5q@github.com', '1998-03-03', 'Veterinarian', 'F', '288-787-4439'),
(208, 'Hobart', 'Bellwood', 'hbellwood5r@dailymotion.com', '2010-01-25', 'Software Developer', 'M', '712-117-1191'),
(209, 'Othilia', 'Rosenstein', 'orosenstein5s@senate.gov', '2000-10-02', 'IT Support Specialist', 'F', '918-903-9745'),
(210, 'Perrine', 'Dimmer', 'pdimmer5t@pcworld.com', '1982-04-12', 'Human Resources Manager', 'F', '915-368-1280'),
(211, 'Ainsley', 'Chopin', 'achopin5u@wp.com', '1988-04-02', 'Dentist', 'F', '171-676-7666'),
(212, 'Lulita', 'Winley', 'lwinley5v@constantcontact.com', '1980-01-29', 'Actor', 'F', '608-428-0736'),
(213, 'Ulrika', 'Opfer', 'uopfer5w@blog.com', '1972-11-16', 'Journalist', 'F', '174-405-9439'),
(214, 'Fonz', 'Shoppee', 'fshoppee5x@about.me', '1985-08-21', 'Event Planner', 'M', '666-647-7492'),
(215, 'Ephrem', 'Mingotti', 'emingotti5y@4shared.com', '2000-05-06', 'Pharmacist', 'M', '682-662-7346'),
(216, 'Beverlee', 'Kingston', 'bkingston5z@pbs.org', '2017-04-17', 'Pilot', 'F', '612-242-4805'),
(217, 'Cherida', 'Greest', 'cgreest60@ocn.ne.jp', '1988-12-13', 'Veterinarian', 'F', '636-552-1249'),
(218, 'Toma', 'Currell', 'tcurrell61@businessinsider.com', '1975-05-30', 'Plumber', 'F', '423-683-2274'),
(219, 'Adrian', 'Brunsdon', 'abrunsdon62@constantcontact.com', '1995-11-19', 'Scientist', 'F', '403-171-6341'),
(220, 'Stafani', 'Gurden', 'sgurden63@marriott.com', '1950-10-28', 'Librarian', 'F', '565-998-7687'),
(221, 'Ysabel', 'Trim', 'ytrim64@buzzfeed.com', '1982-01-14', 'Librarian', 'F', '537-983-1861'),
(222, 'Mike', 'Surgood', 'msurgood65@pinterest.com', '1984-03-27', 'Software Developer', 'M', '641-734-0240'),
(223, 'Hanson', 'Lenham', 'hlenham66@wordpress.com', '2009-01-07', 'Accountant', 'M', '386-849-1729'),
(224, 'Sanford', 'Vossgen', 'svossgen67@php.net', '1992-02-02', 'Bartender', 'M', '844-757-0605'),
(225, 'Hatty', 'Bonny', 'hbonny68@blogger.com', '1958-10-13', 'Travel Agent', 'F', '929-681-7664'),
(226, 'Brandy', 'Hinz', 'bhinz69@sun.com', '2008-03-20', 'Therapist', 'M', '951-714-9973'),
(227, 'Kilian', 'Pluthero', 'kpluthero6a@wsj.com', '1960-05-24', 'Bartender', 'M', '863-736-9676'),
(228, 'Chariot', 'Wilbud', 'cwilbud6b@bbc.co.uk', '1970-04-30', 'IT Support Specialist', 'M', '550-761-8872'),
(229, 'Eolanda', 'Gumery', 'egumery6c@amazon.de', '2012-09-26', 'Psychologist', 'F', '286-234-1104'),
(230, 'Osmund', 'Georgeot', 'ogeorgeot6d@ezinearticles.com', '1964-11-13', 'Pharmacist', 'M', '817-964-4437'),
(231, 'Eve', 'Farnill', 'efarnill6e@engadget.com', '1974-01-01', 'Librarian', 'F', '583-762-7362'),
(232, 'Brit', 'Oertzen', 'boertzen6f@boston.com', '2001-03-12', 'Human Resources Manager', 'F', '308-657-3914'),
(233, 'Jacquelyn', 'Atcherley', 'jatcherley6g@parallels.com', '1997-12-28', 'Entrepreneur', 'F', '824-309-6366'),
(234, 'Carilyn', 'Brideaux', 'cbrideaux6h@over-blog.com', '1981-08-18', 'Scientist', 'F', '653-641-5420'),
(235, 'Reinald', 'Manntschke', 'rmanntschke6i@github.io', '1983-02-11', 'Financial Analyst', 'M', '178-563-8120'),
(236, 'Alicea', 'Poizer', 'apoizer6j@google.co.jp', '1996-09-25', 'Firefighter', 'F', '616-214-5132'),
(237, 'Misha', 'Kitchingham', 'mkitchingham6k@deliciousdays.com', '1962-07-18', 'Fitness Trainer', 'F', '252-253-9881'),
(238, 'Stinky', 'Garric', 'sgarric6l@gmpg.org', '1991-03-17', 'Consultant', 'M', '387-223-2727'),
(239, 'Breanne', 'McGarahan', 'bmcgarahan6m@bigcartel.com', '1958-02-01', 'Retail Manager', 'F', '662-405-5210'),
(240, 'Massimo', 'Marskell', 'mmarskell6n@wordpress.org', '1970-04-12', 'Real Estate Agent', 'M', '305-782-4594'),
(241, 'Jackquelin', 'Feeny', 'jfeeny6o@sohu.com', '1970-01-05', 'Plumber', 'F', '223-962-7752'),
(242, 'Maegan', 'Durdle', 'mdurdle6p@usgs.gov', '2007-07-25', 'Project Manager', 'F', '671-989-6160'),
(243, 'Joscelin', 'Crossby', 'jcrossby6q@pagesperso-orange.fr', '1996-07-19', 'Translator', 'F', '251-838-0538'),
(244, 'Raymond', 'Valenti', 'rvalenti6r@craigslist.org', '2016-06-05', 'Lawyer', 'M', '128-421-6357'),
(245, 'Marilin', 'Folkerd', 'mfolkerd6s@de.vu', '1989-06-04', 'Mechanic', 'F', '503-576-0408'),
(246, 'Derron', 'Thoday', 'dthoday6t@blogspot.com', '1990-04-08', 'Mechanic', 'M', '339-600-6943'),
(247, 'Judye', 'Etoile', 'jetoile6u@oaic.gov.au', '2006-10-27', 'Musician', 'F', '930-492-0034'),
(248, 'Ed', 'Danton', 'edanton6v@pbs.org', '1992-09-30', 'Journalist', 'M', '411-944-8495'),
(249, 'Arney', 'Bouldstridge', 'abouldstridge6w@ovh.net', '2014-03-12', 'Human Resources Manager', 'M', '894-366-2495'),
(250, 'Arlan', 'Couper', 'acouper6x@cnn.com', '1990-12-24', 'Photographer', 'M', '279-811-9532'),
(251, 'Heywood', 'Hendren', 'hhendren6y@pcworld.com', '2001-04-12', 'Teacher', 'M', '400-589-9856'),
(252, 'Rosamond', 'Valentim', 'rvalentim6z@who.int', '2024-02-09', 'Psychologist', 'F', '587-765-3407'),
(253, 'Laurianne', 'Malpas', 'lmalpas70@foxnews.com', '1999-09-08', 'Social Worker', 'F', '924-269-3923'),
(254, 'Andrew', 'Goranov', 'agoranov71@eventbrite.com', '2002-12-04', 'Accountant', 'M', '671-925-7057'),
(255, 'Audrye', 'Cobden', 'acobden72@about.me', '2015-05-03', 'Fitness Trainer', 'F', '137-932-0250'),
(256, 'Monah', 'Fredi', 'mfredi73@slate.com', '1970-12-04', 'Travel Agent', 'F', '958-878-1661'),
(257, 'Hinda', 'Eitter', 'heitter74@cdbaby.com', '1998-08-10', 'Carpenter', 'F', '490-946-3162'),
(258, 'Matthaeus', 'Chasier', 'mchasier75@netlog.com', '1961-02-06', 'Financial Analyst', 'M', '825-992-9085'),
(259, 'Harrietta', 'Barrable', 'hbarrable76@baidu.com', '1999-02-21', 'Psychologist', 'F', '804-468-0218'),
(260, 'Olivette', 'Meric', 'omeric77@soup.io', '2010-09-20', 'Doctor', 'F', '973-824-3904'),
(261, 'Odetta', 'Nice', 'onice78@wix.com', '2024-05-15', 'Musician', 'F', '913-528-2458'),
(262, 'Dedra', 'Heinrici', 'dheinrici79@walmart.com', '1979-11-05', 'Journalist', 'F', '743-836-1368'),
(263, 'Rees', 'Minthorpe', 'rminthorpe7a@smh.com.au', '1993-02-03', 'Artist', 'M', '348-144-2064'),
(264, 'Rois', 'Gennerich', 'rgennerich7b@simplemachines.org', '1992-02-12', 'Dentist', 'F', '820-679-7006'),
(265, 'Sonya', 'Pendrich', 'spendrich7c@diigo.com', '1990-08-29', 'Translator', 'F', '600-943-3325'),
(266, 'Nadya', 'Ryle', 'nryle7d@sourceforge.net', '2007-03-21', 'Retail Manager', 'F', '969-366-4035'),
(267, 'Alta', 'Woolatt', 'awoolatt7e@squarespace.com', '2017-11-09', 'Hotel Manager', 'F', '571-442-9279'),
(268, 'Fredek', 'Videler', 'fvideler7f@hud.gov', '1951-10-01', 'Architect', 'M', '136-555-2298'),
(269, 'Angus', 'Pudge', 'apudge7g@samsung.com', '1991-03-13', 'Project Manager', 'M', '681-682-7964'),
(270, 'Donal', 'Rivelin', 'drivelin7h@samsung.com', '2021-04-06', 'Firefighter', 'M', '702-940-0443'),
(271, 'Valentin', 'Spellecy', 'vspellecy7i@merriam-webster.com', '1968-06-28', 'Psychologist', 'M', '302-778-6930'),
(272, 'Esra', 'Tobin', 'etobin7j@ycombinator.com', '1967-09-05', 'Librarian', 'M', '446-918-2124'),
(273, 'Chelsea', 'Fouracres', 'cfouracres7k@netvibes.com', '1954-09-06', 'Journalist', 'F', '966-718-1869'),
(274, 'Barb', 'Laverenz', 'blaverenz7l@ifeng.com', '1980-03-15', 'Fitness Trainer', 'F', '667-657-3293'),
(275, 'Rebe', 'Chugg', 'rchugg7m@aboutads.info', '1952-07-04', 'Chef', 'F', '230-823-5600'),
(276, 'Tomlin', 'Fawssett', 'tfawssett7n@e-recht24.de', '1969-10-09', 'Musician', 'M', '154-426-6285'),
(277, 'Amandie', 'Beauchop', 'abeauchop7o@ted.com', '2009-09-24', 'Financial Analyst', 'F', '912-277-2883'),
(278, 'Ingmar', 'Aireton', 'iaireton7p@ameblo.jp', '1973-09-21', 'Project Manager', 'M', '757-866-0150'),
(279, 'Konstantin', 'Callington', 'kcallington7q@360.cn', '1980-11-03', 'Engineer', 'M', '619-927-7659'),
(280, 'Timi', 'Boyall', 'tboyall7r@hud.gov', '1988-03-05', 'Mechanic', 'F', '465-874-7882'),
(281, 'Yvon', 'Halsey', 'yhalsey7s@ezinearticles.com', '1972-09-14', 'Fitness Trainer', 'M', '401-919-2555'),
(282, 'Mireielle', 'Guilayn', 'mguilayn7t@discovery.com', '1953-09-12', 'Translator', 'F', '423-774-5293'),
(283, 'Bella', 'Theze', 'btheze7u@merriam-webster.com', '1953-02-24', 'Entrepreneur', 'F', '213-851-6943'),
(284, 'Inglis', 'Hassur', 'ihassur7v@java.com', '1963-09-23', 'Consultant', 'M', '533-910-7175'),
(285, 'Lorelle', 'Records', 'lrecords7w@sourceforge.net', '1953-03-21', 'Musician', 'F', '284-551-4254'),
(286, 'Jaimie', 'Dobey', 'jdobey7x@pen.io', '1980-03-15', 'Electrician', 'M', '217-643-0073'),
(287, 'Dunn', 'Dyter', 'ddyter7y@goo.ne.jp', '2003-04-04', 'Doctor', 'M', '893-214-3911'),
(288, 'Aylmer', 'Iliff', 'ailiff7z@mayoclinic.com', '1983-09-10', 'Travel Agent', 'M', '577-595-2778'),
(289, 'Yancy', 'Felkin', 'yfelkin80@twitpic.com', '1960-12-12', 'Economist', 'M', '567-670-2187'),
(290, 'Mischa', 'Baden', 'mbaden81@bbb.org', '2008-12-08', 'Pharmacist', 'M', '590-189-6444'),
(291, 'Ray', 'Somerscales', 'rsomerscales82@ucla.edu', '1967-06-27', 'Mechanic', 'M', '769-131-0361'),
(292, 'Sheffy', 'Bakes', 'sbakes83@ovh.net', '2006-10-18', 'Dentist', 'M', '720-114-1499'),
(293, 'Brittney', 'Hilary', 'bhilary84@myspace.com', '2008-02-09', 'Banker', 'F', '296-932-1266'),
(294, 'Marlyn', 'Placide', 'mplacide85@typepad.com', '1975-01-22', 'Travel Agent', 'F', '403-637-9626'),
(295, 'Ricoriki', 'Dobing', 'rdobing86@npr.org', '2005-11-06', 'Translator', 'M', '363-228-6611'),
(296, 'Rhianon', 'Le Marchand', 'rlemarchand87@china.com.cn', '1981-05-20', 'Hotel Manager', 'F', '796-345-2494'),
(297, 'Verne', 'Bleasdille', 'vbleasdille88@bbb.org', '1966-05-19', 'Librarian', 'M', '384-929-8143'),
(298, 'Winfred', 'Huckel', 'whuckel89@networksolutions.com', '1976-12-30', 'Marketing Specialist', 'M', '740-635-2380'),
(299, 'Caty', 'Bragger', 'cbragger8a@microsoft.com', '1958-03-09', 'Psychologist', 'F', '288-151-9229'),
(300, 'Patrizius', 'Huskinson', 'phuskinson8b@moonfruit.com', '2008-02-29', 'Chef', 'M', '422-868-8401'),
(301, 'Tedda', 'Streeting', 'tstreeting8c@deliciousdays.com', '1978-06-27', 'Lawyer', 'F', '370-507-7937'),
(302, 'Ronica', 'Roose', 'rroose8d@apple.com', '1972-10-28', 'Software Developer', 'F', '173-346-7210'),
(303, 'Quinn', 'McGraith', 'qmcgraith8e@symantec.com', '1967-03-25', 'Engineer', 'F', '430-126-3360'),
(304, 'Liza', 'Shatliff', 'lshatliff8f@npr.org', '1963-09-03', 'Electrician', 'F', '115-187-7291'),
(305, 'Flynn', 'Pietrusiak', 'fpietrusiak8g@spiegel.de', '1995-01-28', 'Hotel Manager', 'M', '151-501-1281'),
(306, 'Massimo', 'Gravenell', 'mgravenell8h@sun.com', '1952-04-10', 'Real Estate Agent', 'M', '396-864-6535'),
(307, 'Shawn', 'Gethings', 'sgethings8i@fema.gov', '1953-12-05', 'Psychologist', 'M', '557-613-2738'),
(308, 'Shayne', 'Pfertner', 'spfertner8j@cdbaby.com', '1957-03-19', 'Psychologist', 'F', '510-864-3125'),
(309, 'Brooks', 'Dougherty', 'bdougherty8k@reference.com', '1979-12-12', 'Carpenter', 'F', '921-351-0733'),
(310, 'Carissa', 'Gecks', 'cgecks8l@hud.gov', '2022-03-04', 'Actor', 'F', '797-691-1055'),
(311, 'Maxie', 'Hark', 'mhark8m@marriott.com', '2001-04-24', 'Doctor', 'F', '486-933-6858'),
(312, 'Nicol', 'Piercey', 'npiercey8n@walmart.com', '2013-10-17', 'Data Analyst', 'M', '341-271-5788'),
(313, 'Merilee', 'O\'Tuohy', 'motuohy8o@webmd.com', '2000-04-22', 'Artist', 'F', '211-804-9198'),
(314, 'Menard', 'Bavin', 'mbavin8p@msn.com', '1996-12-26', 'Teacher', 'M', '464-664-9481'),
(315, 'Marc', 'Riches', 'mriches8q@examiner.com', '2011-10-31', 'Teacher', 'M', '264-499-7114'),
(316, 'Ware', 'Batchelor', 'wbatchelor8r@tiny.cc', '1977-08-24', 'Data Analyst', 'M', '467-370-9134'),
(317, 'Delcina', 'Trevenu', 'dtrevenu8s@wikimedia.org', '1984-05-25', 'Pharmacist', 'F', '268-141-1368'),
(318, 'Ashien', 'Shinfield', 'ashinfield8t@microsoft.com', '2022-08-27', 'Actor', 'F', '256-100-4424'),
(319, 'Cullin', 'Eich', 'ceich8u@ox.ac.uk', '1951-11-02', 'Salesperson', 'M', '695-640-6079'),
(320, 'Birgit', 'Scarre', 'bscarre8v@cpanel.net', '1965-10-04', 'Scientist', 'F', '774-801-2756'),
(321, 'Sammie', 'Paddingdon', 'spaddingdon8w@pagesperso-orange.fr', '2007-11-11', 'Event Planner', 'M', '691-909-3141'),
(322, 'Clarisse', 'Colleymore', 'ccolleymore8x@google.pl', '1965-08-04', 'Librarian', 'F', '794-267-8464'),
(323, 'Gwynne', 'Corr', 'gcorr8y@cargocollective.com', '1991-11-04', 'Bartender', 'F', '426-438-3311'),
(324, 'Myer', 'Yeats', 'myeats8z@yahoo.co.jp', '2013-11-20', 'Doctor', 'M', '339-962-5525'),
(325, 'Clo', 'Gildroy', 'cgildroy90@archive.org', '1966-08-03', 'Pilot', 'F', '479-978-4591'),
(326, 'Nola', 'Mico', 'nmico91@ucla.edu', '2003-06-03', 'Teacher', 'F', '950-992-7281'),
(327, 'Haleigh', 'Uttley', 'huttley92@example.com', '1987-12-09', 'Engineer', 'F', '366-993-0585'),
(328, 'Wren', 'McEvon', 'wmcevon93@goodreads.com', '2015-05-05', 'Event Planner', 'F', '721-821-7744'),
(329, 'Jeannine', 'Schirok', 'jschirok94@oaic.gov.au', '2021-10-24', 'Plumber', 'F', '547-553-1506'),
(330, 'Michail', 'Dimeloe', 'mdimeloe95@macromedia.com', '1999-11-14', 'Police Officer', 'M', '168-113-0892'),
(331, 'Georgianne', 'Adolfson', 'gadolfson96@ustream.tv', '1996-11-26', 'Salesperson', 'F', '372-443-2073'),
(332, 'Osgood', 'Rodear', 'orodear97@taobao.com', '2023-01-17', 'Carpenter', 'M', '762-179-4578'),
(333, 'Silva', 'Kubu', 'skubu98@creativecommons.org', '1966-08-31', 'Translator', 'F', '411-646-8445'),
(334, 'Marion', 'Dobbings', 'mdobbings99@dropbox.com', '1979-07-17', 'Software Developer', 'M', '480-529-1842'),
(335, 'Jess', 'Thickin', 'jthickin9a@geocities.jp', '1951-04-22', 'Software Developer', 'F', '567-156-9452'),
(336, 'Danielle', 'Rowsell', 'drowsell9b@sitemeter.com', '2012-07-23', 'Architect', 'F', '305-332-5378'),
(337, 'Kele', 'Wisam', 'kwisam9c@sun.com', '2024-06-01', 'Firefighter', 'M', '654-329-3683'),
(338, 'Breena', 'Lardiner', 'blardiner9d@auda.org.au', '1985-06-12', 'Translator', 'F', '672-904-3483'),
(339, 'Cate', 'Pittem', 'cpittem9e@netlog.com', '1962-03-06', 'Human Resources Manager', 'F', '948-236-3648'),
(340, 'Rustie', 'Blaxall', 'rblaxall9f@webmd.com', '2000-03-07', 'Entrepreneur', 'M', '856-948-5338'),
(341, 'Binny', 'Guisby', 'bguisby9g@bing.com', '1952-05-09', 'Hotel Manager', 'F', '200-974-9773'),
(342, 'Wain', 'Tackley', 'wtackley9h@163.com', '1984-01-13', 'Project Manager', 'M', '571-213-5944'),
(343, 'Sigmund', 'Swetenham', 'sswetenham9i@deviantart.com', '1958-06-24', 'Actor', 'M', '577-163-5149'),
(344, 'Torey', 'Everit', 'teverit9j@ehow.com', '1957-12-04', 'Entrepreneur', 'M', '492-284-3616'),
(345, 'Marjory', 'Thomke', 'mthomke9k@auda.org.au', '1961-02-02', 'Pharmacist', 'F', '899-569-8111'),
(346, 'Mersey', 'Inkpin', 'minkpin9l@jalbum.net', '1961-06-12', 'Architect', 'F', '448-711-7459'),
(347, 'Abbe', 'Catteroll', 'acatteroll9m@people.com.cn', '2001-12-01', 'Chef', 'F', '371-336-9740'),
(348, 'Byrle', 'Colt', 'bcolt9n@illinois.edu', '1958-05-15', 'Teacher', 'M', '290-684-9023'),
(349, 'Roanne', 'Cankett', 'rcankett9o@oracle.com', '1954-07-26', 'Dentist', 'F', '498-227-9517'),
(350, 'Skip', 'Stoneley', 'sstoneley9p@va.gov', '1958-01-24', 'Fitness Trainer', 'M', '492-440-0593'),
(351, 'Manuel', 'Ofener', 'mofener9q@stumbleupon.com', '1984-11-01', 'Musician', 'M', '389-994-6886'),
(352, 'Flynn', 'Trask', 'ftrask9r@disqus.com', '1976-06-19', 'Dentist', 'M', '773-941-1859'),
(353, 'Thaddeus', 'Pochet', 'tpochet9s@ft.com', '2006-03-13', 'Bartender', 'M', '709-195-6540'),
(354, 'Zebulen', 'McCarrison', 'zmccarrison9t@ovh.net', '2015-10-13', 'Pharmacist', 'M', '264-837-8548'),
(355, 'Lucius', 'Abramson', 'labramson9u@skype.com', '2013-09-02', 'Carpenter', 'M', '863-651-8526'),
(356, 'Golda', 'Jordanson', 'gjordanson9v@timesonline.co.uk', '1958-01-26', 'Scientist', 'F', '773-633-9925'),
(357, 'Derk', 'Cordet', 'dcordet9w@mac.com', '2014-03-23', 'Lawyer', 'M', '478-637-3282'),
(358, 'Carling', 'Banaszczyk', 'cbanaszczyk9x@cmu.edu', '1955-09-15', 'Therapist', 'M', '652-164-8033'),
(359, 'Arnie', 'Ashforth', 'aashforth9y@opensource.org', '1964-11-06', 'Human Resources Manager', 'M', '473-299-9144'),
(360, 'Lynett', 'Endley', 'lendley9z@senate.gov', '1998-10-04', 'Translator', 'F', '376-513-6695'),
(361, 'Gallard', 'Bartolomivis', 'gbartolomivisa0@youtu.be', '1972-10-31', 'Entrepreneur', 'M', '284-528-2691'),
(362, 'Tadeas', 'Velti', 'tveltia1@ifeng.com', '2006-08-02', 'Economist', 'M', '235-180-7217'),
(363, 'Ab', 'Salleir', 'asalleira2@a8.net', '2015-08-25', 'Hotel Manager', 'M', '813-504-8106'),
(364, 'Thaxter', 'Pick', 'tpicka3@usa.gov', '2021-07-31', 'Teacher', 'M', '354-421-8155'),
(365, 'Geri', 'Baribal', 'gbaribala4@artisteer.com', '1972-11-30', 'Dentist', 'F', '866-643-7904'),
(366, 'Caroline', 'Remmers', 'cremmersa5@blogs.com', '1968-10-24', 'Librarian', 'F', '853-933-3529'),
(367, 'Lynett', 'Beggini', 'lbegginia6@taobao.com', '2010-08-13', 'IT Support Specialist', 'F', '505-875-3807'),
(368, 'Shara', 'Vasey', 'svaseya7@dagondesign.com', '1992-05-26', 'Travel Agent', 'F', '337-295-8431'),
(369, 'Emelita', 'Bamlett', 'ebamletta8@deliciousdays.com', '1972-08-23', 'Social Worker', 'F', '960-341-7761'),
(370, 'Sadye', 'Brewood', 'sbrewooda9@alibaba.com', '1976-05-29', 'Doctor', 'F', '794-444-5792'),
(371, 'Ulberto', 'Starmont', 'ustarmontaa@ameblo.jp', '2008-12-25', 'Police Officer', 'M', '361-732-1080'),
(372, 'Engelbert', 'Garlic', 'egarlicab@bandcamp.com', '2014-01-25', 'Marketing Specialist', 'M', '817-455-9351'),
(373, 'Derril', 'Mussilli', 'dmussilliac@moonfruit.com', '1999-12-01', 'IT Support Specialist', 'M', '534-898-4719'),
(374, 'Leupold', 'Warwick', 'lwarwickad@wufoo.com', '1982-01-18', 'Musician', 'M', '672-739-4877'),
(375, 'Harlen', 'Tainton', 'htaintonae@yahoo.com', '2014-08-04', 'Pilot', 'M', '416-998-5598'),
(376, 'Kacy', 'Nind', 'knindaf@cornell.edu', '2011-02-08', 'Fitness Trainer', 'F', '829-565-1944'),
(377, 'Fredrika', 'Yakov', 'fyakovag@ox.ac.uk', '1992-05-01', 'Project Manager', 'F', '973-931-3137'),
(378, 'Garvy', 'Behagg', 'gbehaggah@bizjournals.com', '2001-02-09', 'Marketing Specialist', 'M', '303-334-0184'),
(379, 'Pip', 'Illingworth', 'pillingworthai@lulu.com', '1968-12-30', 'Travel Agent', 'M', '404-122-7170'),
(380, 'Emmie', 'Banker', 'ebankeraj@go.com', '1966-02-01', 'Economist', 'F', '272-914-9985'),
(381, 'Damiano', 'Rings', 'dringsak@skyrock.com', '1976-04-17', 'Chef', 'M', '608-122-7985'),
(382, 'Lazaro', 'Bosdet', 'lbosdetal@dedecms.com', '2020-08-15', 'Translator', 'M', '336-231-0379'),
(383, 'Henriette', 'Cribbin', 'hcribbinam@cbc.ca', '1998-04-06', 'Consultant', 'F', '880-148-3392'),
(384, 'Lelia', 'Christer', 'lchristeran@google.com.hk', '1988-07-20', 'Doctor', 'F', '942-946-7695'),
(385, 'Andrey', 'Mullan', 'amullanao@apple.com', '2012-01-28', 'Veterinarian', 'M', '315-720-3977'),
(386, 'Jecho', 'Thurlbeck', 'jthurlbeckap@admin.ch', '1964-03-11', 'Journalist', 'M', '451-910-0619'),
(387, 'Zena', 'Scurrer', 'zscurreraq@mapy.cz', '2012-02-25', 'Journalist', 'F', '483-332-0538'),
(388, 'Sherman', 'Theakston', 'stheakstonar@cornell.edu', '2004-09-09', 'Chef', 'M', '715-355-6293'),
(389, 'Jeff', 'Turbitt', 'jturbittas@tiny.cc', '1991-02-11', 'Nurse', 'M', '714-629-9218'),
(390, 'Cristiano', 'Kynson', 'ckynsonat@cbc.ca', '2006-11-29', 'Travel Agent', 'M', '499-480-5896'),
(391, 'Sioux', 'Saffran', 'ssaffranau@topsy.com', '1981-01-27', 'Architect', 'F', '281-839-3947'),
(392, 'Loralee', 'Mc Caghan', 'lmccaghanav@nature.com', '1950-12-23', 'Photographer', 'F', '524-302-8059'),
(393, 'Alfonse', 'Froom', 'afroomaw@latimes.com', '2007-08-22', 'Entrepreneur', 'M', '455-159-1981'),
(394, 'Rollins', 'Nutkins', 'rnutkinsax@salon.com', '1958-02-26', 'Electrician', 'M', '367-434-1456'),
(395, 'Keefer', 'Pagon', 'kpagonay@mozilla.com', '2005-01-24', 'Lawyer', 'M', '679-192-9958'),
(396, 'Denny', 'Abernethy', 'dabernethyaz@businessweek.com', '2018-10-11', 'Teacher', 'M', '529-106-7043'),
(397, 'Ferris', 'Bythway', 'fbythwayb0@wisc.edu', '2015-10-15', 'Fitness Trainer', 'M', '810-846-5507'),
(398, 'Carleen', 'Garbett', 'cgarbettb1@sogou.com', '1984-02-26', 'Fitness Trainer', 'F', '544-186-5345'),
(399, 'Kirstyn', 'Dugood', 'kdugoodb2@opensource.org', '1972-09-21', 'Financial Analyst', 'F', '770-845-1001'),
(400, 'Page', 'Robroe', 'probroeb3@behance.net', '1985-02-22', 'Entrepreneur', 'M', '316-323-9325'),
(401, 'Fletcher', 'Mauser', 'fmauserb4@ucsd.edu', '1983-12-09', 'Veterinarian', 'M', '707-768-8327'),
(402, 'Mitchell', 'McLagain', 'mmclagainb5@china.com.cn', '1990-08-28', 'Plumber', 'M', '725-145-6752'),
(403, 'Daphene', 'Privost', 'dprivostb6@taobao.com', '1954-06-23', 'Engineer', 'F', '717-723-4695'),
(404, 'Meredithe', 'McKern', 'mmckernb7@walmart.com', '2022-11-05', 'Nurse', 'F', '935-469-4746'),
(405, 'Brucie', 'Colmore', 'bcolmoreb8@themeforest.net', '1951-10-01', 'Chef', 'M', '400-731-3514'),
(406, 'Raymund', 'Stibbs', 'rstibbsb9@hugedomains.com', '1968-05-03', 'Project Manager', 'M', '618-356-1848'),
(407, 'Lamond', 'Frodsam', 'lfrodsamba@goo.ne.jp', '1982-04-04', 'Librarian', 'M', '433-701-3203'),
(408, 'Roslyn', 'Manshaw', 'rmanshawbb@theatlantic.com', '1977-08-12', 'Lawyer', 'F', '497-491-8672'),
(409, 'Gordan', 'Epperson', 'geppersonbc@intel.com', '1963-07-16', 'Psychologist', 'M', '921-494-5233'),
(410, 'Eal', 'Dyshart', 'edyshartbd@slate.com', '1969-09-19', 'Architect', 'M', '915-694-7895'),
(411, 'Dimitri', 'Oakman', 'doakmanbe@paginegialle.it', '1961-07-25', 'Consultant', 'M', '537-170-0165'),
(412, 'Susette', 'Swindley', 'sswindleybf@bbc.co.uk', '1968-07-23', 'Carpenter', 'F', '747-936-0374'),
(413, 'Lizzie', 'Sousa', 'lsousabg@liveinternet.ru', '1972-08-27', 'Chef', 'F', '146-225-2948'),
(414, 'Rory', 'Riccio', 'rricciobh@parallels.com', '1972-05-31', 'Travel Agent', 'F', '756-577-0799'),
(415, 'Bruce', 'Petrichat', 'bpetrichatbi@youku.com', '2005-11-15', 'Police Officer', 'M', '233-222-0099'),
(416, 'Tait', 'Klaes', 'tklaesbj@wikipedia.org', '1994-08-19', 'Psychologist', 'M', '395-509-9271'),
(417, 'Valentin', 'Skaif', 'vskaifbk@sphinn.com', '1988-10-07', 'Lawyer', 'M', '541-158-6857'),
(418, 'Kirstin', 'Snow', 'ksnowbl@marriott.com', '2008-04-10', 'Data Analyst', 'F', '761-758-6282'),
(419, 'Bartholomeus', 'Corton', 'bcortonbm@oakley.com', '2009-03-20', 'Human Resources Manager', 'M', '442-164-1176'),
(420, 'Joel', 'Doran', 'jdoranbn@aol.com', '1988-05-20', 'Plumber', 'M', '906-606-3318'),
(421, 'Betta', 'Leteurtre', 'bleteurtrebo@arstechnica.com', '1958-12-06', 'Nurse', 'F', '172-201-9756'),
(422, 'Sherwood', 'Sole', 'ssolebp@mysql.com', '1977-11-21', 'Artist', 'M', '732-200-7111'),
(423, 'Rosabelle', 'Atmore', 'ratmorebq@imgur.com', '1966-07-16', 'Artist', 'F', '805-805-5779'),
(424, 'Levon', 'McGahy', 'lmcgahybr@illinois.edu', '2000-04-20', 'Plumber', 'M', '753-147-9033'),
(425, 'Laurie', 'Stracey', 'lstraceybs@pinterest.com', '1996-03-04', 'Social Worker', 'F', '715-147-7943'),
(426, 'Delbert', 'Lidgard', 'dlidgardbt@paginegialle.it', '1958-10-19', 'Electrician', 'M', '373-780-0133'),
(427, 'Shell', 'Spears', 'sspearsbu@twitpic.com', '1978-11-24', 'Actor', 'M', '824-382-5911'),
(428, 'Findlay', 'Van den Bosch', 'fvandenboschbv@wired.com', '1982-07-13', 'Electrician', 'M', '545-583-3046'),
(429, 'Myriam', 'Jaquemar', 'mjaquemarbw@economist.com', '1972-11-21', 'Bartender', 'F', '817-722-7748'),
(430, 'Lee', 'Miguet', 'lmiguetbx@slate.com', '1980-06-12', 'Electrician', 'F', '529-710-6867'),
(431, 'Vilhelmina', 'Suttling', 'vsuttlingby@jimdo.com', '1999-07-29', 'Pilot', 'F', '305-103-7353'),
(432, 'Lombard', 'Goodinge', 'lgoodingebz@sciencedaily.com', '1984-08-08', 'Data Analyst', 'M', '313-272-8831'),
(433, 'Rhody', 'Winnister', 'rwinnisterc0@sourceforge.net', '1958-01-20', 'Plumber', 'F', '498-961-1979'),
(434, 'Sybila', 'Mokes', 'smokesc1@stumbleupon.com', '2022-07-13', 'Mechanic', 'F', '532-188-2598'),
(435, 'Reta', 'Kitcherside', 'rkitchersidec2@feedburner.com', '1994-05-10', 'IT Support Specialist', 'F', '919-598-4316'),
(436, 'Marlon', 'Garfitt', 'mgarfittc3@friendfeed.com', '1961-01-10', 'Retail Manager', 'M', '660-927-2024'),
(437, 'Lyon', 'Labrom', 'llabromc4@fda.gov', '1983-09-07', 'Librarian', 'M', '657-794-6278'),
(438, 'Sid', 'Smurfitt', 'ssmurfittc5@yahoo.co.jp', '1994-06-29', 'Translator', 'M', '115-501-3598'),
(439, 'Ashli', 'Hulkes', 'ahulkesc6@deviantart.com', '2021-01-23', 'Pilot', 'F', '580-239-7531'),
(440, 'Amara', 'Burk', 'aburkc7@columbia.edu', '1966-06-03', 'Translator', 'F', '944-594-3951'),
(441, 'Barn', 'Lynskey', 'blynskeyc8@cyberchimps.com', '1970-08-23', 'Architect', 'M', '563-962-8716'),
(442, 'Dael', 'Bridgewater', 'dbridgewaterc9@360.cn', '1963-11-17', 'Carpenter', 'M', '355-970-0520'),
(443, 'Freeland', 'Kiln', 'fkilnca@pcworld.com', '1966-05-24', 'Police Officer', 'M', '303-521-1614'),
(444, 'Lothario', 'Marsy', 'lmarsycb@wikipedia.org', '1960-07-12', 'Data Analyst', 'M', '720-711-6285'),
(445, 'Frasco', 'Abbotson', 'fabbotsoncc@unc.edu', '2021-11-25', 'Entrepreneur', 'M', '663-852-2767'),
(446, 'Cathlene', 'Lowing', 'clowingcd@nationalgeographic.com', '2017-10-27', 'Doctor', 'F', '131-414-9183'),
(447, 'Jody', 'Tabard', 'jtabardce@auda.org.au', '1982-08-08', 'Photographer', 'M', '602-353-9278'),
(448, 'Ethel', 'Donovin', 'edonovincf@walmart.com', '2013-08-22', 'Scientist', 'F', '214-936-8670'),
(449, 'Roxana', 'Mowsdill', 'rmowsdillcg@gov.uk', '1982-12-31', 'Retail Manager', 'F', '626-475-0150'),
(450, 'Elysee', 'Caherny', 'ecahernych@berkeley.edu', '1976-04-20', 'Musician', 'F', '720-639-1293'),
(451, 'Morissa', 'Birk', 'mbirkci@prlog.org', '1968-03-08', 'Police Officer', 'F', '813-246-1388'),
(452, 'Meryl', 'Treske', 'mtreskecj@virginia.edu', '2021-12-11', 'Architect', 'F', '262-683-8394'),
(453, 'Forester', 'Surcomb', 'fsurcombck@hatena.ne.jp', '1987-04-20', 'Graphic Designer', 'M', '213-456-5730'),
(454, 'Karly', 'Maytum', 'kmaytumcl@twitter.com', '1951-11-02', 'Musician', 'F', '794-314-4950'),
(455, 'Bonny', 'Risen', 'brisencm@dagondesign.com', '1997-08-13', 'Entrepreneur', 'F', '578-260-4550'),
(456, 'Malanie', 'Tyson', 'mtysoncn@naver.com', '2011-10-10', 'Chef', 'F', '242-690-5893'),
(457, 'Auroora', 'Lafoy', 'alafoyco@yahoo.co.jp', '2003-05-20', 'Plumber', 'F', '799-737-5684'),
(458, 'Blaire', 'McGilbon', 'bmcgilboncp@wordpress.org', '1994-04-18', 'Travel Agent', 'F', '179-490-0868'),
(459, 'Cesar', 'Goalley', 'cgoalleycq@github.com', '2010-12-01', 'IT Support Specialist', 'M', '523-252-5386'),
(460, 'Abra', 'Tofanini', 'atofaninicr@list-manage.com', '1996-07-17', 'Real Estate Agent', 'F', '342-486-1114'),
(461, 'Benetta', 'Reightley', 'breightleycs@blogspot.com', '1968-09-15', 'Fitness Trainer', 'F', '909-541-8497'),
(462, 'Kenny', 'Kalinowsky', 'kkalinowskyct@rambler.ru', '2000-07-26', 'IT Support Specialist', 'M', '350-576-4297'),
(463, 'Jard', 'Beranek', 'jberanekcu@npr.org', '2022-12-08', 'Consultant', 'M', '686-189-8513'),
(464, 'Sauveur', 'Haverson', 'shaversoncv@fda.gov', '1960-03-26', 'Economist', 'M', '583-520-3425'),
(465, 'Cher', 'Straneo', 'cstraneocw@printfriendly.com', '1997-10-26', 'Lawyer', 'F', '900-563-0249'),
(466, 'Timotheus', 'Fidilis', 'tfidiliscx@tamu.edu', '1981-01-27', 'Data Analyst', 'M', '244-163-7062'),
(467, 'Ronny', 'Redihough', 'rredihoughcy@time.com', '1970-02-09', 'Photographer', 'M', '664-711-2711'),
(468, 'Conroy', 'Pregel', 'cpregelcz@technorati.com', '1965-07-19', 'Carpenter', 'M', '478-669-8461'),
(469, 'Olympia', 'Scoon', 'oscoond0@fastcompany.com', '1999-10-08', 'Retail Manager', 'F', '407-419-8749'),
(470, 'Julian', 'Cholerton', 'jcholertond1@google.pl', '1981-12-21', 'IT Support Specialist', 'M', '370-164-2993'),
(471, 'Wendel', 'Jansik', 'wjansikd2@wikispaces.com', '2014-11-14', 'Doctor', 'M', '133-282-6955'),
(472, 'Arlinda', 'Dannehl', 'adannehld3@squarespace.com', '1992-08-14', 'Bartender', 'F', '300-930-1487'),
(473, 'Ronnie', 'Du Plantier', 'rduplantierd4@mtv.com', '1974-05-12', 'Consultant', 'M', '336-167-5796'),
(474, 'Port', 'Bossons', 'pbossonsd5@cnet.com', '1988-11-04', 'Real Estate Agent', 'M', '673-705-5925'),
(475, 'Reta', 'Simonyi', 'rsimonyid6@surveymonkey.com', '1952-06-22', 'Translator', 'F', '982-289-4797'),
(476, 'Verna', 'Aylmer', 'vaylmerd7@flavors.me', '1962-11-06', 'Fitness Trainer', 'F', '512-496-5000'),
(477, 'Jeanna', 'Stockill', 'jstockilld8@scientificamerican.com', '1988-09-22', 'Carpenter', 'F', '607-686-4822'),
(478, 'Rooney', 'Bloxham', 'rbloxhamd9@storify.com', '1981-09-24', 'Plumber', 'M', '356-379-5069'),
(479, 'Alard', 'Scotland', 'ascotlandda@hostgator.com', '2020-07-13', 'IT Support Specialist', 'M', '937-537-3791'),
(480, 'Shae', 'Conkie', 'sconkiedb@newyorker.com', '1997-09-09', 'IT Support Specialist', 'F', '369-207-9692'),
(481, 'Myca', 'Cockman', 'mcockmandc@tripadvisor.com', '1986-05-11', 'Journalist', 'M', '148-220-5808'),
(482, 'Reinaldos', 'Lack', 'rlackdd@com.com', '1957-01-24', 'Pharmacist', 'M', '461-138-3033'),
(483, 'Danyette', 'Capnor', 'dcapnorde@weebly.com', '2002-06-17', 'Electrician', 'F', '298-866-0621'),
(484, 'Carmelina', 'Suddick', 'csuddickdf@about.me', '2017-12-09', 'Artist', 'F', '799-641-1223'),
(485, 'Gearalt', 'Gumley', 'ggumleydg@buzzfeed.com', '1987-12-26', 'Fitness Trainer', 'M', '855-661-8857'),
(486, 'Carma', 'Lydiard', 'clydiarddh@nba.com', '2003-04-29', 'Artist', 'F', '304-227-4287'),
(487, 'Whitman', 'Roon', 'wroondi@nytimes.com', '2008-06-19', 'Retail Manager', 'M', '200-738-0255'),
(488, 'Leonie', 'Mitcham', 'lmitchamdj@macromedia.com', '1959-02-01', 'Financial Analyst', 'F', '578-775-1127'),
(489, 'Anya', 'Friskey', 'afriskeydk@ca.gov', '1988-11-24', 'Musician', 'F', '300-715-6453'),
(490, 'Grange', 'Burlay', 'gburlaydl@mysql.com', '2010-07-13', 'Banker', 'M', '436-638-3996'),
(491, 'Candis', 'Stronghill', 'cstronghilldm@msn.com', '1987-09-05', 'Financial Analyst', 'F', '302-196-4735'),
(492, 'Kelsi', 'Pennetti', 'kpennettidn@ed.gov', '1973-09-15', 'Human Resources Manager', 'F', '709-913-0821');
INSERT INTO `patient` (`id`, `first_name`, `last_name`, `addresse`, `date_naissance`, `profession`, `genre`, `telephone`) VALUES
(493, 'Gennie', 'Saiger', 'gsaigerdo@arstechnica.com', '2017-01-17', 'Real Estate Agent', 'F', '611-920-1670'),
(494, 'Danielle', 'Flewitt', 'dflewittdp@sina.com.cn', '2012-10-29', 'Artist', 'F', '336-775-2976'),
(495, 'Gavra', 'Sloley', 'gsloleydq@usa.gov', '1997-05-14', 'Dentist', 'F', '518-966-3678'),
(496, 'Tait', 'Benedikt', 'tbenediktdr@fema.gov', '1959-06-08', 'Pharmacist', 'M', '565-602-8763'),
(497, 'Elana', 'Inkster', 'einksterds@slate.com', '1951-10-03', 'Event Planner', 'F', '887-762-0093'),
(498, 'Agnesse', 'Wolland', 'awollanddt@flickr.com', '2020-04-12', 'Travel Agent', 'F', '758-494-7553'),
(499, 'Esme', 'Winscom', 'ewinscomdu@accuweather.com', '2024-02-11', 'Doctor', 'M', '335-465-1067'),
(500, 'Ivan', 'Gooble', 'igoobledv@csmonitor.com', '1982-03-21', 'Banker', 'M', '841-512-3512'),
(501, 'Reta', 'Beevis', 'rbeevisdw@spiegel.de', '1963-05-14', 'Pilot', 'F', '697-440-3233'),
(502, 'Shayla', 'Saunderson', 'ssaundersondx@jiathis.com', '1967-11-09', 'Lawyer', 'F', '836-461-3341'),
(503, 'Donny', 'Sterrie', 'dsterriedy@opera.com', '2009-01-08', 'Photographer', 'M', '840-641-5444'),
(504, 'Anatole', 'Bedboro', 'abedborodz@cocolog-nifty.com', '1983-04-29', 'Firefighter', 'M', '373-268-0827'),
(505, 'Vittorio', 'Lettington', 'vlettingtone0@surveymonkey.com', '1960-07-18', 'Mechanic', 'M', '123-994-2720'),
(506, 'Braden', 'Nickerson', 'bnickersone1@marketwatch.com', '1962-11-22', 'Marketing Specialist', 'M', '618-884-3938'),
(507, 'Ellynn', 'Ellis', 'eellise2@huffingtonpost.com', '2021-11-22', 'Carpenter', 'F', '438-338-7819'),
(508, 'Boycie', 'Slimon', 'bslimone3@dyndns.org', '1968-04-24', 'IT Support Specialist', 'M', '209-215-9852'),
(509, 'Yance', 'Brenneke', 'ybrennekee4@people.com.cn', '2001-05-30', 'Data Analyst', 'M', '243-205-3329'),
(510, 'Arny', 'Fifield', 'afifielde5@ehow.com', '1961-04-09', 'Translator', 'M', '646-840-2364'),
(511, 'Jobina', 'Pallant', 'jpallante6@mediafire.com', '2018-04-24', 'Entrepreneur', 'F', '768-569-1315'),
(512, 'Jillana', 'Dutnall', 'jdutnalle7@europa.eu', '1983-02-27', 'Marketing Specialist', 'F', '529-703-4438'),
(513, 'Car', 'Brunsdon', 'cbrunsdone8@statcounter.com', '1952-09-29', 'Consultant', 'M', '521-161-7204'),
(514, 'Lief', 'Adds', 'laddse9@guardian.co.uk', '1991-05-24', 'IT Support Specialist', 'M', '748-378-8281'),
(515, 'Mellisa', 'Bagby', 'mbagbyea@smugmug.com', '2012-03-15', 'Dentist', 'F', '556-451-4374'),
(516, 'Felecia', 'Shilburne', 'fshilburneeb@walmart.com', '2019-07-20', 'Social Worker', 'F', '127-938-8866'),
(517, 'Nettle', 'Allatt', 'nallattec@simplemachines.org', '1950-11-19', 'Accountant', 'F', '529-671-1369'),
(518, 'Ossie', 'Daunay', 'odaunayed@github.com', '1955-06-11', 'Pilot', 'M', '306-737-7606'),
(519, 'Josephine', 'Bedding', 'jbeddingee@admin.ch', '2015-11-20', 'Graphic Designer', 'F', '912-634-3826'),
(520, 'Leupold', 'Baldcock', 'lbaldcockef@oakley.com', '2017-01-06', 'Economist', 'M', '828-137-3417'),
(521, 'Elysha', 'Lambersen', 'elamberseneg@sbwire.com', '1960-10-23', 'Plumber', 'F', '799-155-7453'),
(522, 'Drusilla', 'Osmint', 'dosminteh@parallels.com', '1962-10-23', 'Hotel Manager', 'F', '675-641-0335'),
(523, 'Benjamin', 'Tenniswood', 'btenniswoodei@reddit.com', '1951-01-08', 'Firefighter', 'M', '302-354-5779'),
(524, 'Emlynn', 'Hearle', 'ehearleej@nydailynews.com', '2012-12-05', 'Salesperson', 'F', '989-994-8657'),
(525, 'Roslyn', 'Janoschek', 'rjanoschekek@oaic.gov.au', '2018-09-14', 'Actor', 'F', '315-319-5767'),
(526, 'Gilly', 'Petters', 'gpettersel@alexa.com', '2023-01-24', 'Data Analyst', 'F', '885-793-5608'),
(527, 'Davis', 'Chestnutt', 'dchestnuttem@list-manage.com', '1989-06-12', 'Artist', 'M', '410-356-5699'),
(528, 'Phineas', 'Vinas', 'pvinasen@mediafire.com', '2014-02-23', 'Real Estate Agent', 'M', '135-146-0268'),
(529, 'Edita', 'Mangenet', 'emangeneteo@senate.gov', '2013-09-19', 'Electrician', 'F', '617-942-3268'),
(530, 'Lowell', 'Delacourt', 'ldelacourtep@barnesandnoble.com', '1984-08-19', 'Psychologist', 'M', '384-734-5012'),
(531, 'Gardy', 'De-Ville', 'gdevilleeq@rakuten.co.jp', '2000-11-27', 'Graphic Designer', 'M', '693-690-9487'),
(532, 'Darline', 'Tansly', 'dtanslyer@cbsnews.com', '1999-03-27', 'Travel Agent', 'F', '349-853-2127'),
(533, 'Giffie', 'Flewett', 'gflewettes@yolasite.com', '1954-03-12', 'Actor', 'M', '116-137-8366'),
(534, 'Lissa', 'Bernier', 'lbernieret@theguardian.com', '1962-02-28', 'Mechanic', 'F', '858-643-0021'),
(535, 'Aloysia', 'Tedman', 'atedmaneu@fastcompany.com', '2010-07-15', 'Pharmacist', 'F', '306-589-3565'),
(536, 'Jenilee', 'Caitlin', 'jcaitlinev@miibeian.gov.cn', '2019-05-11', 'Marketing Specialist', 'F', '757-951-3780'),
(537, 'Harriett', 'Pinwell', 'hpinwellew@cdbaby.com', '1953-07-06', 'Chef', 'F', '676-228-2519'),
(538, 'Glen', 'Barthelmes', 'gbarthelmesex@biblegateway.com', '1988-10-16', 'Economist', 'F', '406-530-2990'),
(539, 'Lanny', 'Twigge', 'ltwiggeey@indiatimes.com', '2015-04-12', 'Social Worker', 'M', '650-897-9640'),
(540, 'Drucie', 'Logue', 'dlogueez@unesco.org', '2008-10-24', 'Translator', 'F', '922-472-2598'),
(541, 'Gareth', 'Kuhle', 'gkuhlef0@virginia.edu', '1968-06-03', 'Therapist', 'M', '112-448-5385'),
(542, 'Dacie', 'Mioni', 'dmionif1@marriott.com', '1961-05-29', 'Banker', 'F', '410-817-8546'),
(543, 'Gustavus', 'Farnell', 'gfarnellf2@cbc.ca', '1968-06-25', 'Plumber', 'M', '705-545-2819'),
(544, 'Asia', 'Rogier', 'arogierf3@webnode.com', '1996-02-18', 'Software Developer', 'F', '897-519-2382'),
(545, 'Ame', 'Dissman', 'adissmanf4@google.ca', '1977-07-13', 'Travel Agent', 'F', '969-145-0873'),
(546, 'Massimiliano', 'McArte', 'mmcartef5@vimeo.com', '1973-07-21', 'Scientist', 'M', '202-684-3997'),
(547, 'Vilhelmina', 'Mabbott', 'vmabbottf6@pen.io', '1964-02-13', 'Nurse', 'F', '196-438-2664'),
(548, 'Judith', 'Evanson', 'jevansonf7@wsj.com', '1956-07-20', 'Economist', 'F', '286-501-1961'),
(549, 'Cameron', 'Sprouls', 'csproulsf8@umich.edu', '1970-11-02', 'Event Planner', 'M', '953-430-7571'),
(550, 'Tann', 'Edbrooke', 'tedbrookef9@t.co', '1951-05-25', 'Social Worker', 'M', '678-806-2397'),
(551, 'Maximilian', 'Donoghue', 'mdonoghuefa@reference.com', '1982-07-11', 'Electrician', 'M', '846-814-0878'),
(552, 'Carlota', 'Rounsivall', 'crounsivallfb@blogtalkradio.com', '1960-02-23', 'Actor', 'F', '429-428-1510'),
(553, 'Bessy', 'Huddleston', 'bhuddlestonfc@surveymonkey.com', '1971-04-02', 'Travel Agent', 'F', '514-625-3598'),
(554, 'Keelby', 'Lattie', 'klattiefd@boston.com', '1995-02-10', 'Carpenter', 'M', '979-641-2876'),
(555, 'Marnie', 'Crickmoor', 'mcrickmoorfe@elpais.com', '2004-05-17', 'Banker', 'F', '807-525-1366'),
(556, 'Baryram', 'Fettiplace', 'bfettiplaceff@indiegogo.com', '2024-06-26', 'Human Resources Manager', 'M', '310-792-7447'),
(557, 'Winnie', 'Cassin', 'wcassinfg@photobucket.com', '1963-09-25', 'Accountant', 'M', '957-557-6137'),
(558, 'Aeriela', 'Mains', 'amainsfh@rakuten.co.jp', '2007-01-21', 'Bartender', 'F', '959-231-0391'),
(559, 'Daffi', 'Tidmas', 'dtidmasfi@jugem.jp', '1997-01-07', 'Financial Analyst', 'F', '716-402-4791'),
(560, 'Franchot', 'Pendered', 'fpenderedfj@1und1.de', '2008-08-14', 'Lawyer', 'M', '399-863-0669'),
(561, 'Cori', 'Wheater', 'cwheaterfk@sitemeter.com', '1988-03-14', 'Marketing Specialist', 'F', '634-185-0244'),
(562, 'Conny', 'Fairn', 'cfairnfl@intel.com', '1950-08-10', 'Hotel Manager', 'M', '191-922-9336'),
(563, 'Bernardine', 'Woolbrook', 'bwoolbrookfm@sbwire.com', '1994-05-27', 'Chef', 'F', '311-399-9953'),
(564, 'Julio', 'Byres', 'jbyresfn@pinterest.com', '2012-08-04', 'Dentist', 'M', '668-779-2052'),
(565, 'Brandise', 'Crummay', 'bcrummayfo@addtoany.com', '1952-04-07', 'Banker', 'F', '221-987-0896'),
(566, 'Dale', 'Hatherleigh', 'dhatherleighfp@artisteer.com', '2019-12-06', 'Mechanic', 'F', '648-395-5660'),
(567, 'Arin', 'Chicken', 'achickenfq@free.fr', '1996-10-08', 'Accountant', 'M', '515-759-2615'),
(568, 'Doe', 'Laffling', 'dlafflingfr@hexun.com', '2023-06-28', 'Fitness Trainer', 'F', '147-319-5881'),
(569, 'Tirrell', 'Carette', 'tcarettefs@businessinsider.com', '1999-07-12', 'Economist', 'M', '469-696-3610'),
(570, 'Tracie', 'Sandercroft', 'tsandercroftft@tuttocitta.it', '1967-06-23', 'Therapist', 'M', '661-792-6241'),
(571, 'Cathlene', 'Klemps', 'cklempsfu@list-manage.com', '1970-09-17', 'Pharmacist', 'F', '923-254-1169'),
(572, 'Johannes', 'Dudden', 'jduddenfv@networksolutions.com', '1967-07-30', 'IT Support Specialist', 'M', '977-483-8991'),
(573, 'Maurie', 'Josephs', 'mjosephsfw@spiegel.de', '1961-04-20', 'Project Manager', 'M', '377-617-8167'),
(574, 'Cesare', 'Keays', 'ckeaysfx@addthis.com', '1979-09-05', 'Firefighter', 'M', '938-473-5930'),
(575, 'Rab', 'Duhig', 'rduhigfy@icio.us', '2014-01-17', 'Nurse', 'M', '597-119-9954'),
(576, 'Anett', 'Kirstein', 'akirsteinfz@nydailynews.com', '1997-06-16', 'Data Analyst', 'F', '895-411-1750'),
(577, 'Ruby', 'Gold', 'rgoldg0@lycos.com', '1969-05-05', 'Travel Agent', 'F', '536-277-3654'),
(578, 'Hervey', 'Stidworthy', 'hstidworthyg1@indiegogo.com', '1975-03-17', 'Journalist', 'M', '440-951-4602'),
(579, 'Byron', 'Tumielli', 'btumiellig2@intel.com', '1952-05-04', 'Engineer', 'M', '512-806-6354'),
(580, 'Oralee', 'Trayhorn', 'otrayhorng3@sogou.com', '2019-07-17', 'Doctor', 'F', '384-489-4572'),
(581, 'Tuesday', 'Yankishin', 'tyankishing4@linkedin.com', '1956-01-04', 'Artist', 'F', '259-887-7149'),
(582, 'Neda', 'Wheatland', 'nwheatlandg5@w3.org', '1969-03-24', 'Actor', 'F', '246-279-3791'),
(583, 'Pru', 'Kettridge', 'pkettridgeg6@aboutads.info', '1992-07-28', 'Entrepreneur', 'F', '893-627-3784'),
(584, 'Dillon', 'Klugman', 'dklugmang7@sciencedirect.com', '1970-05-25', 'Financial Analyst', 'M', '490-988-6930'),
(585, 'Kevan', 'Yirrell', 'kyirrellg8@pcworld.com', '1967-01-18', 'Fitness Trainer', 'M', '215-827-1981'),
(586, 'Eleni', 'Lerwell', 'elerwellg9@typepad.com', '1995-08-01', 'Banker', 'F', '233-340-7102'),
(587, 'Dennet', 'Kytley', 'dkytleyga@artisteer.com', '2009-03-16', 'IT Support Specialist', 'M', '123-590-5725'),
(588, 'Hogan', 'Goodier', 'hgoodiergb@shinystat.com', '2010-03-06', 'Veterinarian', 'M', '537-130-6244'),
(589, 'Hillary', 'Siddon', 'hsiddongc@cbc.ca', '2018-05-23', 'Librarian', 'M', '747-972-3678'),
(590, 'Audrye', 'Dodgson', 'adodgsongd@360.cn', '1993-05-02', 'Nurse', 'F', '202-754-5349'),
(591, 'Elie', 'McGhee', 'emcgheege@behance.net', '2019-02-09', 'Engineer', 'F', '999-500-9602'),
(592, 'Nil', 'Tunuy', 'ntunuygf@dedecms.com', '1963-01-04', 'Therapist', 'M', '474-492-0804'),
(593, 'Ezechiel', 'Adriano', 'eadrianogg@bigcartel.com', '2008-06-12', 'Translator', 'M', '886-888-7561'),
(594, 'Gail', 'Henrichs', 'ghenrichsgh@theatlantic.com', '1953-07-09', 'Chef', 'M', '317-809-7771'),
(595, 'Leland', 'Mamwell', 'lmamwellgi@opera.com', '1998-08-31', 'Retail Manager', 'M', '366-356-3932'),
(596, 'Anni', 'Pidwell', 'apidwellgj@tamu.edu', '2010-01-03', 'Veterinarian', 'F', '923-788-8481'),
(597, 'Wolfie', 'Scanterbury', 'wscanterburygk@businesswire.com', '2021-04-04', 'Veterinarian', 'M', '587-320-3677'),
(598, 'Gualterio', 'Summerson', 'gsummersongl@seattletimes.com', '2012-11-04', 'Fitness Trainer', 'M', '517-814-3815'),
(599, 'Ashly', 'Chatenier', 'achateniergm@goodreads.com', '2013-03-07', 'Nurse', 'F', '607-351-0033'),
(600, 'Deane', 'Corking', 'dcorkinggn@youtube.com', '1983-04-24', 'Librarian', 'M', '208-899-5785'),
(601, 'Hewe', 'Hafford', 'hhaffordgo@examiner.com', '1999-06-01', 'Project Manager', 'M', '929-548-7787'),
(602, 'Hermia', 'Bowkley', 'hbowkleygp@youtube.com', '1986-11-06', 'Scientist', 'F', '798-804-7461'),
(603, 'Juditha', 'Steet', 'jsteetgq@alibaba.com', '2017-02-12', 'Translator', 'F', '387-149-3163'),
(604, 'Frans', 'Timny', 'ftimnygr@purevolume.com', '2010-09-30', 'Economist', 'M', '196-485-0796'),
(605, 'Hermy', 'Gorey', 'hgoreygs@list-manage.com', '1961-10-24', 'Entrepreneur', 'M', '288-660-2179'),
(606, 'Wallas', 'Cornelleau', 'wcornelleaugt@sakura.ne.jp', '1995-11-17', 'Banker', 'M', '438-333-3352'),
(607, 'Lula', 'Bloxsome', 'lbloxsomegu@paypal.com', '2015-05-15', 'Carpenter', 'F', '772-754-5473'),
(608, 'Chrotoem', 'Ubank', 'cubankgv@biblegateway.com', '2020-05-31', 'Journalist', 'M', '525-714-4351'),
(609, 'Lucine', 'Pilsbury', 'lpilsburygw@goodreads.com', '2021-04-29', 'Artist', 'F', '697-355-3195'),
(610, 'Blayne', 'Hambers', 'bhambersgx@huffingtonpost.com', '1999-02-14', 'Police Officer', 'M', '696-257-7571'),
(611, 'Tiebold', 'Weavill', 'tweavillgy@weibo.com', '1995-06-19', 'Artist', 'M', '590-474-5036'),
(612, 'Ransom', 'Rotge', 'rrotgegz@epa.gov', '1985-05-05', 'Hotel Manager', 'M', '963-534-1620'),
(613, 'Julius', 'Widdows', 'jwiddowsh0@ucla.edu', '2012-07-12', 'Therapist', 'M', '515-152-9876'),
(614, 'Catrina', 'Pestridge', 'cpestridgeh1@yellowpages.com', '1969-01-16', 'Pharmacist', 'F', '302-285-4242'),
(615, 'Elka', 'Gussin', 'egussinh2@symantec.com', '1956-04-06', 'Nurse', 'F', '524-332-7053'),
(616, 'Dolf', 'Deverill', 'ddeverillh3@craigslist.org', '1977-10-05', 'Financial Analyst', 'M', '755-347-9261'),
(617, 'Eddy', 'Buyers', 'ebuyersh4@php.net', '1995-05-22', 'Scientist', 'M', '870-515-0292'),
(618, 'Marven', 'Rendell', 'mrendellh5@bizjournals.com', '1975-09-14', 'Police Officer', 'M', '883-828-9830'),
(619, 'Halli', 'Mapplebeck', 'hmapplebeckh6@loc.gov', '1999-10-14', 'Data Analyst', 'F', '849-737-5638'),
(620, 'Hallsy', 'Glaisner', 'hglaisnerh7@sakura.ne.jp', '2009-10-18', 'Teacher', 'M', '300-933-2988'),
(621, 'Nata', 'Hensmans', 'nhensmansh8@qq.com', '1986-11-10', 'Marketing Specialist', 'F', '240-647-4881'),
(622, 'Nathaniel', 'Rolinson', 'nrolinsonh9@ehow.com', '2024-03-19', 'Graphic Designer', 'M', '968-704-0051'),
(623, 'Jessee', 'Darco', 'jdarcoha@123-reg.co.uk', '1957-09-04', 'Photographer', 'M', '816-382-5426'),
(624, 'Fionnula', 'Goodbarne', 'fgoodbarnehb@virginia.edu', '2005-03-31', 'Doctor', 'F', '671-911-8713'),
(625, 'Luise', 'Philson', 'lphilsonhc@w3.org', '1978-05-29', 'Financial Analyst', 'F', '287-677-3520'),
(626, 'Pebrook', 'Boleyn', 'pboleynhd@mediafire.com', '2017-03-22', 'Actor', 'M', '622-116-5623'),
(627, 'Audrie', 'Connold', 'aconnoldhe@dropbox.com', '1973-04-21', 'Financial Analyst', 'F', '465-388-0461'),
(628, 'Omero', 'Ineson', 'oinesonhf@wisc.edu', '1981-04-20', 'Accountant', 'M', '542-593-3418'),
(629, 'Reinald', 'Haimes', 'rhaimeshg@sogou.com', '1964-12-19', 'Marketing Specialist', 'M', '845-365-0242'),
(630, 'Tootsie', 'Billows', 'tbillowshh@slashdot.org', '1990-09-09', 'Event Planner', 'F', '966-597-9567'),
(631, 'Griffith', 'Tysall', 'gtysallhi@homestead.com', '1957-07-25', 'Entrepreneur', 'M', '910-827-6729'),
(632, 'Flossie', 'Boggis', 'fboggishj@va.gov', '1959-03-12', 'Nurse', 'F', '524-100-1688'),
(633, 'Archy', 'Kybert', 'akyberthk@archive.org', '1951-09-27', 'Scientist', 'M', '891-294-2007'),
(634, 'Tarra', 'Moyers', 'tmoyershl@walmart.com', '2011-07-29', 'Photographer', 'F', '564-156-1227'),
(635, 'Venita', 'Caccavella', 'vcaccavellahm@xinhuanet.com', '1950-07-15', 'Mechanic', 'F', '186-405-9342'),
(636, 'Elbertine', 'Burling', 'eburlinghn@addtoany.com', '1956-12-11', 'Mechanic', 'F', '757-673-3987'),
(637, 'Aveline', 'Wadhams', 'awadhamsho@dropbox.com', '2001-11-12', 'IT Support Specialist', 'F', '142-610-0173'),
(638, 'Natty', 'Athelstan', 'nathelstanhp@arstechnica.com', '1981-11-26', 'Accountant', 'F', '810-726-5690'),
(639, 'Marv', 'Yeaman', 'myeamanhq@walmart.com', '1973-08-16', 'Carpenter', 'M', '971-449-2892'),
(640, 'Carlos', 'Henderson', 'chendersonhr@wiley.com', '1978-07-28', 'Nurse', 'M', '547-252-6457'),
(641, 'Leann', 'Heffer', 'lhefferhs@amazon.de', '2020-03-17', 'Data Analyst', 'F', '227-826-7202'),
(642, 'Brandtr', 'Crumby', 'bcrumbyht@tripadvisor.com', '1992-12-11', 'Architect', 'M', '960-128-9795'),
(643, 'Sherline', 'McWaters', 'smcwatershu@theglobeandmail.com', '1951-06-28', 'Social Worker', 'F', '322-878-4419'),
(644, 'Alina', 'McLaverty', 'amclavertyhv@is.gd', '1953-12-05', 'Teacher', 'F', '136-396-1892'),
(645, 'Yulma', 'Patnelli', 'ypatnellihw@wordpress.org', '1989-09-11', 'Librarian', 'M', '806-673-4223'),
(646, 'Merill', 'Lias', 'mliashx@google.it', '2014-12-06', 'Real Estate Agent', 'M', '377-811-5955'),
(647, 'Guinevere', 'McCarlie', 'gmccarliehy@slate.com', '1959-03-27', 'Photographer', 'F', '820-966-4608'),
(648, 'Ailyn', 'Core', 'acorehz@spotify.com', '2015-10-17', 'Social Worker', 'F', '683-990-9419'),
(649, 'Terrance', 'Whild', 'twhildi0@nydailynews.com', '1999-11-09', 'Photographer', 'M', '490-550-8298'),
(650, 'Casandra', 'Koopman', 'ckoopmani1@bluehost.com', '1993-08-23', 'Data Analyst', 'F', '944-867-1285'),
(651, 'Barrett', 'Smedmoor', 'bsmedmoori2@foxnews.com', '1975-01-16', 'Financial Analyst', 'M', '610-358-5843'),
(652, 'Arther', 'Punyer', 'apunyeri3@europa.eu', '2003-10-28', 'Firefighter', 'M', '420-716-6578'),
(653, 'Ariana', 'Naughton', 'anaughtoni4@ted.com', '1994-06-13', 'Fitness Trainer', 'F', '180-992-1213'),
(654, 'Odella', 'Claxson', 'oclaxsoni5@freewebs.com', '1956-09-24', 'Data Analyst', 'F', '931-308-5238'),
(655, 'Linus', 'Wrigley', 'lwrigleyi6@thetimes.co.uk', '1959-11-11', 'Psychologist', 'M', '992-297-7610'),
(656, 'Gilligan', 'Maus', 'gmausi7@free.fr', '1966-11-02', 'Musician', 'F', '877-300-1708'),
(657, 'Obediah', 'Teale', 'otealei8@umich.edu', '1961-09-04', 'Graphic Designer', 'M', '305-554-8596'),
(658, 'Rea', 'Cudiff', 'rcudiffi9@timesonline.co.uk', '2013-06-10', 'Accountant', 'F', '493-781-3311'),
(659, 'Jarid', 'Borgnet', 'jborgnetia@quantcast.com', '1988-06-13', 'Data Analyst', 'M', '702-255-6779'),
(660, 'Michaeline', 'Treske', 'mtreskeib@livejournal.com', '2014-12-30', 'Accountant', 'F', '621-513-7863'),
(661, 'Kass', 'De Bruijn', 'kdebruijnic@uiuc.edu', '2007-05-26', 'Retail Manager', 'F', '104-583-0091'),
(662, 'Biron', 'Gilhool', 'bgilhoolid@4shared.com', '1961-02-19', 'Police Officer', 'M', '660-812-6291'),
(663, 'Zita', 'Ilive', 'ziliveie@usda.gov', '2010-03-29', 'Firefighter', 'F', '413-714-7868'),
(664, 'Evanne', 'Loughead', 'elougheadif@unblog.fr', '2018-10-29', 'Librarian', 'F', '505-340-6277'),
(665, 'Shaun', 'Weetch', 'sweetchig@amazon.co.uk', '2017-04-01', 'Artist', 'F', '555-139-2628'),
(666, 'Ameline', 'Cleft', 'acleftih@foxnews.com', '1978-06-25', 'Firefighter', 'F', '419-169-5972'),
(667, 'Leslie', 'Paroni', 'lparoniii@techcrunch.com', '1952-03-23', 'Fitness Trainer', 'M', '725-368-4457'),
(668, 'Lindsay', 'Linton', 'llintonij@flavors.me', '1990-12-06', 'Project Manager', 'M', '986-364-0601'),
(669, 'Harrie', 'Sloley', 'hsloleyik@bravesites.com', '1965-05-06', 'Real Estate Agent', 'F', '289-341-4632'),
(670, 'Tonya', 'Grayshan', 'tgrayshanil@wired.com', '2009-09-05', 'Economist', 'F', '136-640-1971'),
(671, 'Brennen', 'Bemlott', 'bbemlottim@microsoft.com', '1984-07-20', 'Graphic Designer', 'M', '235-945-4596'),
(672, 'Izaak', 'de Clercq', 'ideclercqin@digg.com', '2018-06-09', 'Travel Agent', 'M', '922-702-6221'),
(673, 'Susann', 'Whitrod', 'swhitrodio@typepad.com', '1968-06-03', 'Doctor', 'F', '122-603-7618'),
(674, 'Kelley', 'Gissing', 'kgissingip@opera.com', '1981-06-12', 'Artist', 'F', '588-472-7420'),
(675, 'Reynolds', 'Caton', 'rcatoniq@myspace.com', '2022-11-27', 'Marketing Specialist', 'M', '131-324-0177'),
(676, 'Maurine', 'Brunesco', 'mbrunescoir@nba.com', '1990-09-20', 'Social Worker', 'F', '408-694-0539'),
(677, 'Angele', 'Caustic', 'acausticis@wix.com', '1971-01-18', 'Data Analyst', 'F', '700-278-9699'),
(678, 'Hobart', 'Eldered', 'helderedit@addtoany.com', '2012-11-29', 'Event Planner', 'M', '222-273-5790'),
(679, 'Iosep', 'Bessant', 'ibessantiu@npr.org', '2013-07-09', 'Real Estate Agent', 'M', '230-845-5903'),
(680, 'Orren', 'Sergean', 'osergeaniv@mayoclinic.com', '1958-07-27', 'Entrepreneur', 'M', '910-192-1731'),
(681, 'Darn', 'Hachard', 'dhachardiw@ftc.gov', '1952-10-29', 'Firefighter', 'M', '371-969-2410'),
(682, 'Wright', 'Pringley', 'wpringleyix@nsw.gov.au', '1969-02-20', 'Hotel Manager', 'M', '708-981-1069'),
(683, 'Mickie', 'A\'Barrow', 'mabarrowiy@dion.ne.jp', '1960-09-07', 'Economist', 'F', '172-912-3615'),
(684, 'Mattheus', 'Danbury', 'mdanburyiz@usnews.com', '1952-03-28', 'Carpenter', 'M', '382-619-6830'),
(685, 'Eliot', 'Cranney', 'ecranneyj0@fotki.com', '2013-01-20', 'Police Officer', 'M', '954-429-4512'),
(686, 'Lucky', 'Shaves', 'lshavesj1@wiley.com', '1975-02-20', 'Retail Manager', 'F', '478-988-1718'),
(687, 'Walden', 'Blagden', 'wblagdenj2@youtube.com', '2022-01-21', 'Scientist', 'M', '787-660-1130'),
(688, 'Chalmers', 'Hurdman', 'churdmanj3@nature.com', '1958-05-13', 'Accountant', 'M', '841-790-0712'),
(689, 'Justine', 'Gooddy', 'jgooddyj4@cnbc.com', '2024-04-19', 'Therapist', 'F', '444-330-5676'),
(690, 'Scarlet', 'Beharrell', 'sbeharrellj5@reddit.com', '2018-03-21', 'Retail Manager', 'F', '718-566-9859'),
(691, 'Lonna', 'Limmer', 'llimmerj6@amazon.co.uk', '2009-08-04', 'Event Planner', 'F', '835-806-8691'),
(692, 'Adella', 'Mahedy', 'amahedyj7@amazon.co.jp', '2009-02-08', 'Carpenter', 'F', '411-968-5010'),
(693, 'Reinhold', 'Wall', 'rwallj8@nymag.com', '2006-09-13', 'Carpenter', 'M', '680-953-6159'),
(694, 'Florette', 'Blaymires', 'fblaymiresj9@simplemachines.org', '1974-11-14', 'Translator', 'F', '922-401-7450'),
(695, 'Filberto', 'Bromfield', 'fbromfieldja@clickbank.net', '1969-06-12', 'Therapist', 'M', '874-796-7977'),
(696, 'Claiborn', 'Larderot', 'clarderotjb@sbwire.com', '1988-05-01', 'Scientist', 'M', '238-284-0237'),
(697, 'Mikol', 'Whittock', 'mwhittockjc@last.fm', '1998-04-09', 'Event Planner', 'M', '703-968-8411'),
(698, 'Amaleta', 'Dhenin', 'adheninjd@weebly.com', '2015-03-04', 'Dentist', 'F', '952-716-9110'),
(699, 'Trina', 'Phelit', 'tphelitje@php.net', '1991-04-08', 'Travel Agent', 'F', '976-199-2473'),
(700, 'Silvain', 'Skirrow', 'sskirrowjf@army.mil', '1986-04-04', 'Dentist', 'M', '316-781-0747'),
(701, 'Nathan', 'Olding', 'noldingjg@dailymotion.com', '1991-09-02', 'Salesperson', 'M', '192-853-6762'),
(702, 'Stanislaw', 'Bertolaccini', 'sbertolaccinijh@engadget.com', '1976-06-23', 'Mechanic', 'M', '430-939-6380'),
(703, 'Maria', 'Brack', 'mbrackji@skype.com', '1984-04-12', 'Social Worker', 'F', '351-783-6486'),
(704, 'Bob', 'Abbay', 'babbayjj@nhs.uk', '1974-12-03', 'Event Planner', 'M', '963-127-4978'),
(705, 'Rudolf', 'Beckley', 'rbeckleyjk@biglobe.ne.jp', '1979-02-28', 'Pilot', 'M', '892-645-3572'),
(706, 'Robyn', 'Mocker', 'rmockerjl@sitemeter.com', '1979-02-03', 'Police Officer', 'F', '980-239-6784'),
(707, 'Lem', 'Dacre', 'ldacrejm@marriott.com', '1977-01-14', 'Graphic Designer', 'M', '897-462-8203'),
(708, 'Elfrieda', 'Josephsen', 'ejosephsenjn@ed.gov', '1982-10-04', 'Real Estate Agent', 'F', '292-146-4261'),
(709, 'Marsha', 'Kadar', 'mkadarjo@feedburner.com', '1980-03-23', 'Musician', 'F', '765-668-7580'),
(710, 'Nollie', 'Lilburn', 'nlilburnjp@desdev.cn', '1960-11-21', 'Salesperson', 'M', '838-881-4867'),
(711, 'Rubia', 'Timmins', 'rtimminsjq@google.co.uk', '1965-05-08', 'Police Officer', 'F', '679-532-8949'),
(712, 'Cesaro', 'Souter', 'csouterjr@ftc.gov', '1977-01-14', 'Bartender', 'M', '210-452-9514'),
(713, 'Constancia', 'Smewing', 'csmewingjs@ow.ly', '2024-06-16', 'Banker', 'F', '339-434-3806'),
(714, 'Iolande', 'Swalough', 'iswaloughjt@linkedin.com', '1955-08-18', 'Mechanic', 'F', '463-561-0522'),
(715, 'Aubrey', 'Ratray', 'aratrayju@i2i.jp', '1997-06-10', 'Nurse', 'M', '257-497-9418'),
(716, 'Peter', 'Madoc-Jones', 'pmadocjonesjv@stumbleupon.com', '1968-01-30', 'Fitness Trainer', 'M', '657-338-2636'),
(717, 'Izaak', 'Rogeron', 'irogeronjw@ebay.com', '1998-10-04', 'Event Planner', 'M', '755-680-4164'),
(718, 'Rubi', 'Pleavin', 'rpleavinjx@webnode.com', '1955-05-16', 'Doctor', 'F', '534-754-6204'),
(719, 'Feodora', 'Hazelton', 'fhazeltonjy@washington.edu', '2012-03-24', 'Entrepreneur', 'F', '182-646-7518'),
(720, 'Carrol', 'Jonke', 'cjonkejz@economist.com', '1955-04-17', 'Veterinarian', 'M', '983-457-8932'),
(721, 'Violante', 'Mash', 'vmashk0@biblegateway.com', '1958-02-28', 'Event Planner', 'F', '471-643-9306'),
(722, 'Sheri', 'Farahar', 'sfarahark1@cargocollective.com', '2010-11-27', 'Police Officer', 'F', '345-513-8666'),
(723, 'Lanie', 'Lusher', 'llusherk2@mit.edu', '2023-12-21', 'Teacher', 'M', '590-254-7618'),
(724, 'Lorianne', 'Stanyard', 'lstanyardk3@abc.net.au', '2006-04-20', 'Project Manager', 'F', '273-417-4807'),
(725, 'Reggy', 'Cope', 'rcopek4@feedburner.com', '2019-07-25', 'Musician', 'M', '781-610-0819'),
(726, 'Buddie', 'Kores', 'bkoresk5@ning.com', '2010-03-13', 'Accountant', 'M', '339-857-5196'),
(727, 'Tobey', 'Howieson', 'thowiesonk6@cmu.edu', '2022-09-20', 'Police Officer', 'F', '766-629-4431'),
(728, 'Nicolas', 'Letrange', 'nletrangek7@walmart.com', '1987-06-01', 'Artist', 'M', '420-884-3756'),
(729, 'Lani', 'Recke', 'lreckek8@lycos.com', '1956-10-30', 'Nurse', 'F', '350-421-4620'),
(730, 'Ardelle', 'Eggle', 'aegglek9@myspace.com', '2002-05-01', 'Pharmacist', 'F', '769-541-3575'),
(731, 'Morgen', 'Gull', 'mgullka@upenn.edu', '1998-04-11', 'IT Support Specialist', 'M', '757-781-2262'),
(732, 'Lyman', 'Thorius', 'lthoriuskb@blogtalkradio.com', '2004-11-08', 'Lawyer', 'M', '476-327-4813'),
(733, 'Gunar', 'Roath', 'groathkc@businessinsider.com', '1989-11-08', 'Banker', 'M', '510-956-5042'),
(734, 'Chane', 'Toffanini', 'ctoffaninikd@canalblog.com', '1999-02-22', 'Musician', 'M', '618-600-7192'),
(735, 'Alexi', 'Giddens', 'agiddenske@clickbank.net', '1988-06-05', 'Therapist', 'F', '578-600-9844'),
(736, 'Nicol', 'Gurry', 'ngurrykf@epa.gov', '2003-08-01', 'Artist', 'F', '695-462-1533'),
(737, 'Ernesta', 'Rubartelli', 'erubartellikg@auda.org.au', '1972-05-03', 'Software Developer', 'F', '321-628-6315'),
(738, 'Jocko', 'Slavin', 'jslavinkh@hp.com', '1990-12-30', 'Financial Analyst', 'M', '476-873-8644'),
(739, 'Carmencita', 'Chittey', 'cchitteyki@dedecms.com', '2003-04-18', 'Electrician', 'F', '828-876-8772'),
(740, 'Ardella', 'Fuentez', 'afuentezkj@ask.com', '1962-10-07', 'Event Planner', 'F', '296-909-9732'),
(741, 'Ardene', 'Shayes', 'ashayeskk@4shared.com', '1963-09-24', 'Consultant', 'F', '746-473-1285'),
(742, 'Link', 'Riddel', 'lriddelkl@ox.ac.uk', '1969-11-03', 'Nurse', 'M', '381-853-5232'),
(743, 'Shelia', 'Williscroft', 'swilliscroftkm@house.gov', '1981-03-27', 'Librarian', 'F', '708-608-5500'),
(744, 'Linnell', 'Boardman', 'lboardmankn@photobucket.com', '2023-08-25', 'Therapist', 'F', '966-841-9863'),
(745, 'Amble', 'Riggoll', 'ariggollko@cocolog-nifty.com', '1989-08-29', 'Project Manager', 'M', '296-432-1197'),
(746, 'Morton', 'Maciejak', 'mmaciejakkp@fda.gov', '1977-10-05', 'Accountant', 'M', '345-455-0721'),
(747, 'Archibaldo', 'Ruberti', 'arubertikq@vistaprint.com', '1964-12-01', 'Entrepreneur', 'M', '118-742-6428'),
(748, 'Marji', 'Basill', 'mbasillkr@indiegogo.com', '1982-05-20', 'Event Planner', 'F', '361-902-4539'),
(749, 'Lottie', 'Shemilt', 'lshemiltks@reference.com', '1969-12-19', 'Engineer', 'F', '345-538-2315'),
(750, 'Zarah', 'Goalby', 'zgoalbykt@about.me', '2021-10-08', 'IT Support Specialist', 'F', '508-734-9585'),
(751, 'Merill', 'Gagin', 'mgaginku@aol.com', '2005-12-24', 'Fitness Trainer', 'M', '447-901-3239'),
(752, 'Tara', 'MacGebenay', 'tmacgebenaykv@netvibes.com', '1956-11-19', 'Hotel Manager', 'F', '725-327-8896'),
(753, 'Winne', 'Stanfield', 'wstanfieldkw@foxnews.com', '2015-09-18', 'Electrician', 'F', '403-300-6986'),
(754, 'Coleen', 'Kerry', 'ckerrykx@scribd.com', '1985-11-27', 'Dentist', 'F', '148-558-9444'),
(755, 'Pen', 'Braune', 'pbrauneky@studiopress.com', '1973-11-24', 'Photographer', 'F', '737-596-7313'),
(756, 'Danice', 'Acarson', 'dacarsonkz@prlog.org', '1968-06-01', 'Architect', 'F', '764-359-0946'),
(757, 'Marlee', 'Climie', 'mclimiel0@ovh.net', '1990-05-30', 'Consultant', 'F', '247-804-9462'),
(758, 'Dal', 'Danniell', 'ddannielll1@google.co.uk', '1977-05-20', 'Fitness Trainer', 'M', '356-753-9291'),
(759, 'Shauna', 'Lambis', 'slambisl2@cbc.ca', '2015-10-06', 'Engineer', 'F', '653-871-9172'),
(760, 'Codie', 'Elles', 'cellesl3@toplist.cz', '1980-03-31', 'Police Officer', 'F', '479-623-1821'),
(761, 'Kale', 'Lant', 'klantl4@miibeian.gov.cn', '1980-01-25', 'Electrician', 'M', '680-374-9348'),
(762, 'Gwendolin', 'Corradeschi', 'gcorradeschil5@typepad.com', '1977-02-28', 'Graphic Designer', 'F', '431-292-3273'),
(763, 'Randolf', 'Lindwasser', 'rlindwasserl6@trellian.com', '1982-06-20', 'Psychologist', 'M', '777-646-2228'),
(764, 'Jordon', 'Criag', 'jcriagl7@wisc.edu', '1956-01-14', 'Artist', 'M', '722-957-3890'),
(765, 'Carlos', 'Conquer', 'cconquerl8@craigslist.org', '1969-03-02', 'Data Analyst', 'M', '686-809-2579'),
(766, 'Rowland', 'Bravington', 'rbravingtonl9@opensource.org', '1981-07-29', 'Musician', 'M', '383-396-0290'),
(767, 'Nady', 'Benge', 'nbengela@livejournal.com', '1982-08-31', 'Social Worker', 'F', '855-534-0868'),
(768, 'Elbertine', 'Goskar', 'egoskarlb@unc.edu', '2000-03-22', 'Doctor', 'F', '869-904-2373'),
(769, 'Cherise', 'O\'Loghlen', 'cologhlenlc@xinhuanet.com', '1983-06-08', 'Actor', 'F', '508-617-9130'),
(770, 'Karolina', 'Tinklin', 'ktinklinld@bloglovin.com', '1958-06-06', 'Actor', 'F', '603-276-0866'),
(771, 'Hartwell', 'Bleackly', 'hbleacklyle@php.net', '1970-02-07', 'Psychologist', 'M', '916-374-8381'),
(772, 'Jammal', 'Semmence', 'jsemmencelf@jiathis.com', '1966-08-10', 'Travel Agent', 'M', '562-350-0365'),
(773, 'Anya', 'Laneham', 'alanehamlg@ask.com', '1980-12-06', 'Actor', 'F', '966-101-9566'),
(774, 'Moshe', 'Baumann', 'mbaumannlh@wordpress.org', '2002-05-03', 'Consultant', 'M', '369-663-0394'),
(775, 'Phip', 'Seargeant', 'pseargeantli@noaa.gov', '1972-07-26', 'Photographer', 'M', '248-315-7211'),
(776, 'Correna', 'Wasbrough', 'cwasbroughlj@surveymonkey.com', '2015-08-15', 'Marketing Specialist', 'F', '437-734-0490'),
(777, 'Clayson', 'Carine', 'ccarinelk@amazon.com', '2009-09-01', 'Plumber', 'M', '490-435-9660'),
(778, 'Mal', 'Heinrich', 'mheinrichll@google.pl', '1993-05-02', 'Chef', 'M', '952-537-3227'),
(779, 'Freda', 'Tennick', 'ftennicklm@so-net.ne.jp', '2017-09-24', 'Architect', 'F', '718-796-4880'),
(780, 'Valaree', 'Brasse', 'vbrasseln@unblog.fr', '2024-04-11', 'Data Analyst', 'F', '435-194-4451'),
(781, 'Hanni', 'Deavall', 'hdeavalllo@mayoclinic.com', '1951-02-15', 'Nurse', 'F', '685-176-1203'),
(782, 'Jermayne', 'Van Hesteren', 'jvanhesterenlp@hhs.gov', '1979-07-15', 'Accountant', 'M', '639-348-1862'),
(783, 'Halie', 'Finlater', 'hfinlaterlq@privacy.gov.au', '2014-06-26', 'Scientist', 'F', '905-401-3792'),
(784, 'Dal', 'Hemmingway', 'dhemmingwaylr@wikia.com', '2012-01-19', 'Consultant', 'M', '637-569-5029'),
(785, 'Olivia', 'Cornhill', 'ocornhillls@storify.com', '2015-07-05', 'Actor', 'F', '973-279-8417'),
(786, 'Georgena', 'Mullaly', 'gmullalylt@microsoft.com', '1969-04-13', 'Musician', 'F', '959-502-6958'),
(787, 'Kaila', 'Gosenell', 'kgosenelllu@goo.ne.jp', '2016-08-03', 'Lawyer', 'F', '446-648-4818'),
(788, 'Anya', 'Cecil', 'acecillv@dailymail.co.uk', '2014-04-16', 'Actor', 'F', '244-809-7376'),
(789, 'Jeanine', 'Lowfill', 'jlowfilllw@mlb.com', '1997-05-08', 'Scientist', 'F', '758-430-3166'),
(790, 'Barnabas', 'Kimberly', 'bkimberlylx@noaa.gov', '1963-11-26', 'Pharmacist', 'M', '222-182-4088'),
(791, 'Stafford', 'Jelly', 'sjellyly@ning.com', '2013-10-30', 'Teacher', 'M', '971-932-1070'),
(792, 'Anthe', 'Sperling', 'asperlinglz@fotki.com', '1961-12-22', 'Teacher', 'F', '915-414-8493'),
(793, 'Alexina', 'Plummer', 'aplummerm0@dot.gov', '1977-08-06', 'Consultant', 'F', '276-395-5651'),
(794, 'Meredith', 'Bettenson', 'mbettensonm1@answers.com', '2004-01-03', 'Firefighter', 'M', '932-556-0194'),
(795, 'Dugald', 'Skuce', 'dskucem2@telegraph.co.uk', '2013-10-31', 'Translator', 'M', '346-875-7777'),
(796, 'Alard', 'Swanston', 'aswanstonm3@trellian.com', '1969-02-27', 'Actor', 'M', '195-519-0145'),
(797, 'Hercules', 'Lipyeat', 'hlipyeatm4@umn.edu', '1961-05-05', 'Nurse', 'M', '668-553-6978'),
(798, 'Enrico', 'Thiem', 'ethiemm5@virginia.edu', '2002-12-22', 'Bartender', 'M', '303-492-9853'),
(799, 'Kamillah', 'd\' Eye', 'kdeyem6@canalblog.com', '2004-05-11', 'Scientist', 'F', '654-670-1870'),
(800, 'Dino', 'Timmermann', 'dtimmermannm7@nba.com', '2009-03-18', 'Travel Agent', 'M', '537-165-6941'),
(801, 'Rozelle', 'Culbert', 'rculbertm8@craigslist.org', '1967-03-13', 'Software Developer', 'F', '229-925-8414'),
(802, 'Kearney', 'Coo', 'kcoom9@geocities.com', '2024-04-23', 'Chef', 'M', '299-241-9363'),
(803, 'Humfrey', 'Breem', 'hbreemma@usatoday.com', '1961-05-22', 'Firefighter', 'M', '812-313-3428'),
(804, 'Sterling', 'Saintpierre', 'ssaintpierremb@seattletimes.com', '1974-07-27', 'Engineer', 'M', '769-704-9498'),
(805, 'Mohandis', 'Ikringill', 'mikringillmc@cyberchimps.com', '2004-04-22', 'Pharmacist', 'M', '480-932-0152'),
(806, 'Edlin', 'Arend', 'earendmd@google.ca', '2016-04-26', 'Psychologist', 'M', '503-800-8167'),
(807, 'Sande', 'Heineken', 'sheinekenme@howstuffworks.com', '2003-06-18', 'Graphic Designer', 'F', '338-305-1018'),
(808, 'Graham', 'Inchley', 'ginchleymf@msu.edu', '1988-06-27', 'Scientist', 'M', '269-257-0876'),
(809, 'Mollee', 'Norridge', 'mnorridgemg@google.it', '1994-11-10', 'Actor', 'F', '384-212-8150'),
(810, 'Fitz', 'Aggiss', 'faggissmh@sciencedaily.com', '1957-03-08', 'Mechanic', 'M', '797-413-7968'),
(811, 'Robbin', 'Jaszczak', 'rjaszczakmi@gnu.org', '1981-02-02', 'Psychologist', 'F', '338-691-9692'),
(812, 'Filbert', 'Ramberg', 'frambergmj@edublogs.org', '1970-05-14', 'Software Developer', 'M', '713-745-0944'),
(813, 'Jordain', 'Wall', 'jwallmk@mac.com', '2013-05-17', 'Police Officer', 'F', '798-131-3201'),
(814, 'Aurthur', 'Schimon', 'aschimonml@g.co', '1983-08-05', 'Journalist', 'M', '825-263-6752'),
(815, 'Dukey', 'O\'Tuohy', 'dotuohymm@ehow.com', '1967-06-03', 'Software Developer', 'M', '739-848-0929'),
(816, 'Jethro', 'Ell', 'jellmn@sun.com', '2018-06-11', 'Project Manager', 'M', '187-189-9755'),
(817, 'Clarine', 'Marks', 'cmarksmo@diigo.com', '1995-01-16', 'Police Officer', 'F', '762-720-3925'),
(818, 'Hewet', 'Habbergham', 'hhabberghammp@mayoclinic.com', '1975-06-03', 'Electrician', 'M', '776-123-4927'),
(819, 'Keith', 'McNeely', 'kmcneelymq@instagram.com', '2024-02-12', 'Doctor', 'M', '437-796-2580'),
(820, 'Zelma', 'Brisse', 'zbrissemr@mediafire.com', '2021-07-02', 'Engineer', 'F', '956-742-0139'),
(821, 'Almira', 'Corkitt', 'acorkittms@si.edu', '2024-03-19', 'Librarian', 'F', '364-932-2100'),
(822, 'Cassandre', 'Cawtheray', 'ccawtheraymt@tuttocitta.it', '2011-02-09', 'Veterinarian', 'F', '170-783-7888'),
(823, 'Durand', 'Maciejewski', 'dmaciejewskimu@netvibes.com', '1985-02-28', 'Nurse', 'M', '488-959-3569'),
(824, 'Dunn', 'Bolan', 'dbolanmv@reverbnation.com', '1968-01-07', 'Banker', 'M', '583-389-0283'),
(825, 'Myron', 'Kynett', 'mkynettmw@51.la', '2006-09-28', 'Mechanic', 'M', '891-353-9004'),
(826, 'Eulalie', 'Salery', 'esalerymx@vimeo.com', '2012-11-30', 'Librarian', 'F', '922-757-7878'),
(827, 'Yulma', 'Ruzek', 'yruzekmy@earthlink.net', '1981-03-09', 'Retail Manager', 'M', '185-674-3641'),
(828, 'Lutero', 'McCarter', 'lmccartermz@yolasite.com', '1999-08-10', 'Musician', 'M', '893-476-2622'),
(829, 'Mayer', 'Sickert', 'msickertn0@spotify.com', '1957-07-26', 'Economist', 'M', '904-447-7338'),
(830, 'Aubrey', 'Greenslade', 'agreensladen1@apache.org', '2002-06-15', 'Carpenter', 'F', '538-448-6760'),
(831, 'Tomlin', 'Goodredge', 'tgoodredgen2@alibaba.com', '2022-01-17', 'Hotel Manager', 'M', '888-229-1040'),
(832, 'Eamon', 'Feltham', 'efelthamn3@hugedomains.com', '1956-02-05', 'Marketing Specialist', 'M', '102-187-3427'),
(833, 'Christabel', 'Starie', 'cstarien4@businesswire.com', '2014-03-07', 'Translator', 'F', '820-443-0413'),
(834, 'Dorothea', 'Lezemere', 'dlezemeren5@java.com', '2010-03-17', 'Mechanic', 'F', '778-361-5705'),
(835, 'Meir', 'Flockhart', 'mflockhartn6@ning.com', '2014-06-17', 'Nurse', 'M', '515-583-0010'),
(836, 'Lorettalorna', 'Minichillo', 'lminichillon7@unesco.org', '2013-04-26', 'Veterinarian', 'F', '108-812-8931'),
(837, 'Emma', 'Tuffey', 'etuffeyn8@pcworld.com', '1955-08-01', 'Plumber', 'F', '103-887-5368'),
(838, 'Abbot', 'Rendle', 'arendlen9@mashable.com', '1998-05-29', 'Lawyer', 'M', '249-263-6519'),
(839, 'Syman', 'Flaverty', 'sflavertyna@si.edu', '1990-02-07', 'IT Support Specialist', 'M', '902-957-0962'),
(840, 'Pepe', 'Bacher', 'pbachernb@nifty.com', '2012-02-19', 'Real Estate Agent', 'M', '783-434-0258'),
(841, 'Denys', 'Grassi', 'dgrassinc@php.net', '1989-04-02', 'Pilot', 'F', '439-408-4740'),
(842, 'Bartholomew', 'Bussons', 'bbussonsnd@seattletimes.com', '2004-03-27', 'Translator', 'M', '136-854-4851'),
(843, 'Vita', 'Sloane', 'vsloanene@tinypic.com', '2018-04-04', 'Photographer', 'F', '456-566-8866'),
(844, 'Mano', 'Assad', 'massadnf@blogspot.com', '1963-12-02', 'Pilot', 'M', '932-538-9349'),
(845, 'Gray', 'Matchell', 'gmatchellng@skyrock.com', '1951-08-28', 'Veterinarian', 'M', '846-674-3588'),
(846, 'Joyan', 'MacDermand', 'jmacdermandnh@gmpg.org', '1972-01-13', 'Psychologist', 'F', '185-636-7559'),
(847, 'Barri', 'Abramovici', 'babramovicini@ning.com', '2017-09-22', 'Police Officer', 'M', '954-687-0619'),
(848, 'Bambi', 'Bonhan', 'bbonhannj@barnesandnoble.com', '2006-12-03', 'Human Resources Manager', 'F', '849-807-2162'),
(849, 'Nanci', 'Preist', 'npreistnk@instagram.com', '2012-07-23', 'Pilot', 'F', '109-249-3917'),
(850, 'Carena', 'Rolfe', 'crolfenl@shinystat.com', '1988-08-30', 'Therapist', 'F', '226-218-6161'),
(851, 'Kelvin', 'Karolewski', 'kkarolewskinm@tripod.com', '2002-03-26', 'Accountant', 'M', '233-816-0388'),
(852, 'Bartie', 'Bedbrough', 'bbedbroughnn@bbc.co.uk', '1957-10-11', 'Accountant', 'M', '383-747-8336'),
(853, 'Jolyn', 'Georgeot', 'jgeorgeotno@shop-pro.jp', '2014-03-24', 'Doctor', 'F', '464-558-5672'),
(854, 'Mord', 'Weal', 'mwealnp@blogspot.com', '1987-10-17', 'Fitness Trainer', 'M', '639-250-1899'),
(855, 'Lorinda', 'Skippon', 'lskipponnq@cbslocal.com', '2014-06-15', 'Translator', 'F', '925-206-0491'),
(856, 'Wendy', 'Hugonet', 'whugonetnr@oaic.gov.au', '1953-02-22', 'Artist', 'F', '396-777-2243'),
(857, 'Gail', 'Balaam', 'gbalaamns@ehow.com', '2017-10-24', 'Pilot', 'F', '418-373-2304'),
(858, 'Juliette', 'Missenden', 'jmissendennt@illinois.edu', '2013-02-06', 'Graphic Designer', 'F', '348-939-8112'),
(859, 'Gustav', 'Shallo', 'gshallonu@google.ru', '2014-08-29', 'Data Analyst', 'M', '379-784-9576'),
(860, 'Matelda', 'Newcom', 'mnewcomnv@rambler.ru', '2006-02-24', 'Hotel Manager', 'F', '724-472-4529'),
(861, 'Renato', 'Fattorini', 'rfattorininw@statcounter.com', '2020-02-03', 'Electrician', 'M', '616-521-9483'),
(862, 'Hewet', 'Varty', 'hvartynx@whitehouse.gov', '1963-06-05', 'Fitness Trainer', 'M', '632-897-9847'),
(863, 'Sinclare', 'MacAllan', 'smacallanny@sciencedirect.com', '2013-09-08', 'Event Planner', 'M', '554-618-8313'),
(864, 'Broddy', 'Camelli', 'bcamellinz@google.it', '1980-10-18', 'Software Developer', 'M', '333-388-9000'),
(865, 'Alley', 'Itshak', 'aitshako0@facebook.com', '1956-10-14', 'Banker', 'M', '808-206-2193'),
(866, 'Kayne', 'Dellenbroker', 'kdellenbrokero1@nifty.com', '1955-04-13', 'Graphic Designer', 'M', '352-142-6804'),
(867, 'Barde', 'Pirouet', 'bpiroueto2@lulu.com', '1985-06-12', 'Financial Analyst', 'M', '747-786-8902'),
(868, 'Sissie', 'Wands', 'swandso3@ucoz.com', '1997-01-15', 'Veterinarian', 'F', '139-224-9096'),
(869, 'Rozalie', 'Pirazzi', 'rpirazzio4@yahoo.com', '1979-01-19', 'Therapist', 'F', '581-682-3612'),
(870, 'Byram', 'Cona', 'bconao5@cyberchimps.com', '1993-10-04', 'Hotel Manager', 'M', '110-121-7761'),
(871, 'Siward', 'Cramp', 'scrampo6@addtoany.com', '2003-05-23', 'Chef', 'M', '590-358-1421'),
(872, 'Shawn', 'Bothram', 'sbothramo7@chron.com', '2006-12-26', 'Artist', 'M', '177-157-0947'),
(873, 'Claudio', 'Eamer', 'ceamero8@qq.com', '2021-11-04', 'Nurse', 'M', '434-375-2300'),
(874, 'Vera', 'Sanderson', 'vsandersono9@discovery.com', '1996-06-16', 'Human Resources Manager', 'F', '442-201-5584'),
(875, 'Eleni', 'Minard', 'eminardoa@diigo.com', '1992-07-29', 'Software Developer', 'F', '970-411-7901'),
(876, 'Wakefield', 'Tomashov', 'wtomashovob@vkontakte.ru', '1988-07-27', 'Doctor', 'M', '926-238-5143'),
(877, 'Alvira', 'Twinning', 'atwinningoc@scribd.com', '1986-09-06', 'Lawyer', 'F', '267-243-0555'),
(878, 'Sarah', 'Simison', 'ssimisonod@cnn.com', '1966-10-13', 'Translator', 'F', '533-546-2060'),
(879, 'Rodrick', 'Risborough', 'rrisboroughoe@tripadvisor.com', '2002-01-14', 'Consultant', 'M', '868-806-3437'),
(880, 'Beatriz', 'Lowndesbrough', 'blowndesbroughof@amazonaws.com', '1956-10-02', 'Social Worker', 'F', '996-969-6277'),
(881, 'Athena', 'Rocca', 'aroccaog@desdev.cn', '1993-08-16', 'Lawyer', 'F', '500-877-3031'),
(882, 'Husain', 'Bedwell', 'hbedwelloh@tinyurl.com', '2011-04-04', 'Musician', 'M', '400-298-8353'),
(883, 'Patrica', 'Ausello', 'pausellooi@istockphoto.com', '1989-12-03', 'Dentist', 'F', '137-342-9911'),
(884, 'Agna', 'St Ange', 'astangeoj@nps.gov', '2016-05-21', 'Engineer', 'F', '414-703-9297'),
(885, 'Franky', 'Hatter', 'fhatterok@rakuten.co.jp', '2000-03-01', 'Scientist', 'F', '793-367-8323'),
(886, 'Anne-corinne', 'Duke', 'adukeol@dmoz.org', '1998-11-13', 'Electrician', 'F', '979-830-0138'),
(887, 'Abbey', 'Wimbury', 'awimburyom@si.edu', '1980-07-18', 'Human Resources Manager', 'F', '516-841-5443'),
(888, 'Marti', 'Carty', 'mcartyon@t-online.de', '1985-09-16', 'Banker', 'F', '734-189-7568'),
(889, 'Fidel', 'Ketts', 'fkettsoo@networksolutions.com', '1981-12-04', 'Librarian', 'M', '623-345-0626'),
(890, 'Jaimie', 'Blackley', 'jblackleyop@etsy.com', '2013-10-08', 'Hotel Manager', 'M', '368-209-2503'),
(891, 'Klaus', 'Mason', 'kmasonoq@photobucket.com', '1980-05-16', 'Engineer', 'M', '683-532-1249'),
(892, 'Myrilla', 'Euston', 'meustonor@dmoz.org', '2000-02-24', 'Fitness Trainer', 'F', '310-161-6373'),
(893, 'Gaylor', 'Whillock', 'gwhillockos@sciencedirect.com', '1997-07-03', 'Pilot', 'M', '406-797-0444'),
(894, 'Cordy', 'Yakubowicz', 'cyakubowiczot@51.la', '1967-02-27', 'Translator', 'F', '228-900-1743'),
(895, 'Roxine', 'Lankford', 'rlankfordou@webs.com', '1966-07-10', 'Translator', 'F', '844-643-3836'),
(896, 'Tobin', 'Kintish', 'tkintishov@hibu.com', '2002-08-11', 'Electrician', 'M', '332-949-6017'),
(897, 'Etti', 'Issakov', 'eissakovow@mtv.com', '2016-12-17', 'Fitness Trainer', 'F', '729-799-0607'),
(898, 'Susann', 'Asel', 'saselox@webeden.co.uk', '1978-06-13', 'Doctor', 'F', '997-632-1651'),
(899, 'Hadrian', 'Durtnell', 'hdurtnelloy@bing.com', '1979-05-03', 'Financial Analyst', 'M', '800-583-4900'),
(900, 'Lorens', 'Neilands', 'lneilandsoz@theatlantic.com', '1988-08-24', 'Project Manager', 'M', '358-315-8791'),
(901, 'Glen', 'De Haven', 'gdehavenp0@digg.com', '1963-01-06', 'Dentist', 'F', '219-835-5532'),
(902, 'Phylys', 'Dorie', 'pdoriep1@noaa.gov', '1950-09-14', 'Photographer', 'F', '211-873-6602'),
(903, 'Joe', 'Gaymar', 'jgaymarp2@netvibes.com', '2008-05-17', 'Bartender', 'M', '668-744-1840'),
(904, 'Kimberlyn', 'Swindlehurst', 'kswindlehurstp3@washington.edu', '2010-04-13', 'Marketing Specialist', 'F', '782-597-6068'),
(905, 'Tine', 'Claffey', 'tclaffeyp4@4shared.com', '2000-07-27', 'Chef', 'F', '830-312-5227'),
(906, 'Jeffrey', 'Bett', 'jbettp5@ft.com', '1959-03-17', 'Carpenter', 'M', '144-512-3484'),
(907, 'Betsey', 'Rainon', 'brainonp6@yelp.com', '1998-05-12', 'Hotel Manager', 'F', '295-251-5016'),
(908, 'Massimiliano', 'Spoure', 'mspourep7@timesonline.co.uk', '1998-06-02', 'Electrician', 'M', '720-525-7948'),
(909, 'Moishe', 'Kubasek', 'mkubasekp8@scribd.com', '2015-05-10', 'Project Manager', 'M', '209-381-5463'),
(910, 'Drona', 'Angeli', 'dangelip9@walmart.com', '1971-11-09', 'Fitness Trainer', 'F', '853-413-9732'),
(911, 'Merv', 'St. John', 'mstjohnpa@dailymotion.com', '2008-06-20', 'Chef', 'M', '910-942-0280'),
(912, 'Analise', 'Mohammad', 'amohammadpb@google.co.uk', '1951-02-24', 'Architect', 'F', '290-488-1221'),
(913, 'Ansel', 'Kennard', 'akennardpc@google.it', '1969-01-24', 'Hotel Manager', 'M', '414-437-1321'),
(914, 'Carrie', 'Southward', 'csouthwardpd@ibm.com', '1999-08-08', 'Pharmacist', 'F', '812-292-8113'),
(915, 'Ibrahim', 'Goldstein', 'igoldsteinpe@acquirethisname.com', '1990-12-15', 'Mechanic', 'M', '261-445-9554'),
(916, 'Gloriane', 'Haylock', 'ghaylockpf@whitehouse.gov', '2024-01-16', 'IT Support Specialist', 'F', '992-292-8505'),
(917, 'Sharleen', 'Phipson', 'sphipsonpg@free.fr', '2000-01-20', 'Translator', 'F', '149-887-1630'),
(918, 'Golda', 'Pescod', 'gpescodph@icq.com', '2005-10-04', 'Software Developer', 'F', '209-220-8723'),
(919, 'Karola', 'Alfonzo', 'kalfonzopi@upenn.edu', '1959-03-01', 'Graphic Designer', 'F', '266-367-9155'),
(920, 'Janis', 'Dunnett', 'jdunnettpj@godaddy.com', '2002-09-28', 'Journalist', 'F', '190-576-7157'),
(921, 'Johna', 'Veare', 'jvearepk@chronoengine.com', '2013-01-16', 'Banker', 'F', '764-810-9565'),
(922, 'Piggy', 'Kingzet', 'pkingzetpl@jalbum.net', '2023-12-24', 'Carpenter', 'M', '746-348-6734'),
(923, 'Dunc', 'Itzhayek', 'ditzhayekpm@google.de', '2002-07-09', 'Actor', 'M', '803-352-5870'),
(924, 'Gayle', 'Utley', 'gutleypn@desdev.cn', '1981-09-27', 'Real Estate Agent', 'M', '279-526-2423'),
(925, 'Janey', 'Czadla', 'jczadlapo@exblog.jp', '1951-08-02', 'Chef', 'F', '666-810-6796'),
(926, 'Gretal', 'Nettle', 'gnettlepp@diigo.com', '1970-03-26', 'Pilot', 'F', '504-666-8638'),
(927, 'Sharlene', 'Wagnerin', 'swagnerinpq@w3.org', '1984-02-09', 'Mechanic', 'F', '128-174-5869'),
(928, 'Emlyn', 'Tribble', 'etribblepr@archive.org', '1959-06-17', 'Project Manager', 'M', '921-163-1534'),
(929, 'Celinka', 'Skillett', 'cskillettps@zimbio.com', '1972-09-07', 'Chef', 'F', '935-714-9601'),
(930, 'Melania', 'Belt', 'mbeltpt@noaa.gov', '1991-12-10', 'Musician', 'F', '286-604-6790'),
(931, 'Thatcher', 'Sheed', 'tsheedpu@squidoo.com', '1998-07-07', 'Nurse', 'M', '904-420-3884'),
(932, 'Benjy', 'Philipeau', 'bphilipeaupv@yellowbook.com', '1970-03-13', 'Chef', 'M', '277-348-2282'),
(933, 'Cyrill', 'Pusey', 'cpuseypw@soundcloud.com', '1954-11-25', 'Economist', 'M', '216-579-1204'),
(934, 'Rosco', 'Denial', 'rdenialpx@guardian.co.uk', '1959-02-12', 'Fitness Trainer', 'M', '173-206-9878'),
(935, 'Lorna', 'Tetlow', 'ltetlowpy@hatena.ne.jp', '1955-01-19', 'Graphic Designer', 'F', '273-403-7268'),
(936, 'Alejoa', 'McKoy', 'amckoypz@tamu.edu', '1961-09-26', 'Social Worker', 'M', '229-367-3381'),
(937, 'Sam', 'Brotherwood', 'sbrotherwoodq0@cnbc.com', '1970-01-31', 'Software Developer', 'F', '381-593-2157'),
(938, 'Templeton', 'Kingsnod', 'tkingsnodq1@networksolutions.com', '2021-07-16', 'Translator', 'M', '464-682-3056'),
(939, 'Joshia', 'Harpham', 'jharphamq2@addthis.com', '2021-04-29', 'Graphic Designer', 'M', '147-298-1239'),
(940, 'Miquela', 'Double', 'mdoubleq3@people.com.cn', '1968-11-23', 'Architect', 'F', '528-450-3182'),
(941, 'Helyn', 'Pughsley', 'hpughsleyq4@buzzfeed.com', '1957-04-18', 'Project Manager', 'F', '831-832-8725'),
(942, 'Linnell', 'Sellor', 'lsellorq5@phpbb.com', '2001-12-29', 'Psychologist', 'F', '784-650-7713'),
(943, 'Kenon', 'Sprowson', 'ksprowsonq6@spiegel.de', '1993-11-10', 'Doctor', 'M', '878-215-3145'),
(944, 'Ravi', 'Northidge', 'rnorthidgeq7@ebay.com', '1990-04-26', 'Veterinarian', 'M', '720-649-3236'),
(945, 'Lettie', 'Berringer', 'lberringerq8@wsj.com', '1953-07-14', 'Psychologist', 'F', '487-341-0699'),
(946, 'Francklyn', 'Shaxby', 'fshaxbyq9@instagram.com', '1981-03-24', 'Scientist', 'M', '433-111-1840'),
(947, 'Morena', 'Ellcome', 'mellcomeqa@globo.com', '2013-11-26', 'Journalist', 'F', '115-330-1602'),
(948, 'Juline', 'Ewestace', 'jewestaceqb@comsenz.com', '1967-08-26', 'Nurse', 'F', '831-234-0033'),
(949, 'Bryan', 'Leasor', 'bleasorqc@miibeian.gov.cn', '1970-05-31', 'Actor', 'M', '428-892-0183'),
(950, 'Lemmie', 'Odams', 'lodamsqd@unblog.fr', '2010-11-09', 'Psychologist', 'M', '278-770-0716'),
(951, 'Pascal', 'Dumberrill', 'pdumberrillqe@github.com', '1970-10-14', 'Event Planner', 'M', '863-610-1777'),
(952, 'Jaclin', 'Tatersale', 'jtatersaleqf@microsoft.com', '1997-01-15', 'Photographer', 'F', '554-167-6790'),
(953, 'Sue', 'Braidwood', 'sbraidwoodqg@bbb.org', '1951-03-15', 'Librarian', 'F', '742-425-1542'),
(954, 'Allene', 'Perigo', 'aperigoqh@netvibes.com', '1968-03-30', 'Social Worker', 'F', '764-568-7050'),
(955, 'Selia', 'Bockin', 'sbockinqi@army.mil', '2019-03-10', 'Therapist', 'F', '216-837-9897'),
(956, 'Christie', 'Record', 'crecordqj@mac.com', '1961-11-23', 'Lawyer', 'M', '159-658-6521'),
(957, 'Aline', 'Disney', 'adisneyqk@ucoz.ru', '2020-02-25', 'Consultant', 'F', '107-950-9223'),
(958, 'Marybeth', 'Burdas', 'mburdasql@dedecms.com', '1999-10-29', 'Entrepreneur', 'F', '165-197-0415'),
(959, 'Frazer', 'Merrin', 'fmerrinqm@msn.com', '2005-12-06', 'Chef', 'M', '810-617-6057'),
(960, 'Arney', 'Calvey', 'acalveyqn@go.com', '1991-11-22', 'Chef', 'M', '943-353-9361'),
(961, 'Riobard', 'Van Arsdall', 'rvanarsdallqo@prnewswire.com', '2023-05-01', 'Scientist', 'M', '602-245-9564'),
(962, 'Mona', 'Ellington', 'mellingtonqp@etsy.com', '1987-09-19', 'Bartender', 'F', '702-264-3900'),
(963, 'Iona', 'Sayward', 'isaywardqq@senate.gov', '2008-07-04', 'Scientist', 'F', '127-137-5855'),
(964, 'Therine', 'Keiling', 'tkeilingqr@4shared.com', '2006-05-19', 'Police Officer', 'F', '565-567-2892'),
(965, 'Brier', 'Stonehewer', 'bstonehewerqs@wunderground.com', '1961-04-08', 'Accountant', 'F', '337-862-7337'),
(966, 'Padraig', 'Parlott', 'pparlottqt@princeton.edu', '2008-07-10', 'Translator', 'M', '119-476-4012'),
(967, 'Edith', 'Keirl', 'ekeirlqu@un.org', '2003-01-23', 'Actor', 'F', '604-691-8773'),
(968, 'Lisabeth', 'Broschek', 'lbroschekqv@gnu.org', '1980-10-29', 'Project Manager', 'F', '384-631-4972'),
(969, 'Randa', 'Bentinck', 'rbentinckqw@icio.us', '2016-04-15', 'Firefighter', 'F', '517-325-8594'),
(970, 'Trixie', 'Etherington', 'tetheringtonqx@biglobe.ne.jp', '1952-09-16', 'Teacher', 'F', '489-237-1416'),
(971, 'Dagny', 'Dury', 'dduryqy@bizjournals.com', '1973-10-07', 'Dentist', 'M', '401-421-5598'),
(972, 'Humfried', 'Fairfoot', 'hfairfootqz@psu.edu', '2022-06-20', 'Teacher', 'M', '831-180-0115'),
(973, 'Catlee', 'Bracknell', 'cbracknellr0@foxnews.com', '1967-10-20', 'Artist', 'F', '337-422-1126'),
(974, 'Maggi', 'Dummett', 'mdummettr1@instagram.com', '2022-10-01', 'Chef', 'F', '378-103-8539'),
(975, 'Idelle', 'Currom', 'icurromr2@dmoz.org', '2008-09-03', 'Retail Manager', 'F', '152-314-9466'),
(976, 'Martie', 'Readwing', 'mreadwingr3@kickstarter.com', '1988-12-30', 'Event Planner', 'F', '513-176-0493'),
(977, 'Opalina', 'Baudouin', 'obaudouinr4@ihg.com', '1987-09-20', 'Police Officer', 'F', '147-623-9906'),
(978, 'Tomas', 'Priddey', 'tpriddeyr5@earthlink.net', '2007-12-07', 'Artist', 'M', '119-237-4394'),
(979, 'Xever', 'Sawyers', 'xsawyersr6@deliciousdays.com', '1992-04-24', 'Psychologist', 'M', '690-143-7649'),
(980, 'Daloris', 'Snoding', 'dsnodingr7@google.com.au', '2017-06-20', 'IT Support Specialist', 'F', '872-128-3795'),
(981, 'Ashleigh', 'Scarff', 'ascarffr8@vk.com', '1965-09-06', 'Retail Manager', 'F', '454-640-9919'),
(982, 'Auberon', 'Vamplus', 'avamplusr9@unesco.org', '1952-01-28', 'Travel Agent', 'M', '813-292-5053');
INSERT INTO `patient` (`id`, `first_name`, `last_name`, `addresse`, `date_naissance`, `profession`, `genre`, `telephone`) VALUES
(983, 'Hastings', 'Creggan', 'hcregganra@t-online.de', '1952-01-17', 'Hotel Manager', 'M', '494-530-9516'),
(984, 'Wallis', 'Tocqueville', 'wtocquevillerb@smh.com.au', '1954-11-14', 'Photographer', 'M', '303-673-0016'),
(985, 'Brice', 'Hast', 'bhastrc@fc2.com', '1981-08-14', 'Travel Agent', 'M', '605-116-2717'),
(986, 'Raimund', 'de Quesne', 'rdequesnerd@tuttocitta.it', '1971-12-02', 'Bartender', 'M', '838-451-8280'),
(987, 'Rey', 'Geake', 'rgeakere@house.gov', '2010-04-17', 'Architect', 'F', '760-715-2567'),
(988, 'Goldie', 'Menichini', 'gmenichinirf@aol.com', '1967-06-07', 'IT Support Specialist', 'F', '119-869-6471'),
(989, 'Findlay', 'Nansom', 'fnansomrg@nytimes.com', '1985-04-15', 'Data Analyst', 'M', '101-224-3585'),
(990, 'Tate', 'Dutteridge', 'tdutteridgerh@unblog.fr', '1957-01-07', 'Marketing Specialist', 'F', '941-177-2868'),
(991, 'Kristopher', 'Blatchford', 'kblatchfordri@forbes.com', '1991-07-27', 'Librarian', 'M', '631-701-8117'),
(992, 'Zabrina', 'Whife', 'zwhiferj@slate.com', '2004-03-26', 'Chef', 'F', '175-272-3102'),
(993, 'Susette', 'Stable', 'sstablerk@admin.ch', '1971-06-03', 'Chef', 'F', '294-202-6105'),
(994, 'Wanda', 'Kingswood', 'wkingswoodrl@cdc.gov', '1980-07-11', 'Engineer', 'F', '347-506-2835'),
(995, 'Kelbee', 'Pender', 'kpenderrm@bizjournals.com', '1970-01-07', 'Event Planner', 'M', '427-782-0964'),
(996, 'Emili', 'Bertot', 'ebertotrn@macromedia.com', '2011-08-16', 'Mechanic', 'F', '953-651-7611'),
(997, 'Ingelbert', 'Lishman', 'ilishmanro@netlog.com', '2014-04-24', 'Consultant', 'M', '303-645-8531'),
(998, 'Clarita', 'Antley', 'cantleyrp@unblog.fr', '2000-02-02', 'Librarian', 'F', '911-301-7083'),
(999, 'Saundra', 'Falkingham', 'sfalkinghamrq@mit.edu', '1996-11-12', 'Retail Manager', 'F', '509-576-4092'),
(1000, 'Lanna', 'Ragles', 'lraglesrr@moonfruit.com', '1985-01-13', 'Salesperson', 'F', '744-706-4975');

-- --------------------------------------------------------

--
-- Table structure for table `personnel_medical`
--

CREATE TABLE `personnel_medical` (
  `id_Personnel` int(11) NOT NULL,
  `first_name` varchar(50) DEFAULT NULL,
  `last_name` varchar(50) DEFAULT NULL,
  `email` varchar(50) DEFAULT NULL,
  `gender` varchar(50) DEFAULT NULL,
  `specialite` varchar(30) DEFAULT NULL,
  `adresse` varchar(50) DEFAULT NULL
) ENGINE=InnoDB DEFAULT CHARSET=utf8;

--
-- Dumping data for table `personnel_medical`
--

INSERT INTO `personnel_medical` (`id_Personnel`, `first_name`, `last_name`, `email`, `gender`, `specialite`, `adresse`) VALUES
(1, 'Roselle', 'Rook', 'rrook0@harvard.edu', 'Female', 'Médecine d\'urgence', '2 Scott Road'),
(2, 'Ritchie', 'Soall', 'rsoall1@blogs.com', 'Male', 'Médecine générale', '56 Fieldstone Road'),
(3, 'Lizzy', 'Cockroft', 'lcockroft2@sbwire.com', 'Female', 'Médecine générale', '0295 Clemons Court'),
(4, 'Danell', 'Antoszewski', 'dantoszewski3@behance.net', 'Female', 'Médecine de réadaptation', '859 Ridge Oak Court'),
(5, 'Emmott', 'Quirk', 'equirk4@topsy.com', 'Male', 'Gériatrie', '31910 Dakota Street'),
(6, 'Timoteo', 'Grantham', 'tgrantham5@shareasale.com', 'Male', 'Médecine interne', '8045 West Street'),
(7, 'Maurine', 'Piggrem', 'mpiggrem6@symantec.com', 'Female', 'Pneumologie', '1220 Banding Street'),
(8, 'Deena', 'Jiruca', 'djiruca7@mediafire.com', 'Female', 'Médecine générale', '04 Randy Plaza'),
(9, 'Xavier', 'Wolstenholme', 'xwolstenholme8@nifty.com', 'Male', 'Gériatrie', '133 Lyons Avenue'),
(10, 'Linell', 'Vaughton', 'lvaughton9@telegraph.co.uk', 'Female', 'Réanimation et soins intensifs', '396 Iowa Drive'),
(11, 'Dawna', 'Glasspool', 'dglasspoola@redcross.org', 'Female', 'Otolaryngologie (ORL)', '1635 Forster Center'),
(12, 'Collin', 'Meneely', 'cmeneelyb@xrea.com', 'Male', 'Otolaryngologie (ORL)', '8402 Heath Road'),
(13, 'Vincenty', 'Gwinnett', 'vgwinnettc@addtoany.com', 'Male', 'Maladies infectieuses', '5 Cascade Avenue'),
(14, 'Erroll', 'Phillpotts', 'ephillpottsd@about.com', 'Male', 'Dermatologie', '915 Coleman Crossing'),
(15, 'Ravid', 'Cholomin', 'rcholomine@jalbum.net', 'Male', 'Pneumologie', '0477 Katie Court'),
(16, 'Abramo', 'Aldwich', 'aaldwichf@cafepress.com', 'Male', 'Réanimation et soins intensifs', '86 North Road'),
(17, 'Kristi', 'Seyffert', 'kseyffertg@google.co.uk', 'Female', 'Gériatrie', '2 Debra Center'),
(18, 'Wyn', 'Stanislaw', 'wstanislawh@symantec.com', 'Male', 'Pneumologie', '62 Helena Road'),
(19, 'Hallsy', 'Harkin', 'hharkini@mlb.com', 'Male', 'Médecine du travail', '381 Kim Court'),
(20, 'Nikolos', 'Flemmich', 'nflemmichj@cbsnews.com', 'Male', 'Médecine interne', '83 Anniversary Avenue'),
(21, 'Ingeberg', 'Cotes', 'icotesk@joomla.org', 'Female', 'Pédiatrie', '2 Reinke Pass'),
(22, 'Menard', 'Bucklan', 'mbucklanl@howstuffworks.com', 'Male', 'Gériatrie', '65 Becker Point'),
(23, 'Luis', 'Lygoe', 'llygoem@yahoo.co.jp', 'Male', 'Médecine de réadaptation', '2718 Sherman Point'),
(24, 'Lane', 'Bentote', 'lbentoten@canalblog.com', 'Genderqueer', 'Médecine du travail', '8 Toban Way'),
(25, 'Adriano', 'Helis', 'aheliso@si.edu', 'Male', 'Médecine de réadaptation', '04 Portage Court'),
(26, 'Evyn', 'MacGarrity', 'emacgarrityp@ustream.tv', 'Bigender', 'Maladies infectieuses', '0 5th Point'),
(27, 'Dar', 'Huscroft', 'dhuscroftq@goo.gl', 'Male', 'Médecine du travail', '5279 Pawling Pass'),
(28, 'Noe', 'Hugle', 'nhugler@topsy.com', 'Male', 'Médecine du travail', '22255 Hoard Drive'),
(29, 'Eliot', 'Velte', 'eveltes@discovery.com', 'Male', 'Psychiatrie et psychologie', '8190 Valley Edge Terrace'),
(30, 'Karlotta', 'Manton', 'kmantont@blogs.com', 'Bigender', 'Psychiatrie et psychologie', '08 Hollow Ridge Circle'),
(31, 'Valaria', 'Bernier', 'vbernieru@cornell.edu', 'Female', 'Dermatologie', '320 Welch Plaza'),
(32, 'Pen', 'Kahn', 'pkahnv@plala.or.jp', 'Male', 'Chirurgie', '8941 Meadow Vale Avenue'),
(33, 'Shelden', 'Naul', 'snaulw@harvard.edu', 'Male', 'Médecine de réadaptation', '3 Wayridge Drive'),
(34, 'Wendell', 'Schole', 'wscholex@sina.com.cn', 'Male', 'Pneumologie', '12380 Milwaukee Court'),
(35, 'Tulley', 'Huske', 'thuskey@geocities.com', 'Male', 'Médecine du travail', '04 Hoard Parkway'),
(36, 'Hale', 'Bate', 'hbatez@jimdo.com', 'Male', 'Cardiologie', '664 Spohn Avenue'),
(37, 'Archambault', 'Arghent', 'aarghent10@admin.ch', 'Male', 'Médecine générale', '85481 Sullivan Drive'),
(38, 'Diann', 'Anglish', 'danglish11@webs.com', 'Polygender', 'Dermatologie', '00 Loeprich Trail'),
(39, 'Henderson', 'Rolfi', 'hrolfi12@4shared.com', 'Male', 'Otolaryngologie (ORL)', '217 Buell Crossing'),
(40, 'Kathryne', 'Kertess', 'kkertess13@washington.edu', 'Female', 'Réanimation et soins intensifs', '567 Chinook Way'),
(41, 'Juan', 'Legister', 'jlegister14@hatena.ne.jp', 'Male', 'Dermatologie', '86628 Kim Way'),
(42, 'Georgia', 'Konmann', 'gkonmann15@acquirethisname.com', 'Female', 'Médecine interne', '45 Oriole Road'),
(43, 'Hadley', 'Wippermann', 'hwippermann16@ocn.ne.jp', 'Male', 'Maladies infectieuses', '9 Forest Run Lane'),
(44, 'Victoria', 'Kaplan', 'vkaplan17@linkedin.com', 'Female', 'Otolaryngologie (ORL)', '43838 Paget Park'),
(45, 'Thorsten', 'Schruur', 'tschruur18@de.vu', 'Male', 'Médecine d\'urgence', '293 Stone Corner Park'),
(46, 'Jean', 'Klimkowski', 'jklimkowski19@mac.com', 'Genderqueer', 'Pneumologie', '5 Pepper Wood Hill'),
(47, 'Farley', 'Cutchie', 'fcutchie1a@stumbleupon.com', 'Male', 'Réanimation et soins intensifs', '89 Sachtjen Way'),
(48, 'Marv', 'Roelvink', 'mroelvink1b@bigcartel.com', 'Male', 'Otolaryngologie (ORL)', '9 North Lane'),
(49, 'Bonnie', 'Claricoates', 'bclaricoates1c@nydailynews.com', 'Female', 'Médecine de réadaptation', '08076 Reindahl Junction'),
(50, 'Krystle', 'Semark', 'ksemark1d@reuters.com', 'Female', 'Cardiologie', '9514 Armistice Avenue'),
(51, 'Boy', 'Peasgood', 'bpeasgood1e@tinyurl.com', 'Male', 'Médecine interne', '54233 Pierstorff Plaza'),
(52, 'Benedick', 'Badham', 'bbadham1f@walmart.com', 'Male', 'Cardiologie', '13190 Main Center'),
(53, 'Shaylah', 'Berk', 'sberk1g@phoca.cz', 'Female', 'Psychiatrie et psychologie', '7 Comanche Plaza'),
(54, 'Ximenes', 'Grendon', 'xgrendon1h@infoseek.co.jp', 'Male', 'Pédiatrie', '09 Butterfield Place'),
(55, 'Thibaut', 'Almeida', 'talmeida1i@newsvine.com', 'Male', 'Psychiatrie et psychologie', '92 Waxwing Point'),
(56, 'Hector', 'De Andreis', 'hdeandreis1j@home.pl', 'Male', 'Médecine d\'urgence', '086 Garrison Terrace'),
(57, 'Micki', 'Flippini', 'mflippini1k@ted.com', 'Female', 'Médecine de réadaptation', '28105 Texas Hill'),
(58, 'Peggi', 'Trapp', 'ptrapp1l@hp.com', 'Female', 'Chirurgie', '631 Hoffman Place'),
(59, 'Mellicent', 'Irvine', 'mirvine1m@godaddy.com', 'Female', 'Chirurgie', '0 Stuart Court'),
(60, 'Larisa', 'Tallyn', 'ltallyn1n@imdb.com', 'Female', 'Maladies infectieuses', '12 Melvin Way'),
(61, 'Dosi', 'Ormond', 'dormond1o@huffingtonpost.com', 'Female', 'Médecine interne', '89 Warbler Alley'),
(62, 'Noland', 'Huerta', 'nhuerta1p@amazon.com', 'Male', 'Chirurgie', '0104 Village Lane'),
(63, 'Lowell', 'Garvin', 'lgarvin1q@kickstarter.com', 'Male', 'Chirurgie', '9 Nelson Place'),
(64, 'Emmeline', 'Cappineer', 'ecappineer1r@tiny.cc', 'Female', 'Psychiatrie et psychologie', '6 Erie Court'),
(65, 'Birch', 'Smaridge', 'bsmaridge1s@stanford.edu', 'Male', 'Maladies infectieuses', '60695 Texas Road'),
(66, 'Krishna', 'Capper', 'kcapper1t@amazon.com', 'Male', 'Gériatrie', '6406 Gateway Crossing'),
(67, 'Fawnia', 'Ateggart', 'fateggart1u@discuz.net', 'Female', 'Maladies infectieuses', '21 Lotheville Circle'),
(68, 'Millisent', 'Futter', 'mfutter1v@sogou.com', 'Female', 'Pédiatrie', '1885 Sundown Lane'),
(69, 'Fax', 'Blaisdell', 'fblaisdell1w@canalblog.com', 'Male', 'Gériatrie', '14487 Buell Court'),
(70, 'Carolin', 'McArtan', 'cmcartan1x@tinypic.com', 'Female', 'Médecine générale', '16 3rd Way'),
(71, 'Jeniffer', 'von Grollmann', 'jvongrollmann1y@google.co.jp', 'Female', 'Otolaryngologie (ORL)', '54126 Summer Ridge Road'),
(72, 'Raina', 'Burkill', 'rburkill1z@hostgator.com', 'Female', 'Médecine générale', '7 Dakota Street'),
(73, 'Lowe', 'Beckerleg', 'lbeckerleg20@hubpages.com', 'Male', 'Gériatrie', '326 Granby Pass'),
(74, 'Lisette', 'Taggerty', 'ltaggerty21@usatoday.com', 'Female', 'Psychiatrie et psychologie', '1938 Schmedeman Lane'),
(75, 'Joana', 'MacKnockiter', 'jmacknockiter22@thetimes.co.uk', 'Female', 'Psychiatrie et psychologie', '91 East Plaza'),
(76, 'Elwira', 'Hardman', 'ehardman23@youtu.be', 'Female', 'Maladies infectieuses', '58304 Jackson Plaza'),
(77, 'Elladine', 'Le Strange', 'elestrange24@who.int', 'Female', 'Maladies infectieuses', '79 Sutteridge Crossing'),
(78, 'Dorena', 'Hulmes', 'dhulmes25@mail.ru', 'Female', 'Otolaryngologie (ORL)', '5308 Crowley Park'),
(79, 'Jessamyn', 'Thurber', 'jthurber26@usgs.gov', 'Female', 'Otolaryngologie (ORL)', '37827 Lakewood Circle'),
(80, 'Hervey', 'Issit', 'hissit27@cmu.edu', 'Male', 'Otolaryngologie (ORL)', '1559 Donald Circle'),
(81, 'Charlena', 'Tolhurst', 'ctolhurst28@parallels.com', 'Female', 'Pneumologie', '2 Hintze Parkway'),
(82, 'Avrit', 'MacCoughen', 'amaccoughen29@hatena.ne.jp', 'Bigender', 'Réanimation et soins intensifs', '6142 Lunder Hill'),
(83, 'Rubina', 'Inman', 'rinman2a@hud.gov', 'Female', 'Médecine d\'urgence', '38 Cardinal Junction'),
(84, 'Ado', 'Gabbidon', 'agabbidon2b@engadget.com', 'Male', 'Dermatologie', '109 Fairview Road'),
(85, 'Cullen', 'Whitaker', 'cwhitaker2c@newyorker.com', 'Male', 'Chirurgie', '2210 Continental Drive'),
(86, 'Helene', 'Albin', 'halbin2d@bloglovin.com', 'Female', 'Médecine d\'urgence', '46 Esker Alley'),
(87, 'Alanah', 'Carrell', 'acarrell2e@reverbnation.com', 'Female', 'Dermatologie', '9551 Emmet Parkway'),
(88, 'Rozella', 'Corbally', 'rcorbally2f@php.net', 'Female', 'Otolaryngologie (ORL)', '42 Oak Avenue'),
(89, 'Tanitansy', 'Aloshkin', 'taloshkin2g@ebay.com', 'Female', 'Cardiologie', '120 Talmadge Street'),
(90, 'Geoffry', 'Farens', 'gfarens2h@slate.com', 'Male', 'Maladies infectieuses', '54 Upham Terrace'),
(91, 'Luce', 'Yoselevitch', 'lyoselevitch2i@instagram.com', 'Male', 'Médecine interne', '6 Eastlawn Pass'),
(92, 'Hamel', 'Moubray', 'hmoubray2j@craigslist.org', 'Male', 'Pneumologie', '674 Parkside Street'),
(93, 'Jennee', 'Dunbar', 'jdunbar2k@spiegel.de', 'Female', 'Maladies infectieuses', '6954 Park Meadow Crossing'),
(94, 'Faunie', 'Baurerich', 'fbaurerich2l@indiatimes.com', 'Female', 'Chirurgie', '3 Tomscot Trail'),
(95, 'Garnette', 'Overill', 'goverill2m@rediff.com', 'Female', 'Pédiatrie', '970 Lotheville Court'),
(96, 'Ulises', 'Moden', 'umoden2n@redcross.org', 'Male', 'Maladies infectieuses', '8 Pawling Point'),
(97, 'Abbot', 'Askwith', 'aaskwith2o@cpanel.net', 'Male', 'Médecine d\'urgence', '6 Lighthouse Bay Way'),
(98, 'Brett', 'Bonnick', 'bbonnick2p@simplemachines.org', 'Female', 'Réanimation et soins intensifs', '58 Magdeline Lane'),
(99, 'Noll', 'Gate', 'ngate2q@csmonitor.com', 'Male', 'Médecine de réadaptation', '076 Stoughton Junction'),
(100, 'Ardella', 'Daunter', 'adaunter2r@phoca.cz', 'Female', 'Dermatologie', '22 David Alley'),
(101, 'Christopher', 'Hanaby', 'chanaby2s@flickr.com', 'Male', 'Gériatrie', '99763 Luster Hill'),
(102, 'Aurea', 'Whisker', 'awhisker2t@dailymail.co.uk', 'Female', 'Maladies infectieuses', '51582 Trailsway Terrace'),
(103, 'Becka', 'O\'Luby', 'boluby2u@newyorker.com', 'Female', 'Pneumologie', '214 Darwin Way'),
(104, 'Madel', 'Adderson', 'madderson2v@prweb.com', 'Female', 'Médecine générale', '417 Sunnyside Road'),
(105, 'Bill', 'Drowsfield', 'bdrowsfield2w@bizjournals.com', 'Female', 'Psychiatrie et psychologie', '131 Moulton Road'),
(106, 'Peyton', 'Ramas', 'pramas2x@buzzfeed.com', 'Male', 'Médecine d\'urgence', '959 Meadow Ridge Court'),
(107, 'Abbie', 'Street', 'astreet2y@hhs.gov', 'Male', 'Pédiatrie', '9558 Troy Plaza'),
(108, 'Herman', 'Trinder', 'htrinder2z@privacy.gov.au', 'Male', 'Médecine interne', '11778 Anhalt Avenue'),
(109, 'Violante', 'Rolph', 'vrolph30@va.gov', 'Female', 'Dermatologie', '82962 Ruskin Plaza'),
(110, 'Clarine', 'Rubie', 'crubie31@discovery.com', 'Female', 'Médecine générale', '5140 Dottie Court'),
(111, 'Damiano', 'Piechnik', 'dpiechnik32@ebay.co.uk', 'Male', 'Réanimation et soins intensifs', '12 Monica Court'),
(112, 'Cliff', 'Normaville', 'cnormaville33@youtu.be', 'Male', 'Maladies infectieuses', '19188 Russell Avenue'),
(113, 'Ina', 'David', 'idavid34@baidu.com', 'Female', 'Réanimation et soins intensifs', '44 Old Gate Place'),
(114, 'Llywellyn', 'Drinkall', 'ldrinkall35@about.me', 'Male', 'Pneumologie', '2162 Aberg Terrace'),
(115, 'Birgitta', 'Ormerod', 'bormerod36@weather.com', 'Female', 'Médecine générale', '4 Wayridge Circle'),
(116, 'Estrella', 'Milne', 'emilne37@themeforest.net', 'Female', 'Médecine du travail', '0956 3rd Court'),
(117, 'Prudy', 'Tarbin', 'ptarbin38@qq.com', 'Female', 'Pneumologie', '5 Hovde Road'),
(118, 'Agretha', 'Laurenceau', 'alaurenceau39@harvard.edu', 'Female', 'Maladies infectieuses', '0328 Rieder Plaza'),
(119, 'Cacilia', 'Basford', 'cbasford3a@microsoft.com', 'Female', 'Dermatologie', '045 Calypso Way'),
(120, 'Elvin', 'Landsberg', 'elandsberg3b@tripod.com', 'Male', 'Médecine générale', '28634 Straubel Alley'),
(121, 'Crissy', 'Lackmann', 'clackmann3c@mtv.com', 'Polygender', 'Médecine de réadaptation', '8 Graedel Terrace'),
(122, 'Hildy', 'Stannering', 'hstannering3d@go.com', 'Genderfluid', 'Maladies infectieuses', '54343 Bunker Hill Way'),
(123, 'Tamera', 'Fleming', 'tfleming3e@ocn.ne.jp', 'Female', 'Cardiologie', '837 Arkansas Plaza'),
(124, 'Jazmin', 'Perez', 'jperez3f@discuz.net', 'Female', 'Médecine interne', '89655 Sherman Alley'),
(125, 'Keven', 'Rosenstengel', 'krosenstengel3g@ask.com', 'Male', 'Psychiatrie et psychologie', '000 Butternut Circle'),
(126, 'Tripp', 'Newarte', 'tnewarte3h@cnet.com', 'Male', 'Réanimation et soins intensifs', '249 Tomscot Place'),
(127, 'Niel', 'Barnwill', 'nbarnwill3i@skyrock.com', 'Male', 'Médecine interne', '47972 Hollow Ridge Trail'),
(128, 'Ricard', 'Clegg', 'rclegg3j@comcast.net', 'Male', 'Cardiologie', '710 Johnson Road'),
(129, 'Garreth', 'Hanhart', 'ghanhart3k@deliciousdays.com', 'Male', 'Pédiatrie', '16195 Anhalt Alley'),
(130, 'Lillis', 'Foulser', 'lfoulser3l@hc360.com', 'Bigender', 'Réanimation et soins intensifs', '4382 Gateway Junction'),
(131, 'Kelly', 'Struys', 'kstruys3m@e-recht24.de', 'Bigender', 'Cardiologie', '6 Jenna Plaza'),
(132, 'Correna', 'Newbatt', 'cnewbatt3n@odnoklassniki.ru', 'Female', 'Médecine interne', '2 Sullivan Trail'),
(133, 'Kermy', 'Schoales', 'kschoales3o@parallels.com', 'Male', 'Psychiatrie et psychologie', '9 Trailsway Lane'),
(134, 'Trever', 'Rhubottom', 'trhubottom3p@webmd.com', 'Genderfluid', 'Gériatrie', '2 Larry Parkway'),
(135, 'Electra', 'Randal', 'erandal3q@biblegateway.com', 'Female', 'Pédiatrie', '3 Truax Park'),
(136, 'Vinita', 'Lawie', 'vlawie3r@nih.gov', 'Polygender', 'Psychiatrie et psychologie', '90490 Cottonwood Junction'),
(137, 'Reggis', 'Ralphs', 'rralphs3s@oakley.com', 'Male', 'Cardiologie', '5837 4th Crossing'),
(138, 'Hortensia', 'Tooke', 'htooke3t@cnbc.com', 'Female', 'Médecine interne', '18 Manitowish Way'),
(139, 'Jacenta', 'Mungane', 'jmungane3u@furl.net', 'Female', 'Médecine générale', '4595 Clove Plaza'),
(140, 'Roana', 'Band', 'rband3v@multiply.com', 'Female', 'Médecine de réadaptation', '66651 Boyd Center'),
(141, 'Harv', 'Coldbath', 'hcoldbath3w@people.com.cn', 'Male', 'Maladies infectieuses', '56 Fremont Place'),
(142, 'Odilia', 'Divis', 'odivis3x@elegantthemes.com', 'Female', 'Médecine d\'urgence', '0 Roth Road'),
(143, 'Jorgan', 'Huntley', 'jhuntley3y@sun.com', 'Genderqueer', 'Chirurgie', '74433 Sutteridge Junction'),
(144, 'Allan', 'Cheetam', 'acheetam3z@weebly.com', 'Male', 'Pédiatrie', '289 Nobel Way'),
(145, 'Dion', 'Blaver', 'dblaver40@youku.com', 'Male', 'Médecine générale', '0907 Florence Road'),
(146, 'Toby', 'Chastaing', 'tchastaing41@xrea.com', 'Female', 'Médecine de réadaptation', '34 Nevada Place'),
(147, 'Elbertine', 'Robjents', 'erobjents42@shareasale.com', 'Female', 'Gériatrie', '5083 Miller Plaza'),
(148, 'Debra', 'Mattheeuw', 'dmattheeuw43@gmpg.org', 'Female', 'Maladies infectieuses', '1 Annamark Center'),
(149, 'Blisse', 'Balsellie', 'bbalsellie44@reddit.com', 'Non-binary', 'Médecine de réadaptation', '523 Anthes Junction'),
(150, 'Cinderella', 'Tetla', 'ctetla45@123-reg.co.uk', 'Female', 'Chirurgie', '3062 Hallows Pass'),
(151, 'Doyle', 'Santhouse', 'dsanthouse46@pinterest.com', 'Male', 'Cardiologie', '13531 Golf Drive'),
(152, 'Layla', 'Power', 'lpower47@newsvine.com', 'Female', 'Pneumologie', '68009 High Crossing Pass'),
(153, 'Tadeo', 'Bithany', 'tbithany48@tumblr.com', 'Non-binary', 'Pneumologie', '4 Colorado Circle'),
(154, 'Giffer', 'Brotherton', 'gbrotherton49@weibo.com', 'Male', 'Cardiologie', '959 Steensland Park'),
(155, 'Coralie', 'Sancho', 'csancho4a@weebly.com', 'Female', 'Chirurgie', '11138 Mccormick Hill'),
(156, 'Thain', 'Iorio', 'tiorio4b@globo.com', 'Male', 'Gériatrie', '26423 Bayside Parkway'),
(157, 'Gwenora', 'Roberts', 'groberts4c@gmpg.org', 'Non-binary', 'Réanimation et soins intensifs', '4926 Anzinger Terrace'),
(158, 'Deena', 'Hardy', 'dhardy4d@google.com.hk', 'Female', 'Cardiologie', '203 Green Alley'),
(159, 'Valerye', 'Rove', 'vrove4e@dyndns.org', 'Female', 'Médecine du travail', '75 Mallory Pass'),
(160, 'Christyna', 'Bensley', 'cbensley4f@ask.com', 'Female', 'Pédiatrie', '4 Aberg Road'),
(161, 'Alyson', 'Paddeley', 'apaddeley4g@businessweek.com', 'Female', 'Réanimation et soins intensifs', '48 Corben Place'),
(162, 'Thacher', 'Golsworthy', 'tgolsworthy4h@harvard.edu', 'Male', 'Maladies infectieuses', '7018 Sauthoff Point'),
(163, 'Jacques', 'Dodshon', 'jdodshon4i@hp.com', 'Male', 'Médecine d\'urgence', '3275 Chinook Center'),
(164, 'Hermina', 'Alderman', 'halderman4j@deviantart.com', 'Female', 'Médecine d\'urgence', '378 Merry Plaza'),
(165, 'Iorgos', 'Blackhurst', 'iblackhurst4k@1und1.de', 'Male', 'Gériatrie', '421 Dayton Terrace'),
(166, 'Roddie', 'Hawke', 'rhawke4l@usa.gov', 'Male', 'Pédiatrie', '43 Hoffman Alley'),
(167, 'Catharine', 'Claybourn', 'cclaybourn4m@google.com.br', 'Female', 'Pneumologie', '3999 Monument Drive'),
(168, 'Stearn', 'Bullin', 'sbullin4n@harvard.edu', 'Male', 'Otolaryngologie (ORL)', '6999 Fallview Pass'),
(169, 'Artair', 'Draisey', 'adraisey4o@opera.com', 'Male', 'Médecine d\'urgence', '8 Packers Road'),
(170, 'Al', 'Briddock', 'abriddock4p@cisco.com', 'Male', 'Médecine interne', '1 Mitchell Road'),
(171, 'Berna', 'Samper', 'bsamper4q@epa.gov', 'Female', 'Pneumologie', '6 Porter Lane'),
(172, 'Nev', 'Flight', 'nflight4r@wordpress.com', 'Male', 'Médecine générale', '34742 Prairie Rose Hill'),
(173, 'Humfried', 'Arnold', 'harnold4s@home.pl', 'Male', 'Dermatologie', '88641 Dorton Hill'),
(174, 'Lacy', 'Regnard', 'lregnard4t@sciencedirect.com', 'Female', 'Maladies infectieuses', '80064 Shelley Alley'),
(175, 'Samuel', 'Meo', 'smeo4u@washingtonpost.com', 'Male', 'Pédiatrie', '9646 Sugar Point'),
(176, 'Culley', 'Ellacott', 'cellacott4v@geocities.com', 'Male', 'Pneumologie', '6 Mockingbird Point'),
(177, 'Ilyssa', 'Roughan', 'iroughan4w@yahoo.com', 'Female', 'Pédiatrie', '10 Hudson Drive'),
(178, 'Jeramie', 'Andrusov', 'jandrusov4x@canalblog.com', 'Male', 'Maladies infectieuses', '18963 Sugar Parkway'),
(179, 'Gabbie', 'Culp', 'gculp4y@jimdo.com', 'Male', 'Médecine générale', '403 Esker Way'),
(180, 'Rod', 'Jeves', 'rjeves4z@walmart.com', 'Male', 'Dermatologie', '04113 Pearson Way'),
(181, 'Steven', 'Yushin', 'syushin50@github.com', 'Male', 'Médecine interne', '908 Jenna Plaza'),
(182, 'Patrick', 'Dillet', 'pdillet51@google.com.hk', 'Male', 'Médecine du travail', '136 Drewry Court'),
(183, 'Fae', 'Danilov', 'fdanilov52@1688.com', 'Bigender', 'Médecine du travail', '5 Dryden Court'),
(184, 'Nikki', 'Wisson', 'nwisson53@gizmodo.com', 'Female', 'Réanimation et soins intensifs', '67597 Sycamore Alley'),
(185, 'Dniren', 'Kennealy', 'dkennealy54@is.gd', 'Female', 'Médecine de réadaptation', '29615 Ludington Court'),
(186, 'Constantia', 'Andreev', 'candreev55@cocolog-nifty.com', 'Female', 'Médecine interne', '1 Pepper Wood Pass'),
(187, 'Ave', 'Daid', 'adaid56@redcross.org', 'Male', 'Psychiatrie et psychologie', '511 Old Shore Terrace'),
(188, 'Foster', 'Pietroni', 'fpietroni57@nhs.uk', 'Male', 'Médecine générale', '00 Mallory Park'),
(189, 'Olenolin', 'Helkin', 'ohelkin58@barnesandnoble.com', 'Male', 'Médecine du travail', '29643 Granby Terrace'),
(190, 'Inigo', 'Massard', 'imassard59@symantec.com', 'Male', 'Médecine interne', '3 Judy Trail'),
(191, 'Junette', 'Elverstone', 'jelverstone5a@senate.gov', 'Polygender', 'Psychiatrie et psychologie', '24 Fairview Trail'),
(192, 'Celina', 'Shotter', 'cshotter5b@constantcontact.com', 'Female', 'Chirurgie', '9895 Elka Court'),
(193, 'Cirillo', 'Szymanek', 'cszymanek5c@alibaba.com', 'Male', 'Médecine d\'urgence', '3 Cherokee Place'),
(194, 'Cymbre', 'Shropsheir', 'cshropsheir5d@sphinn.com', 'Female', 'Gériatrie', '6227 Walton Lane'),
(195, 'Dotti', 'Oates', 'doates5e@japanpost.jp', 'Female', 'Dermatologie', '3440 Ridgeway Park'),
(196, 'Adi', 'Hefford', 'ahefford5f@uiuc.edu', 'Female', 'Psychiatrie et psychologie', '28 Bonner Way'),
(197, 'Homer', 'Brockest', 'hbrockest5g@blogger.com', 'Male', 'Dermatologie', '66264 Sunbrook Way'),
(198, 'Alfreda', 'Girault', 'agirault5h@technorati.com', 'Female', 'Réanimation et soins intensifs', '2512 Grover Pass'),
(199, 'Dene', 'Ferrario', 'dferrario5i@microsoft.com', 'Male', 'Gériatrie', '00026 Hanover Drive'),
(200, 'Celestyna', 'Folder', 'cfolder5j@msn.com', 'Female', 'Chirurgie', '6 Fuller Crossing');

-- --------------------------------------------------------

--
-- Table structure for table `test`
--

CREATE TABLE `test` (
  `id_Test` int(11) NOT NULL,
  `type_Test` varchar(23) DEFAULT NULL
) ENGINE=InnoDB DEFAULT CHARSET=utf8;

--
-- Dumping data for table `test`
--

INSERT INTO `test` (`id_Test`, `type_Test`) VALUES
(1, 'Test Sérologique'),
(2, 'Test TMA'),
(3, 'Test Sérologique'),
(4, 'Test RT-LAMP'),
(5, 'Test LAMP'),
(6, 'Test de Fluorescence'),
(7, 'Test PCR'),
(8, 'Test de Salive');

-- --------------------------------------------------------

--
-- Table structure for table `vaccins`
--

CREATE TABLE `vaccins` (
  `id_vaccin` int(11) DEFAULT NULL,
  `type_vaccin` varchar(21) DEFAULT NULL,
  `nom_vaccin` varchar(36) DEFAULT NULL,
  `id_Centre_Hospitalier` int(11) DEFAULT NULL
) ENGINE=InnoDB DEFAULT CHARSET=utf8;

--
-- Dumping data for table `vaccins`
--

INSERT INTO `vaccins` (`id_vaccin`, `type_vaccin`, `nom_vaccin`, `id_Centre_Hospitalier`) VALUES
(1, 'ARNm', 'Pfizer-BioNTech (Comirnaty)', 43),
(2, 'vecteur viral', 'AstraZeneca (Vaxzevria)', 67),
(3, 'protéine recombinante', 'Sanofi-GSK (encore en développement)', 87),
(4, 'virus inactivé', 'Bharat Biotech (Covaxin)', 21),
(5, 'protéine recombinante', 'Novavax (Nuvaxovid)', 65),
(6, 'virus inactivé', 'Sinopharm (BBIBP-CorV)', 25),
(7, 'virus inactivé', 'Sinovac (CoronaVac)', 41),
(8, 'vecteur viral', 'Johnson & Johnson (Janssen)', 31),
(9, 'vecteur viral', 'Sputnik V (Gamaleya)', 41),
(10, 'ARNm', 'Moderna (Spikevax)', 39),
(11, 'ADN', 'Bharat Biotech (Covaxin)', 13);

-- --------------------------------------------------------

--
-- Table structure for table `zone`
--

CREATE TABLE `zone` (
  `id_Zone` int(11) NOT NULL,
  `nom_Pays` varchar(7) DEFAULT NULL,
  `Region` varchar(11) DEFAULT NULL,
  `Departement` varchar(18) DEFAULT NULL,
  `Commune` varchar(26) DEFAULT NULL
) ENGINE=InnoDB DEFAULT CHARSET=utf8;

--
-- Dumping data for table `zone`
--

INSERT INTO `zone` (`id_Zone`, `nom_Pays`, `Region`, `Departement`, `Commune`) VALUES
(1, 'Senegal', 'Saint-Louis', 'Kanel', 'Guinaw Rails'),
(2, 'Senegal', 'Kaffrine', 'Louga', 'Fann-Point E-Amitié'),
(3, 'Senegal', 'Kolda', 'Podor', 'Médina'),
(4, 'Senegal', 'Fatick', 'Bambey', 'Grand Thiès'),
(5, 'Senegal', 'Ziguinchor', 'Goudomp', 'Fass-Gueule Tapée-Colobane'),
(6, 'Senegal', 'Matam', 'Birkelane', 'Grand Thiès'),
(7, 'Senegal', 'Thiès', 'Oussouye', 'Rufisque Ouest'),
(8, 'Senegal', 'Kolda', 'Kanel', 'Fann-Point E-Amitié'),
(9, 'Senegal', 'Tambacounda', 'Rufisque', 'Mbour 4'),
(10, 'Senegal', 'Dakar', 'Bignona', 'Ndiassane'),
(11, 'Senegal', 'Kaffrine', 'Kébémer', 'Guinaw Rails'),
(12, 'Senegal', 'Fatick', 'Bignona', 'Plateau'),
(13, 'Senegal', 'Ziguinchor', 'Oussouye', 'Grand Thiès'),
(14, 'Senegal', 'Louga', 'Rufisque', 'Saly'),
(15, 'Senegal', 'Saint-Louis', 'Thiès', 'Plateau'),
(16, 'Senegal', 'Saint-Louis', 'Dakar', 'Takhikao'),
(17, 'Senegal', 'Sédhiou', 'Ziguinchor', 'Grand Dakar'),
(18, 'Senegal', 'Sédhiou', 'Mbacké', 'Plateau'),
(19, 'Senegal', 'Diourbel', 'Tivaouane', 'Takhikao'),
(20, 'Senegal', 'Kédougou', 'Mbacké', 'Fass-Gueule Tapée-Colobane'),
(21, 'Senegal', 'Kédougou', 'Kaolack', 'Rufisque Ouest'),
(22, 'Senegal', 'Kaolack', 'Gossas', 'Rufisque Est'),
(23, 'Senegal', 'Kédougou', 'Matam', 'Rufisque Ouest'),
(24, 'Senegal', 'Kaolack', 'Salémata', 'Rufisque Nord'),
(25, 'Senegal', 'Ziguinchor', 'Birkelane', 'Malicounda'),
(26, 'Senegal', 'Sédhiou', 'Gossas', 'Rufisque Ouest'),
(27, 'Senegal', 'Louga', 'Ziguinchor', 'Sam Notaire'),
(28, 'Senegal', 'Sédhiou', 'Mbour', 'Sam Notaire'),
(29, 'Senegal', 'Dakar', 'Mbour', 'Saly'),
(30, 'Senegal', 'Kaolack', 'Kolda', 'Sam Notaire'),
(31, 'Senegal', 'Dakar', 'Guinguinéo', 'Saly'),
(32, 'Senegal', 'Diourbel', 'Kaffrine', 'Médina'),
(33, 'Senegal', 'Tambacounda', 'Gossas', 'Fass-Gueule Tapée-Colobane'),
(34, 'Senegal', 'Kaolack', 'Kébémer', 'Ngaparou'),
(35, 'Senegal', 'Dakar', 'Bakel', 'Rufisque Nord'),
(36, 'Senegal', 'Tambacounda', 'Linguère', 'Grand Dakar'),
(37, 'Senegal', 'Diourbel', 'Ranérou-Ferlo', 'Grand Thiès'),
(38, 'Senegal', 'Saint-Louis', 'Goudomp', 'Rufisque Est'),
(39, 'Senegal', 'Fatick', 'Kaffrine', 'Ndiassane'),
(40, 'Senegal', 'Kédougou', 'Foundiougne', 'Ndiassane'),
(41, 'Senegal', 'Kaffrine', 'Louga', 'Grand Thiès'),
(42, 'Senegal', 'Saint-Louis', 'Sédhiou', 'Fann-Point E-Amitié'),
(43, 'Senegal', 'Kaolack', 'Kébémer', 'Grand Dakar'),
(44, 'Senegal', 'Sédhiou', 'Kolda', 'Ngaparou'),
(45, 'Senegal', 'Thiès', 'Ziguinchor', 'Mbour 4'),
(46, 'Senegal', 'Fatick', 'Guédiawaye', 'Plateau'),
(47, 'Senegal', 'Kaffrine', 'Fatick', 'Rufisque Nord'),
(48, 'Senegal', 'Thiès', 'Tambacounda', 'Golf Sud'),
(49, 'Senegal', 'Dakar', 'Fatick', 'Fass-Gueule Tapée-Colobane'),
(50, 'Senegal', 'Kédougou', 'Dakar', 'Guinaw Rails'),
(51, 'Senegal', 'Louga', 'Guédiawaye', 'Grand Dakar'),
(52, 'Senegal', 'Kolda', 'Gossas', 'Pire Gourèye'),
(53, 'Senegal', 'Thiès', 'Tivaouane', 'Plateau'),
(54, 'Senegal', 'Tambacounda', 'Kébémer', 'Ndiassane'),
(55, 'Senegal', 'Dakar', 'Guinguinéo', 'Ndiassane'),
(56, 'Senegal', 'Saint-Louis', 'Ranérou-Ferlo', 'Saly'),
(57, 'Senegal', 'Saint-Louis', 'Louga', 'Ndiassane'),
(58, 'Senegal', 'Sédhiou', 'Dakar', 'Keur Massar'),
(59, 'Senegal', 'Kaffrine', 'Matam', 'Ndiassane'),
(60, 'Senegal', 'Kolda', 'Bignona', 'Rufisque Ouest'),
(61, 'Senegal', 'Sédhiou', 'Bakel', 'Keur Massar'),
(62, 'Senegal', 'Kolda', 'Kébémer', 'Thiaroye'),
(63, 'Senegal', 'Louga', 'Vélingara', 'Médina'),
(64, 'Senegal', 'Sédhiou', 'Ranérou-Ferlo', 'Rufisque Nord'),
(65, 'Senegal', 'Diourbel', 'Thiès', 'Yeumbeul'),
(66, 'Senegal', 'Thiès', 'Ranérou-Ferlo', 'Ngaparou'),
(67, 'Senegal', 'Kaffrine', 'Linguère', 'Keur Massar'),
(68, 'Senegal', 'Matam', 'Bounkiling', 'Golf Sud'),
(69, 'Senegal', 'Kaffrine', 'Kébémer', 'Ngaparou'),
(70, 'Senegal', 'Thiès', 'Pikine', 'Saly'),
(71, 'Senegal', 'Fatick', 'Oussouye', 'Yeumbeul'),
(72, 'Senegal', 'Kaffrine', 'Bakel', 'Mékhé'),
(73, 'Senegal', 'Saint-Louis', 'Rufisque', 'Médina'),
(74, 'Senegal', 'Kaolack', 'Koumpentoum', 'Médina'),
(75, 'Senegal', 'Diourbel', 'Louga', 'Yeumbeul'),
(76, 'Senegal', 'Matam', 'Sédhiou', 'Yeumbeul'),
(77, 'Senegal', 'Matam', 'Oussouye', 'Thiaroye'),
(78, 'Senegal', 'Saint-Louis', 'Gossas', 'Thiaroye'),
(79, 'Senegal', 'Fatick', 'Fatick', 'Malicounda'),
(80, 'Senegal', 'Diourbel', 'Tivaouane', 'Fass-Gueule Tapée-Colobane'),
(81, 'Senegal', 'Dakar', 'Kolda', 'Golf Sud'),
(82, 'Senegal', 'Kaffrine', 'Kaolack', 'Golf Sud'),
(83, 'Senegal', 'Kaffrine', 'Vélingara', 'Saly'),
(84, 'Senegal', 'Thiès', 'Kanel', 'Malicounda'),
(85, 'Senegal', 'Dakar', 'Salémata', 'Yeumbeul'),
(86, 'Senegal', 'Matam', 'Linguère', 'Grand Dakar'),
(87, 'Senegal', 'Saint-Louis', 'Saint-Louis', 'Rufisque Nord'),
(88, 'Senegal', 'Diourbel', 'Kaffrine', 'Ngaparou'),
(89, 'Senegal', 'Kaffrine', 'Gossas', 'Thiaroye'),
(90, 'Senegal', 'Fatick', 'Linguère', 'Médina'),
(91, 'Senegal', 'Kaffrine', 'Kébémer', 'Pire Gourèye'),
(92, 'Senegal', 'Kédougou', 'Foundiougne', 'Ndiassane'),
(93, 'Senegal', 'Kaffrine', 'Kaffrine', 'Keur Massar'),
(94, 'Senegal', 'Kédougou', 'Salémata', 'Mékhé'),
(95, 'Senegal', 'Kédougou', 'Bounkiling', 'Grand Thiès'),
(96, 'Senegal', 'Kaffrine', 'Oussouye', 'Takhikao'),
(97, 'Senegal', 'Kaffrine', 'Bignona', 'Rufisque Ouest'),
(98, 'Senegal', 'Saint-Louis', 'Salémata', 'Mbour 4'),
(99, 'Senegal', 'Kaffrine', 'Bakel', 'Grand Thiès'),
(100, 'Senegal', 'Tambacounda', 'Goudiry', 'Grand Dakar'),
(101, 'Senegal', 'Kédougou', 'Kaffrine', 'Fann-Point E-Amitié'),
(102, 'Senegal', 'Sédhiou', 'Bignona', 'Rufisque Nord'),
(103, 'Senegal', 'Tambacounda', 'Kaffrine', 'Golf Sud'),
(104, 'Senegal', 'Saint-Louis', 'Bakel', 'Pire Gourèye'),
(105, 'Senegal', 'Louga', 'Ranérou-Ferlo', 'Pire Gourèye'),
(106, 'Senegal', 'Matam', 'Saraya', 'Ndiarème Limamoulaye'),
(107, 'Senegal', 'Louga', 'Louga', 'Plateau'),
(108, 'Senegal', 'Fatick', 'Koungheul', 'Keur Massar'),
(109, 'Senegal', 'Kolda', 'Kédougou', 'Guinaw Rails'),
(110, 'Senegal', 'Tambacounda', 'Koungheul', 'Golf Sud'),
(111, 'Senegal', 'Matam', 'Pikine', 'Golf Sud'),
(112, 'Senegal', 'Kolda', 'Birkelane', 'Grand Thiès'),
(113, 'Senegal', 'Diourbel', 'Nioro du Rip', 'Malicounda'),
(114, 'Senegal', 'Kédougou', 'Dakar', 'Golf Sud'),
(115, 'Senegal', 'Kolda', 'Mbacké', 'Takhikao'),
(116, 'Senegal', 'Kaffrine', 'Bignona', 'Ngaparou'),
(117, 'Senegal', 'Sédhiou', 'Goudomp', 'Sam Notaire'),
(118, 'Senegal', 'Ziguinchor', 'Guédiawaye', 'Rufisque Nord'),
(119, 'Senegal', 'Louga', 'Matam', 'Takhikao'),
(120, 'Senegal', 'Thiès', 'Dagana', 'Pire Gourèye'),
(121, 'Senegal', 'Matam', 'Nioro du Rip', 'Rufisque Ouest'),
(122, 'Senegal', 'Matam', 'Vélingara', 'Rufisque Ouest'),
(123, 'Senegal', 'Fatick', 'Birkelane', 'Mbour 4'),
(124, 'Senegal', 'Kaffrine', 'Kaolack', 'Ndiarème Limamoulaye'),
(125, 'Senegal', 'Kédougou', 'Saint-Louis', 'Grand Thiès'),
(126, 'Senegal', 'Saint-Louis', 'Dagana', 'Ndiassane'),
(127, 'Senegal', 'Fatick', 'Foundiougne', 'Rufisque Nord'),
(128, 'Senegal', 'Thiès', 'Ranérou-Ferlo', 'Ngaparou'),
(129, 'Senegal', 'Kédougou', 'Dagana', 'Grand Thiès'),
(130, 'Senegal', 'Louga', 'Sédhiou', 'Plateau'),
(131, 'Senegal', 'Kolda', 'Gossas', 'Golf Sud'),
(132, 'Senegal', 'Matam', 'Fatick', 'Grand Thiès'),
(133, 'Senegal', 'Kaffrine', 'Bignona', 'Thiaroye'),
(134, 'Senegal', 'Saint-Louis', 'Diourbel', 'Rufisque Est'),
(135, 'Senegal', 'Kaolack', 'Thiès', 'Mbour 4'),
(136, 'Senegal', 'Saint-Louis', 'Salémata', 'Grand Dakar'),
(137, 'Senegal', 'Fatick', 'Saraya', 'Grand Thiès'),
(138, 'Senegal', 'Diourbel', 'Rufisque', 'Fass-Gueule Tapée-Colobane'),
(139, 'Senegal', 'Ziguinchor', 'Gossas', 'Pire Gourèye'),
(140, 'Senegal', 'Fatick', 'Oussouye', 'Sam Notaire'),
(141, 'Senegal', 'Ziguinchor', 'Dakar', 'Ndiassane'),
(142, 'Senegal', 'Fatick', 'Podor', 'Pire Gourèye'),
(143, 'Senegal', 'Ziguinchor', 'Guinguinéo', 'Rufisque Ouest'),
(144, 'Senegal', 'Dakar', 'Birkelane', 'Fann-Point E-Amitié'),
(145, 'Senegal', 'Ziguinchor', 'Pikine', 'Ndiassane'),
(146, 'Senegal', 'Kaffrine', 'Kanel', 'Ngaparou'),
(147, 'Senegal', 'Tambacounda', 'Bignona', 'Fass-Gueule Tapée-Colobane'),
(148, 'Senegal', 'Kédougou', 'Gossas', 'Plateau'),
(149, 'Senegal', 'Saint-Louis', 'Rufisque', 'Ndiarème Limamoulaye'),
(150, 'Senegal', 'Kédougou', 'Nioro du Rip', 'Rufisque Est'),
(151, 'Senegal', 'Kédougou', 'Ziguinchor', 'Saly'),
(152, 'Senegal', 'Thiès', 'Bounkiling', 'Plateau'),
(153, 'Senegal', 'Thiès', 'Goudiry', 'Fann-Point E-Amitié'),
(154, 'Senegal', 'Thiès', 'Foundiougne', 'Rufisque Est'),
(155, 'Senegal', 'Thiès', 'Gossas', 'Saly'),
(156, 'Senegal', 'Tambacounda', 'Oussouye', 'Ndiarème Limamoulaye'),
(157, 'Senegal', 'Kolda', 'Fatick', 'Grand Dakar'),
(158, 'Senegal', 'Kaffrine', 'Koungheul', 'Grand Thiès'),
(159, 'Senegal', 'Tambacounda', 'Vélingara', 'Guinaw Rails'),
(160, 'Senegal', 'Thiès', 'Bambey', 'Fass-Gueule Tapée-Colobane'),
(161, 'Senegal', 'Sédhiou', 'Koumpentoum', 'Ndiarème Limamoulaye'),
(162, 'Senegal', 'Saint-Louis', 'Salémata', 'Mbour 4'),
(163, 'Senegal', 'Kaffrine', 'Gossas', 'Grand Dakar'),
(164, 'Senegal', 'Kaffrine', 'Ziguinchor', 'Sam Notaire'),
(165, 'Senegal', 'Thiès', 'Louga', 'Grand Dakar'),
(166, 'Senegal', 'Kaolack', 'Goudomp', 'Grand Dakar'),
(167, 'Senegal', 'Thiès', 'Vélingara', 'Mbour 4'),
(168, 'Senegal', 'Kaolack', 'Matam', 'Plateau'),
(169, 'Senegal', 'Louga', 'Koungheul', 'Sam Notaire'),
(170, 'Senegal', 'Kolda', 'Salémata', 'Mékhé'),
(171, 'Senegal', 'Saint-Louis', 'Fatick', 'Sam Notaire'),
(172, 'Senegal', 'Kaolack', 'Linguère', 'Keur Massar'),
(173, 'Senegal', 'Thiès', 'Kaolack', 'Rufisque Est'),
(174, 'Senegal', 'Thiès', 'Kolda', 'Fann-Point E-Amitié'),
(175, 'Senegal', 'Ziguinchor', 'Kébémer', 'Pire Gourèye'),
(176, 'Senegal', 'Kaffrine', 'Kaffrine', 'Fass-Gueule Tapée-Colobane'),
(177, 'Senegal', 'Sédhiou', 'Foundiougne', 'Grand Thiès'),
(178, 'Senegal', 'Fatick', 'Goudiry', 'Rufisque Est'),
(179, 'Senegal', 'Louga', 'Ziguinchor', 'Mbour 4'),
(180, 'Senegal', 'Diourbel', 'Bakel', 'Plateau'),
(181, 'Senegal', 'Kédougou', 'Bignona', 'Ndiarème Limamoulaye'),
(182, 'Senegal', 'Thiès', 'Koungheul', 'Rufisque Nord'),
(183, 'Senegal', 'Dakar', 'Sédhiou', 'Thiaroye'),
(184, 'Senegal', 'Tambacounda', 'Saint-Louis', 'Sam Notaire'),
(185, 'Senegal', 'Diourbel', 'Kaolack', 'Mékhé'),
(186, 'Senegal', 'Dakar', 'Oussouye', 'Rufisque Ouest'),
(187, 'Senegal', 'Ziguinchor', 'Oussouye', 'Saly'),
(188, 'Senegal', 'Thiès', 'Dakar', 'Rufisque Ouest'),
(189, 'Senegal', 'Kolda', 'Dakar', 'Malicounda'),
(190, 'Senegal', 'Tambacounda', 'Bignona', 'Fass-Gueule Tapée-Colobane'),
(191, 'Senegal', 'Ziguinchor', 'Louga', 'Thiaroye'),
(192, 'Senegal', 'Louga', 'Kébémer', 'Mbour 4'),
(193, 'Senegal', 'Louga', 'Kolda', 'Saly'),
(194, 'Senegal', 'Louga', 'Gossas', 'Fann-Point E-Amitié'),
(195, 'Senegal', 'Thiès', 'Goudomp', 'Takhikao'),
(196, 'Senegal', 'Dakar', 'Linguère', 'Mékhé'),
(197, 'Senegal', 'Sédhiou', 'Kaolack', 'Ndiarème Limamoulaye'),
(198, 'Senegal', 'Dakar', 'Tambacounda', 'Rufisque Est'),
(199, 'Senegal', 'Louga', 'Goudomp', 'Pire Gourèye'),
(200, 'Senegal', 'Kaffrine', 'Linguère', 'Thiaroye'),
(201, 'Senegal', 'Fatick', 'Bounkiling', 'Thiaroye'),
(202, 'Senegal', 'Saint-Louis', 'Goudomp', 'Grand Dakar'),
(203, 'Senegal', 'Louga', 'Guédiawaye', 'Sam Notaire'),
(204, 'Senegal', 'Kédougou', 'Kaolack', 'Sam Notaire'),
(205, 'Senegal', 'Thiès', 'Saint-Louis', 'Fass-Gueule Tapée-Colobane'),
(206, 'Senegal', 'Matam', 'Guinguinéo', 'Mékhé'),
(207, 'Senegal', 'Thiès', 'Saraya', 'Ngaparou'),
(208, 'Senegal', 'Sédhiou', 'Ziguinchor', 'Médina'),
(209, 'Senegal', 'Louga', 'Diourbel', 'Yeumbeul'),
(210, 'Senegal', 'Louga', 'Guinguinéo', 'Ndiassane'),
(211, 'Senegal', 'Thiès', 'Kanel', 'Plateau'),
(212, 'Senegal', 'Ziguinchor', 'Rufisque', 'Ngaparou'),
(213, 'Senegal', 'Kaolack', 'Goudomp', 'Thiaroye'),
(214, 'Senegal', 'Louga', 'Rufisque', 'Grand Dakar'),
(215, 'Senegal', 'Tambacounda', 'Bambey', 'Pire Gourèye'),
(216, 'Senegal', 'Thiès', 'Tivaouane', 'Keur Massar'),
(217, 'Senegal', 'Sédhiou', 'Mbacké', 'Fann-Point E-Amitié'),
(218, 'Senegal', 'Dakar', 'Thiès', 'Plateau'),
(219, 'Senegal', 'Fatick', 'Kolda', 'Fann-Point E-Amitié'),
(220, 'Senegal', 'Thiès', 'Mbacké', 'Fass-Gueule Tapée-Colobane'),
(221, 'Senegal', 'Kolda', 'Nioro du Rip', 'Rufisque Est'),
(222, 'Senegal', 'Diourbel', 'Ranérou-Ferlo', 'Mbour 4'),
(223, 'Senegal', 'Kaolack', 'Thiès', 'Yeumbeul'),
(224, 'Senegal', 'Kédougou', 'Fatick', 'Rufisque Est'),
(225, 'Senegal', 'Kaolack', 'Bounkiling', 'Saly'),
(226, 'Senegal', 'Sédhiou', 'Vélingara', 'Ngaparou'),
(227, 'Senegal', 'Kédougou', 'Ziguinchor', 'Ngaparou'),
(228, 'Senegal', 'Thiès', 'Guédiawaye', 'Ndiassane'),
(229, 'Senegal', 'Kolda', 'Louga', 'Rufisque Nord'),
(230, 'Senegal', 'Tambacounda', 'Gossas', 'Mékhé'),
(231, 'Senegal', 'Matam', 'Nioro du Rip', 'Plateau'),
(232, 'Senegal', 'Kaffrine', 'Saint-Louis', 'Sam Notaire'),
(233, 'Senegal', 'Ziguinchor', 'Podor', 'Ndiassane'),
(234, 'Senegal', 'Kédougou', 'Kanel', 'Plateau'),
(235, 'Senegal', 'Kolda', 'Saint-Louis', 'Ndiassane'),
(236, 'Senegal', 'Kolda', 'Koungheul', 'Ngaparou'),
(237, 'Senegal', 'Fatick', 'Podor', 'Mékhé'),
(238, 'Senegal', 'Tambacounda', 'Tivaouane', 'Rufisque Ouest'),
(239, 'Senegal', 'Ziguinchor', 'Saint-Louis', 'Grand Thiès'),
(240, 'Senegal', 'Diourbel', 'Kaolack', 'Mékhé'),
(241, 'Senegal', 'Kédougou', 'Tambacounda', 'Mékhé'),
(242, 'Senegal', 'Kaolack', 'Fatick', 'Ngaparou'),
(243, 'Senegal', 'Thiès', 'Ziguinchor', 'Takhikao'),
(244, 'Senegal', 'Tambacounda', 'Bambey', 'Ngaparou'),
(245, 'Senegal', 'Tambacounda', 'Bounkiling', 'Yeumbeul'),
(246, 'Senegal', 'Kédougou', 'Linguère', 'Pire Gourèye'),
(247, 'Senegal', 'Matam', 'Goudiry', 'Ndiassane'),
(248, 'Senegal', 'Sédhiou', 'Malem Hodar', 'Rufisque Est'),
(249, 'Senegal', 'Sédhiou', 'Bignona', 'Takhikao'),
(250, 'Senegal', 'Diourbel', 'Guédiawaye', 'Fann-Point E-Amitié'),
(251, 'Senegal', 'Saint-Louis', 'Kanel', 'Thiaroye'),
(252, 'Senegal', 'Diourbel', 'Tambacounda', 'Malicounda'),
(253, 'Senegal', 'Kaolack', 'Salémata', 'Saly'),
(254, 'Senegal', 'Thiès', 'Bounkiling', 'Plateau'),
(255, 'Senegal', 'Kédougou', 'Podor', 'Saly'),
(256, 'Senegal', 'Matam', 'Pikine', 'Mékhé'),
(257, 'Senegal', 'Dakar', 'Bounkiling', 'Ndiassane'),
(258, 'Senegal', 'Sédhiou', 'Bambey', 'Takhikao'),
(259, 'Senegal', 'Louga', 'Linguère', 'Yeumbeul'),
(260, 'Senegal', 'Kolda', 'Bambey', 'Takhikao'),
(261, 'Senegal', 'Kaffrine', 'Ziguinchor', 'Fass-Gueule Tapée-Colobane'),
(262, 'Senegal', 'Tambacounda', 'Dakar', 'Rufisque Est'),
(263, 'Senegal', 'Saint-Louis', 'Mbacké', 'Mbour 4'),
(264, 'Senegal', 'Fatick', 'Thiès', 'Rufisque Est'),
(265, 'Senegal', 'Kaffrine', 'Foundiougne', 'Ndiarème Limamoulaye'),
(266, 'Senegal', 'Matam', 'Bignona', 'Takhikao'),
(267, 'Senegal', 'Matam', 'Oussouye', 'Pire Gourèye'),
(268, 'Senegal', 'Tambacounda', 'Fatick', 'Yeumbeul'),
(269, 'Senegal', 'Diourbel', 'Malem Hodar', 'Yeumbeul'),
(270, 'Senegal', 'Fatick', 'Saint-Louis', 'Saly'),
(271, 'Senegal', 'Saint-Louis', 'Kaffrine', 'Grand Dakar'),
(272, 'Senegal', 'Tambacounda', 'Dakar', 'Plateau'),
(273, 'Senegal', 'Louga', 'Médina Yoro Foulah', 'Saly'),
(274, 'Senegal', 'Kaolack', 'Fatick', 'Rufisque Ouest'),
(275, 'Senegal', 'Tambacounda', 'Birkelane', 'Thiaroye'),
(276, 'Senegal', 'Sédhiou', 'Matam', 'Saly'),
(277, 'Senegal', 'Sédhiou', 'Louga', 'Grand Dakar'),
(278, 'Senegal', 'Kolda', 'Guinguinéo', 'Yeumbeul'),
(279, 'Senegal', 'Sédhiou', 'Bignona', 'Rufisque Est'),
(280, 'Senegal', 'Tambacounda', 'Bambey', 'Malicounda'),
(281, 'Senegal', 'Dakar', 'Guinguinéo', 'Pire Gourèye'),
(282, 'Senegal', 'Kaffrine', 'Médina Yoro Foulah', 'Fann-Point E-Amitié'),
(283, 'Senegal', 'Fatick', 'Mbacké', 'Ndiassane'),
(284, 'Senegal', 'Kolda', 'Kaffrine', 'Grand Thiès'),
(285, 'Senegal', 'Kaffrine', 'Bambey', 'Rufisque Est'),
(286, 'Senegal', 'Diourbel', 'Pikine', 'Ndiassane'),
(287, 'Senegal', 'Louga', 'Bambey', 'Ndiarème Limamoulaye'),
(288, 'Senegal', 'Diourbel', 'Dakar', 'Takhikao'),
(289, 'Senegal', 'Tambacounda', 'Guinguinéo', 'Médina'),
(290, 'Senegal', 'Sédhiou', 'Guédiawaye', 'Ndiarème Limamoulaye'),
(291, 'Senegal', 'Saint-Louis', 'Guédiawaye', 'Saly'),
(292, 'Senegal', 'Matam', 'Bakel', 'Grand Thiès'),
(293, 'Senegal', 'Matam', 'Goudiry', 'Sam Notaire'),
(294, 'Senegal', 'Kaolack', 'Linguère', 'Fass-Gueule Tapée-Colobane'),
(295, 'Senegal', 'Kédougou', 'Ranérou-Ferlo', 'Fann-Point E-Amitié'),
(296, 'Senegal', 'Kaolack', 'Kédougou', 'Sam Notaire'),
(297, 'Senegal', 'Saint-Louis', 'Saraya', 'Sam Notaire'),
(298, 'Senegal', 'Sédhiou', 'Tivaouane', 'Rufisque Ouest'),
(299, 'Senegal', 'Ziguinchor', 'Koumpentoum', 'Médina'),
(300, 'Senegal', 'Thiès', 'Podor', 'Guinaw Rails');

--
-- Indexes for dumped tables
--

--
-- Indexes for table `centre_hospitalier_final`
--
ALTER TABLE `centre_hospitalier_final`
  ADD PRIMARY KEY (`id_Centre_hospitalier`);

--
-- Indexes for table `consultation_patient`
--
ALTER TABLE `consultation_patient`
  ADD PRIMARY KEY (`id_Consultation_Patient`);

--
-- Indexes for table `materiel_hospitalier`
--
ALTER TABLE `materiel_hospitalier`
  ADD PRIMARY KEY (`id_Materiel`);

--
-- Indexes for table `patient`
--
ALTER TABLE `patient`
  ADD PRIMARY KEY (`id`);

--
-- Indexes for table `personnel_medical`
--
ALTER TABLE `personnel_medical`
  ADD PRIMARY KEY (`id_Personnel`);

--
-- Indexes for table `test`
--
ALTER TABLE `test`
  ADD PRIMARY KEY (`id_Test`);

--
-- Indexes for table `zone`
--
ALTER TABLE `zone`
  ADD PRIMARY KEY (`id_Zone`);
COMMIT;

/*!40101 SET CHARACTER_SET_CLIENT=@OLD_CHARACTER_SET_CLIENT */;
/*!40101 SET CHARACTER_SET_RESULTS=@OLD_CHARACTER_SET_RESULTS */;
/*!40101 SET COLLATION_CONNECTION=@OLD_COLLATION_CONNECTION */;
